Asset_1,Asset_2,Asset_3,Asset_4,Asset_5,Asset_6
,,,,,
,,,,,
,,,,,
,,,,,
,,,,,
,,,,,
,,,,,
,,,,,
,,,,,
,,,,,
,,,,,
,,,,,
,,,,,
,,,,,
,,,,,
,,,,,
,,,,,
,,,,,
,,,,,
0.019211313244165463,0.011628187499984911,0.012045272102116264,0.015073395747870694,0.01368607061592222,0.01361144732582427
0.018275416648193987,0.013200785980895444,0.01403318544466845,0.015312761747280135,0.014432367529725062,0.01592809828931817
0.019731029547749843,0.014308881401578079,0.014347283990264893,0.015556518760134285,0.014608984513549327,0.01816831346227591
0.019723521767029975,0.013799073689178543,0.014275500518095707,0.014097708463714788,0.014350869780598179,0.018518168832408834
0.019796859838098098,0.015138463853441878,0.013596263026958974,0.014208937875584337,0.014619774413714221,0.018295023224272167
0.019687089006775748,0.01528823409201136,0.013937863768738819,0.014208660713175537,0.013956246079865798,0.018518537032387625
0.019167954613944795,0.015418255292090262,0.013472828142446042,0.014228290758470066,0.01348120382791312,0.01894122275670121
0.018636868924400155,0.015397289137517816,0.013966561779787142,0.014402670397607658,0.0131745163957707,0.01962359628711485
0.01864994605523697,0.015616193411019937,0.013978597148152867,0.013876317020542874,0.013695670324653181,0.019539066734055425
0.018675107890779207,0.016072274220694904,0.013555967005555733,0.014895202680456469,0.012664820963891214,0.019986573426072775
0.0181936019097942,0.015742961682323593,0.014065452757009645,0.014135724912535034,0.012711599491570719,0.019893273905835576
0.018214195776154064,0.016017684939564354,0.014437426167861273,0.013947787494849284,0.012704103801259015,0.019904789488913433
0.01799296135444037,0.015982502041780436,0.014475292033465748,0.0151815391412763,0.012887308122871862,0.019764247119574398
0.01805925794195074,0.016117446433171076,0.014548425937053402,0.016007445279796837,0.012678680972207094,0.01906053687425325
0.017176878344977095,0.016255576181341807,0.01525177638942577,0.015992402687037603,0.012190213351902453,0.019271591443171983
0.01707031760353408,0.016167544186378217,0.016170261681340153,0.016295212445772155,0.012373219652170942,0.01925876116152067
0.015564642466481232,0.01595681110111188,0.016382541995696318,0.01521536421533125,0.012567349139293055,0.02035986291974219
0.016097950141957963,0.016142297727218004,0.01589276558937866,0.015463820138955602,0.012529927075186366,0.02122449983955987
0.012971051166393568,0.017413099784426744,0.019043265407842316,0.015986856304083644,0.013852551227450917,0.021273968049333906
0.012965924845421754,0.01818712574173829,0.018916992751077222,0.016058640141280903,0.01361249896731057,0.020819431933702445
0.013171320018768149,0.01856294388042679,0.01888581646402002,0.015757249092060468,0.01358409086988998,0.020976590187783997
0.013085985423885742,0.018054045669551197,0.017440663962468763,0.015406172858442636,0.012559443031063353,0.02013873568850072
0.010838363767746106,0.01592319055331691,0.01739425886412483,0.015264758116443993,0.011764492146864489,0.01823388325458328
0.011838802627331066,0.016064914871662367,0.017272380377607796,0.015038223464037713,0.011706324117171374,0.01879299888084744
0.011687085983576592,0.015227836014374581,0.017273649553790012,0.014991475365234014,0.012260765233172127,0.019016598533220443
0.01140231627169141,0.015233964075428718,0.017119834818114202,0.01599833082573089,0.012333116048494786,0.017694839073589638
0.011639131303291935,0.015614836276694893,0.017254971499300144,0.016007843404115648,0.01212593310746019,0.01750924825830708
0.01163316335567347,0.016340530566693694,0.017137792091617917,0.016385030993036467,0.012118022794034981,0.01698220878578266
0.012435968297973101,0.016198390666478383,0.01713834571223817,0.016573040551701987,0.011670774986133307,0.01683316786203243
0.011891861652467405,0.016097314245050513,0.01738064902250364,0.015402260247775695,0.011788563347331148,0.01661834838959278
0.014588269716478178,0.0162625309155273,0.01801378285195192,0.01637438766865602,0.013214132910961837,0.01799015849081771
0.01470742013832417,0.01600891331410916,0.018313829627697432,0.016061608990107324,0.013256167875523854,0.018396942344132455
0.016830325186885313,0.01625530351812465,0.01832782270075296,0.01521480520656709,0.013617300815266709,0.018806224217042644
0.01714950198593413,0.01658278591405934,0.019399599497864302,0.014662910628394381,0.013901399809720806,0.019945062246397156
0.017424537915662657,0.016282567041827185,0.01877539644876782,0.014640374897518788,0.013981264617806905,0.019654046985486485
0.01802848715922077,0.017145048613751504,0.01786445037815499,0.014363961094007874,0.013984207824348002,0.02015552905863289
0.018143937440090782,0.016667345158841797,0.01675854495264298,0.014968809438580113,0.013586957326583528,0.018933615400290826
0.018208034278442246,0.017393027080917976,0.016643397326127192,0.014505648986990185,0.013522254125025815,0.018188989216829675
0.01832067169497509,0.01619404834088073,0.012851259505060992,0.013356620462447878,0.012289605675378323,0.016420389568041153
0.018366606327751604,0.015238114362763825,0.012591785574718113,0.013166634165322199,0.012284420741734754,0.01642133137444356
0.018262696030343896,0.014486018448114256,0.012505634331663741,0.01334069175956187,0.012174645096974305,0.016250048437810437
0.01827834336258503,0.013469998961968592,0.012172937554775911,0.013435244423783707,0.013621338758285133,0.015634829867628083
0.018109876716471237,0.01426339359565968,0.012164009239426213,0.013543658662113205,0.013601036826417348,0.015678034165359896
0.017899781763738614,0.014266856538776341,0.01217050932193309,0.013561513000723658,0.013468102523744032,0.014421961460019972
0.01789680322420628,0.014961613387687398,0.012382347358485719,0.013658049840175213,0.012724796847048173,0.014271883970486387
0.017857096655872658,0.014957981034983107,0.012200685326825004,0.012840120957348065,0.013095834818088166,0.01524124296292805
0.017717708107619034,0.014123988188663446,0.01262623265054188,0.013154178866188438,0.01349051128803662,0.015596756789703209
0.017939292115319517,0.013523082951847154,0.011955948201038446,0.012493607921570277,0.013319855457724246,0.015563482170262245
0.018208953888927914,0.014092156524180905,0.012308344573857363,0.01271306741753955,0.013139959397071556,0.017235947998510828
0.018046799386424475,0.01395293808392856,0.012164506106098712,0.013154449281519575,0.013138252711213997,0.01810934882179403
0.015237536809409275,0.014027564624655672,0.011318140464461552,0.011577523670267894,0.01395563302412013,0.016410729306665452
0.015054973161846482,0.013338408885150947,0.012245978031898088,0.012559441263937054,0.014425228009807292,0.016391546443507734
0.011958869332317006,0.012624714231591722,0.012239278409287117,0.012268906850966996,0.013964922041917507,0.016445123996745307
0.013301193415260452,0.01397235816178824,0.010248503263382898,0.012986854765935103,0.013740352749841329,0.01583426552217893
0.013149217099047534,0.014140709327688591,0.009948723859930274,0.012941165258949667,0.01361907868038925,0.015870687638520835
0.01254277287588989,0.013698207845511868,0.009601006672325425,0.012860095480980972,0.012823433582447953,0.01538020558430399
0.012986098367586223,0.014190613442467465,0.009609907004462443,0.013430811972946278,0.013726818818397627,0.01543883268479618
0.012539561044215972,0.013174335240262703,0.010127882964812266,0.013446278158223923,0.013541754263802084,0.014656828928590847
0.012395277234389697,0.01323351264459253,0.01024950545336635,0.013145430395966202,0.013813413370631548,0.014522979461398461
0.014491579450364717,0.013572517448284306,0.01103581117128209,0.013335012511110465,0.014807520248588961,0.015304335473633619
0.014464850479895226,0.01358231275953133,0.011853800062127369,0.01316772020214803,0.01495008930642472,0.015388049361280565
0.014060673270215207,0.013970528095414094,0.011901956793502819,0.015334286293175032,0.014523273655415855,0.01569352635689975
0.013746932087341101,0.011764312699885753,0.01158003036723515,0.015670007718186652,0.014703540282241991,0.016148742325660218
0.01347483095494667,0.012219926003234014,0.01138706348157332,0.015718072751854936,0.014723946581645594,0.015924503452232865
0.013656338526845686,0.012836450094037536,0.012185145569010318,0.01575888385424174,0.01547289388269533,0.01574322775385125
0.013842917094315878,0.013187853042543224,0.012028027565433166,0.015752399538889284,0.016184464097935402,0.015344092543531657
0.013775523877030005,0.013257445779001816,0.010701313346728752,0.015653505686794956,0.015619476217530686,0.014576137243800908
0.013645846288837521,0.012986619543816457,0.010639202980171946,0.01570569179036307,0.015617156894405638,0.014539905808797991
0.014041937952441685,0.013102196202179625,0.012217259167984908,0.015792464269518264,0.016154531599227074,0.013118989186437413
0.0141134568983611,0.0129135218190762,0.013181224051870555,0.015268525200820907,0.017250230267500853,0.011180154886677372
0.014087854891133315,0.012842621961564202,0.013093146659067618,0.01517440799445025,0.01632488978667435,0.011252249678949706
0.014473429765160561,0.01456065666501696,0.01227724950736696,0.01438763296448107,0.0162099970978,0.010687404417728625
0.018544905350964792,0.017624386178015584,0.01293979216020767,0.015667293946552124,0.01813890904410796,0.011797047781584467
0.017381958641640775,0.01600221306319339,0.01287420649923488,0.01506160995232167,0.017519477884139514,0.011131625682336652
0.017409219534195816,0.015997183945492998,0.012860150222407335,0.014947657315940789,0.01812665932644543,0.012092777091874304
0.01743717585548136,0.016175744155649964,0.013485351639549751,0.01605473693081025,0.017957474109910755,0.01308085541038319
0.017026827456045845,0.015936057905733342,0.013502584980915581,0.01512386933232185,0.017704732448698135,0.013452723804526652
0.01719752511088417,0.016099325828541212,0.01329446407611787,0.015321130775437066,0.017939128072008537,0.01346524476037885
0.01726373113347745,0.016433087638550774,0.013134726542340217,0.014984919362153837,0.017512767638584958,0.01348807009540535
0.015564246861467288,0.01622883912601009,0.012943452302081469,0.01525715148547757,0.016828017748391214,0.012440005845127253
0.016146213431394833,0.016300588485184116,0.01372112099363025,0.015811664307587472,0.017170383184023447,0.012377956531885035
0.015940682224615105,0.015952136687401447,0.013503570091517871,0.013851374398445198,0.017042530889007212,0.012390363074186965
0.01587707793809425,0.015736293241926533,0.013873034882194447,0.012434884492388302,0.017221461730337183,0.0112126625603758
0.017421017202124467,0.015403399371741672,0.014732797485431971,0.012435813077745855,0.017232474266812108,0.011733825369201863
0.01778249119444001,0.01505163943665794,0.014788364679669392,0.012387771064289656,0.015937698835759587,0.0117565192795815
0.017448602910653234,0.014955959989991528,0.014778544479009123,0.012281810550866867,0.015555213220043704,0.011739763226975302
0.018051514611665705,0.015226905358446534,0.014779007527214442,0.011993798466087582,0.016326970016759805,0.012164675468220254
0.017210045085392093,0.01583175218115824,0.014633649898622337,0.011768655606720737,0.016119036075193414,0.015308115874077762
0.017209912353187112,0.015602428613826637,0.014392198566509725,0.012027458620029931,0.015820724195731894,0.015319910589906198
0.0170789775208925,0.015513268571216725,0.013569622956830103,0.01194473541611407,0.014381106941789493,0.01483683903899013
0.017100753523532648,0.015345801549981695,0.01412769095335028,0.013045975766009927,0.014771574430442662,0.014963830932479069
0.016596648739826497,0.01345557219575171,0.013719366233860813,0.015211860132839886,0.015295136204487147,0.01708137632130479
0.01318308662451144,0.009867679866599236,0.013470496919554075,0.014753779317656906,0.013538189914084071,0.01631043264548894
0.013431610011351958,0.011299834463637026,0.013396305271130449,0.014226611424146761,0.013783841060577019,0.01615976748765808
0.013583023885148128,0.01146954081417928,0.013170343569430032,0.01425776207377175,0.013549417228596528,0.01551419285843584
0.013792541747416648,0.011692025073012128,0.012760628632460738,0.01373143032908095,0.01401675492183473,0.014791176355011044
0.013743573456712765,0.012497315108276086,0.013265290135635453,0.013830931408169054,0.014239130244740375,0.015260347326701453
0.013738016032333607,0.012443797223892635,0.013261082431708088,0.013753322265414921,0.014318451820059731,0.015309770705590437
0.013284693909946011,0.012968057175929526,0.014279154413333788,0.01403289618420845,0.013992180556483609,0.015464952427650622
0.01295465615652232,0.013143433544359862,0.014106470912244375,0.014517188747335675,0.013983702225660748,0.015580679466682115
0.012790753939103339,0.013410332259856885,0.012709371298803862,0.014015918944612652,0.013743303653356763,0.015171548991911579
0.012793179836455044,0.014099304668985145,0.012649952197679955,0.0138566437853556,0.013854221457492677,0.015140817693020657
0.012792214970678369,0.014089764979471214,0.012223824997675284,0.01394789072879122,0.013498522022749983,0.014843439459411906
0.011524852783568091,0.013623127493996625,0.011336803462892009,0.013981731338674511,0.013385715748269527,0.014057569816650399
0.010482138549436122,0.013979712986500874,0.011936753102330578,0.013920583819908681,0.01510901096156329,0.013813069882455398
0.010532750498617188,0.013984151713027878,0.01192210808539821,0.013870597443349375,0.015121210773146864,0.013666709484934371
0.009018751516175094,0.015427068598630755,0.012595886728986982,0.01662771773775003,0.017957865198075865,0.01691699999924547
0.009029365674540676,0.014970889512737548,0.012729250629750362,0.016716504461121464,0.018079005158432058,0.015019191192064558
0.008869792825952535,0.016614205174446468,0.014089876238316723,0.016782377628227027,0.01805962082397638,0.015148447619676724
0.008564445449266104,0.01723327338294629,0.013613442023708663,0.01694436884374834,0.017567526800757263,0.01517142415483418
0.008346798793346343,0.01725618710733779,0.012877109494015902,0.016269270517888765,0.0172985785946714,0.015118375206352744
0.008489994318064234,0.017677229390775036,0.013017703079280124,0.014471733836452358,0.016610483931586463,0.013041478499291662
0.00868581631596239,0.017424755633300284,0.013046389384227381,0.014074852340842471,0.01751411038428074,0.01317444081073903
0.008695547799661047,0.016985792958081877,0.013053127796534053,0.014194382066609286,0.01745240220969162,0.013429325689299908
0.011218618302987076,0.016891800451484147,0.0137679341059651,0.014149481020333485,0.018147764417788894,0.015357749867847973
0.011206614295556298,0.016285241247299034,0.013779253314211069,0.01439024469628378,0.01770788581084389,0.015362261912321857
0.01186660682418656,0.015938063708462312,0.014146928139209047,0.01457781894415829,0.017548608471861623,0.014911021552597332
0.011930556714247297,0.015956685397849876,0.01414780305508705,0.014582953190497393,0.017412500855334877,0.014960982055778877
0.011925114707782227,0.015388723014305406,0.014272160088056395,0.016028961767461325,0.01738156897156661,0.015217948493830492
0.012037098395312956,0.015294869489483836,0.014436765042289757,0.0150682930680298,0.01774434140800802,0.014872696660086553
0.013360017975747788,0.015162077920336622,0.01448361197439199,0.017042730844894688,0.01797122480133695,0.01594032931972443
0.013741055714730622,0.01432909079960481,0.014649046062273016,0.017192106721036778,0.018052245649285273,0.016437745779229688
0.013756777145063891,0.014810644349598813,0.014364598014808641,0.01707975394506418,0.018745925134520305,0.01650145033239291
0.013512035628576275,0.015047283761930146,0.015522099119350763,0.01695538848286513,0.018991502046671313,0.016241162583946766
0.014314260201511587,0.01622463201836989,0.014779954290356256,0.017327778559896482,0.017354390843877805,0.015976121426513425
0.014319576810184415,0.016178495098769174,0.014866762563744097,0.017368805309367998,0.01797805166049761,0.01562736406874886
0.014120787721302415,0.01497763297084462,0.014200512719458084,0.015148192233150193,0.015325739275839294,0.013988635387284336
0.014150573398755082,0.014655988193071014,0.013926267857203764,0.01569900064131223,0.015030442732359444,0.01408990818690515
0.014297901202846016,0.012000750345476777,0.012473498537678821,0.01490032085339074,0.015004337336200633,0.014367502755077708
0.01533222024954595,0.014204104354891825,0.012433023856425453,0.017263176492302544,0.016525532901920808,0.015086273779990765
0.015584419726739164,0.01496697660191636,0.012394958432082923,0.017305943830591183,0.0166077993056333,0.015092251113230787
0.015195897887543953,0.015410703625482242,0.013683317942535042,0.01829560263734642,0.01648645735709614,0.014656704609851948
0.01592719951185651,0.01515616146544532,0.013762386790290355,0.018288383133324822,0.015881122501915815,0.014408981184110208
0.015838314558851544,0.01491395730958961,0.013195386323715617,0.01841063020251772,0.01586096939925685,0.014154502354328915
0.015107827416084093,0.01486621981385626,0.012853402733383115,0.01845486322950128,0.014643859005062662,0.012446825444043077
0.015666605183065545,0.014930758384249074,0.013670836441697889,0.018978597694140367,0.015238288607913313,0.012744623640439073
0.01571346411588133,0.015920927062986572,0.013777187654413086,0.019281171682145003,0.015271701900222165,0.01281224816950723
0.015909276064275918,0.01615563772019627,0.014041757526871743,0.019343133806036354,0.01529954604522784,0.01272427037816117
0.01587058599009593,0.01588859597361905,0.013554663406749788,0.018099718324575523,0.015350864280618569,0.012164072769625259
0.01575015938326908,0.016311823740993683,0.01332702376887178,0.018100637512279565,0.015052929567127464,0.012030417418786786
0.017543598605044557,0.019409502606307857,0.015172682940452596,0.020263305758392205,0.0165007266195298,0.014889300516518076
0.01755541099605837,0.019595012605583603,0.015615281923634337,0.020404338067801685,0.015925166497179736,0.014997754175959941
0.017555341507361412,0.019477541818928978,0.015697091576424002,0.020447736860231706,0.015014776476128647,0.016283197943059522
0.017632465239630916,0.019489856938081675,0.015168731034396291,0.02046683453398635,0.014635099408830577,0.016206048639271657
0.017670760374843934,0.01812049729829785,0.01717848443667647,0.020511456810144622,0.014437669655073834,0.01708737053883739
0.01722035246162245,0.018127291805685026,0.01763975521347564,0.02032954654767735,0.013333301634336561,0.017160920209988047
0.018032871081260067,0.018248069704203375,0.017541242226775788,0.02031965030275766,0.014066178686173254,0.016556235214795354
0.018107863187418444,0.018265696679183572,0.01753768998113696,0.019372298136668364,0.014153234377151425,0.016220372223842774
0.018270760602193455,0.018208088960616445,0.017297519708285476,0.019188898676502135,0.01430099825304822,0.016157938390156334
0.01761052987628994,0.017312439884364473,0.01838987609574901,0.018399837020552475,0.014033407811110996,0.015932335743218933
0.01723023078831007,0.01684981155976128,0.01833095181849455,0.01858783771181175,0.014029894326597951,0.01605291808150024
0.016503884301617026,0.016127858967821845,0.017288617293935275,0.017746984207246363,0.013995183409332161,0.016113612169871817
0.015721339831086242,0.0167489542405055,0.017486323558042163,0.01845838894314062,0.013236449699617247,0.01611279932354878
0.016476535591966282,0.016720106819020256,0.01748910539654109,0.018507522817023964,0.01516306434668029,0.01579983229617315
0.01658781752958458,0.016673455109716788,0.017453029618800478,0.01864710052856898,0.015181094333181922,0.01595824833177588
0.016128756581224982,0.01684727420149468,0.01703860384077448,0.017663225527434944,0.014455677572532808,0.016675910012064823
0.0160398091418329,0.01602321669812583,0.01701471090800951,0.0171601206095764,0.014366135627102442,0.01679788479140711
0.016204432322964167,0.016467308353619838,0.01679696274303776,0.017178889569373752,0.014999194773234688,0.016960701782295938
0.016371390444421315,0.016387475008148817,0.016422462087559483,0.01742126630578978,0.014980873148441697,0.016936591969289084
0.01674686749078114,0.015769794782479352,0.01739485451239134,0.017634202935811975,0.015884670565199484,0.017620195709856738
0.01336399290649574,0.012691125563675652,0.01589621197528205,0.013750299214273218,0.014835792509339705,0.01455428503237555
0.012995889850016897,0.012727003553533582,0.015754066941046103,0.0132572760893718,0.014931008243559809,0.014218651620233901
0.01303225233274964,0.01269844072877852,0.015770151606703687,0.013398284587833263,0.014945153807833041,0.013023696458462141
0.013274817393686003,0.011925522917197229,0.015421428394665806,0.013547270988844546,0.01498562110946438,0.01301690388890238
0.010594235584834891,0.01247246766777436,0.013439981762631635,0.013633529337732236,0.01460955651782958,0.011646539225857361
0.010333491044695902,0.01255003129378989,0.013645501554719247,0.013780100252644104,0.014282680691399268,0.011333558437014975
0.009822119865133143,0.012689842190718614,0.013999070029239393,0.014576212418164789,0.013962567625337204,0.012990531456480867
0.009826418838629204,0.012364983311140726,0.014454639317447228,0.013776783540799748,0.014111910235914928,0.013336155859736363
0.009926638632754605,0.012543545224524411,0.014669990454226272,0.013646232708477472,0.013772985565157995,0.013382330670786032
0.01012196758126403,0.01208832796900845,0.014965804725822925,0.014681318318452896,0.014127131568647588,0.01549212763250432
0.009923518867314988,0.012732294248160136,0.014939800348714043,0.01389364690798597,0.013814091668333677,0.015487964191835403
0.010335209692004401,0.014081248794529835,0.014731879503751728,0.015171265953086245,0.015277192391243866,0.016324385520686047
0.010275317956871628,0.014118446880770758,0.01391232415764067,0.015011130025747487,0.015373824190468286,0.016437629578859157
0.009271700509988491,0.01415889751441273,0.013911899519328363,0.014908971721013293,0.013934901974741563,0.016425416338510634
0.009080344291704194,0.015896164952801845,0.014056854963906885,0.015052870147353249,0.01430772450719366,0.016971826268375362
0.009066260679578747,0.015869223753246096,0.014033792461331991,0.015055081887848258,0.014259296041549165,0.016627825814547085
0.009334119160427184,0.015790211086388613,0.014478679261944443,0.01527563706785732,0.014273111890933228,0.01617631008281183
0.011610524507107313,0.015495145921518714,0.015097891255250077,0.015040761953048475,0.015365801839002425,0.016575239488709037
0.012998115230609324,0.01837305398403406,0.016796486096369315,0.016166813692068484,0.01640903599873246,0.019174565102530614
0.01256533570609461,0.018040524149154167,0.015614458430387279,0.016166146693605696,0.01558039652779995,0.018380387289219764
0.012306868228669911,0.018458308722553763,0.015444794035980687,0.016193064461105265,0.01547123035193436,0.018593990068482072
0.012322684195460164,0.01803495031936551,0.01492242627230807,0.015672366122064164,0.015259997367414903,0.017794379228976722
0.012319575838962307,0.017727761986941457,0.01470348372009085,0.015106822305200385,0.015716225207298866,0.017721671752041226
0.012114708089162875,0.017699572052074928,0.01385892138865383,0.01426778208513056,0.016041201287155627,0.01778069361626109
0.01208366571690753,0.017585872931187824,0.014032372137675185,0.013951542575622849,0.016298142140287852,0.017387356693424304
0.012060671116655541,0.01761371088694373,0.013391300270453542,0.013398365822997822,0.015945667328965775,0.018115140814676835
0.012456051829992647,0.01758739410137139,0.013263498890581095,0.0129999431169965,0.016477709632552864,0.018453521971001828
0.013425805851900249,0.017450307318432924,0.012358805797555118,0.013131251420317168,0.016516242748173968,0.017922112927440094
0.013473731797412333,0.01776054699997967,0.012435570017734038,0.013222915002795672,0.016458773099978643,0.018025904331021272
0.014095180749714446,0.018200328533674957,0.01128440461661165,0.012468795995101799,0.015699344734950584,0.01672707327602976
0.014179797980206939,0.0185977994271706,0.011390551349849044,0.01238293672451867,0.015688982568169023,0.01675726900216446
0.013629863023817015,0.017712753809610772,0.011923454602258243,0.010326279379907849,0.014732979856353278,0.01610319370405609
0.013662231571287623,0.017188183384273338,0.012011222125542252,0.01034967549456987,0.014807767456829213,0.015980803618871848
0.013727002438409356,0.016997890033322565,0.01198666005019914,0.0103522216602153,0.014834096944022577,0.01654999290828557
0.013482103455099223,0.015862508828675785,0.011969407842877464,0.009988844144683307,0.014584652548680287,0.01639449843779882
0.013547221045715397,0.01584674559855012,0.015205958033836724,0.012415138109875578,0.01505757712536515,0.016979807971857133
0.014082682261429015,0.015814531410759627,0.014782631367940892,0.011750174012643156,0.015067038145565733,0.017471009021276022
0.013659712138825749,0.01505037337951116,0.015576372447255332,0.01235683499493923,0.013258676152883826,0.017279662272437168
0.011568903962386202,0.011832301290300174,0.014061598351176034,0.009705248077051878,0.011682755082454912,0.013573180983727152
0.011487179061417784,0.013021020203399312,0.014915753303154488,0.0102042597118609,0.01123476908306621,0.01380909463917073
0.011772636543986099,0.012671539552143484,0.015667722459922193,0.011503627607274983,0.011658952264528242,0.013869157793380252
0.013551139008589142,0.011997481787684226,0.01666001434977958,0.0114970930916573,0.011649551994816713,0.014127631899004003
0.013524388817187524,0.012020402329423151,0.016783958680186242,0.012274396916262822,0.012045301222652897,0.014501272079071204
0.013509284695479228,0.011278610001591947,0.016779272501603226,0.01222148024646686,0.012396680009629084,0.014625911315032027
0.017578299580491577,0.012155721679330699,0.016956310887104347,0.013061238409224385,0.016240688822417113,0.015522721054550439
0.017773665649727016,0.012188200053434602,0.016705572770983806,0.01443590669698537,0.016763079514344678,0.015433219791843748
0.017668143132426553,0.01201261741525193,0.01668898684612023,0.015080664970254336,0.016766632190325988,0.015613167846569053
0.017853537415554534,0.012216623162211778,0.017069316967663433,0.015452907755229178,0.018298450557850128,0.01583706260604785
0.01788899024100487,0.011922356650180557,0.01718280084238897,0.015506514129825708,0.01894148449641441,0.015520310164160264
0.017408891726870285,0.011194883000161122,0.017070828851691124,0.01636707082502254,0.01872027622270239,0.01613141342700031
0.01751945867748011,0.011020187303445082,0.017173490667108004,0.016552068121677768,0.01882022855834995,0.01640654033266303
0.017974342052105626,0.010940761128186415,0.01686870045193777,0.016679959760749947,0.01801763060255191,0.01684715975631846
0.017873570247757625,0.011299876171307842,0.016892392657819992,0.017432167227919914,0.018063958024394394,0.01691523118054705
0.01781381824194783,0.011351434501289193,0.016768479650805062,0.01744112884030327,0.017827146188201692,0.016124015582221308
0.01812634089618598,0.011694938731523045,0.01655619161139687,0.01750358929110509,0.017830049792140257,0.01496956020623516
0.018120716527363696,0.01147863268197191,0.014660900640482387,0.01632829821355591,0.01806388136976609,0.01440058287177514
0.018399796515648253,0.011551800370520277,0.014360524586171508,0.016333543341134203,0.01821111622750435,0.013209078297346338
0.01765767102465902,0.011586458238555974,0.013243633653224283,0.01597045148257771,0.01828580077862958,0.013224387006025613
0.01772181164934655,0.011739113872168931,0.012935706498167972,0.01596837199027814,0.018274054011200944,0.013895678346152067
0.018235410765534157,0.010548142968503985,0.012335658036942166,0.015918679204558212,0.018292333747388492,0.013625752221837874
0.02012250289532791,0.013012772852488455,0.014986968360958863,0.016534717327597988,0.018478149563042084,0.015246318547726468
0.018765859319460215,0.013236669794004606,0.013901614064825702,0.01672191201073539,0.018647848475658545,0.014727917367117732
0.018887322649903004,0.01335743034102804,0.013677944769864158,0.016585937450841724,0.018703181844670035,0.01435577391202182
0.01971245280580325,0.01421719163699281,0.014621253618204582,0.01652775357444787,0.018616228942011516,0.014633365300406658
0.016241404627490692,0.014000929342626164,0.014643278954980946,0.015337574452575236,0.01452430038536377,0.014341125953664286
0.01650916384411672,0.014268885152692753,0.014803787879572714,0.01453591196440118,0.015888109527037373,0.014430347975782135
0.01701416080544527,0.014734330419692368,0.014817187649004963,0.014168192586805366,0.01572349247601288,0.014020406826094662
0.016345135991714214,0.015078265623137393,0.014381567879462544,0.01386793819860173,0.015090857894527937,0.014927279553019474
0.01650812669564026,0.01535913930118978,0.01450087582333326,0.013782851748636686,0.01442816088713856,0.01521837341872367
0.016830578751768133,0.015194392731140968,0.014655663111574945,0.012742135944882563,0.014580824430354761,0.014397235233212298
0.016658355703567076,0.015186500491932074,0.014569795624697839,0.012272329553425785,0.014469468123141907,0.014314316693839202
0.01595854659876918,0.0151850217002089,0.013956386364383093,0.012214567014499527,0.014639142577293027,0.013954944104474487
0.015988665611282395,0.014987916050408443,0.014215603139555654,0.011293650316285354,0.014824054683336025,0.014171826402586497
0.015907412838887167,0.015241794492759005,0.015056187685829628,0.011454494890062209,0.014614287903118518,0.01455407858058111
0.01572030812838103,0.015171649704389518,0.01534310434035808,0.012365981202029554,0.01588688503473914,0.014589692003368895
0.016328480465839276,0.015195235190935045,0.015336413284882265,0.012289929205921667,0.014919611626561954,0.015477538540424982
0.016117988804877307,0.015170338651722516,0.017263325660807356,0.012405024057838849,0.014989564981750423,0.015504555836683824
0.01600591894868938,0.015115635209006295,0.017237590589677144,0.012666036584054094,0.016614797388604764,0.017552274441812645
0.01690661543529194,0.01517091504223001,0.017323292667597995,0.012662082329265826,0.01662800517247684,0.017047103179837906
0.01606606831381053,0.015256162754945147,0.01717180420194091,0.011122093568135849,0.016804218326294335,0.017152847087498948
0.014129252871662673,0.012307421948220003,0.014090717350185166,0.00965029568205516,0.015375502885211539,0.015540746634988296
0.014857598561726524,0.012357275406630753,0.014078318278471199,0.009136815682203718,0.015711437514142074,0.015503758293585974
0.014933854427298398,0.012527767800461208,0.014246600711537669,0.008396550587765445,0.015396275121865654,0.015509530396080076
0.013597018248738402,0.011685379930025318,0.013365908775155862,0.008165788361759237,0.015525781777205967,0.015312354145354591
0.013535338382906973,0.010366918540257682,0.012337690881583312,0.008034478015885934,0.015205840160024423,0.014705108092810242
0.013662585763968775,0.010201940313706267,0.012245884908149629,0.00890448586406172,0.01342465008281398,0.016737341360887642
0.013502855975121244,0.009912353322237851,0.013144953107714335,0.009585397962091855,0.013348864413818957,0.01650904560082819
0.013741914677904352,0.009049764313958071,0.013288371502231423,0.0095282321337255,0.01233601017612905,0.015473413314515523
0.014755586055149495,0.008519494186382242,0.01341587486210372,0.009796288819200515,0.012329857725804638,0.015141646013189191
0.014576122515707217,0.007859221173510933,0.013308793499594268,0.01027940696076744,0.012116165026120335,0.015044924808230681
0.014698851519962346,0.008745454653200369,0.013489251191654214,0.010316189160844945,0.011844480250502769,0.015143238862311016
0.014612337919445263,0.0093167265127857,0.013439855620809932,0.010511494847409717,0.011554660513991172,0.015731161330924795
0.014395332569352604,0.013556727133266314,0.01423399252579682,0.011528210640456941,0.013686570517143823,0.01728216377894143
0.014362559552623546,0.013545575046364059,0.013594286994241995,0.011494261304620114,0.013900876443759091,0.017874461630622018
0.014540722784401307,0.013187516898179688,0.01353535240023492,0.011886914337331616,0.01347354917133648,0.018345577987720095
0.014073881396088577,0.013114209244917885,0.013934947196946696,0.012757555429947356,0.01391705903812506,0.017154457112614437
0.013759516329596912,0.01320665726628852,0.011327630255517817,0.012598375341970128,0.014131011000244989,0.01697030087398906
0.013829433787081902,0.01327711894743337,0.011492207222932153,0.01226081957142243,0.013244206699251752,0.016598192436405586
0.013033098427987444,0.013523923882356266,0.011736202278400191,0.012246499876734084,0.013505725259092903,0.01745651534908974
0.014450679819442399,0.015520562877917006,0.013373886284345372,0.012938936893426813,0.01365763805706027,0.01929341597512865
0.015088684491676095,0.01546689881394353,0.013522379466832463,0.01295155976717905,0.01338032789451921,0.019305733154029642
0.014870436324376405,0.015716293644603065,0.013796504560992908,0.013693075094837803,0.013279528326655025,0.019305419792513975
0.014656220011469824,0.015621319718267523,0.013875259202062092,0.01434826749881627,0.014181063401733111,0.01948420589338034
0.01487473056845303,0.015472894284893747,0.014184204083758645,0.014486609834071506,0.015146569129214322,0.02022979266039743
0.015453100114842553,0.015670544518427865,0.01546276535503803,0.01453847530729687,0.016852915254127045,0.019754114096987407
0.014086850867830165,0.016690422182452983,0.015606073332445533,0.0142154632630979,0.016793376639124738,0.01846249421640666
0.014067777578364143,0.016438323675703033,0.014603615138120897,0.013937856853945229,0.017249463186840668,0.01927849989258673
0.014381577232484923,0.016522907917778423,0.014555887154780818,0.013856776919164827,0.017237386343584626,0.01927903915926676
0.013656984248052697,0.016609872194239535,0.014553379275601614,0.013870620502919043,0.017292106530330874,0.019545928474799787
0.013079307155284048,0.01655367739968328,0.014662338840666256,0.013742342690888256,0.01716808832640768,0.019712969849059524
0.012876879337644488,0.01618098009483906,0.014530541405949293,0.013749712782813638,0.01833064077469143,0.019650811164330737
0.01278038798095404,0.01626119120230602,0.014534743832286649,0.013459057011454431,0.01801900388833329,0.019062244486205707
0.013538517999481749,0.01341492357851085,0.015365266346543628,0.01573778519617321,0.016831864441378675,0.018037177738299003
0.013654194568993715,0.013030045177826048,0.01572069463207993,0.01644822266334659,0.01710302622281623,0.018535899311801968
0.01349042598142478,0.01361993301676647,0.01565279761261906,0.015810855369816173,0.016761360272906537,0.017719247542256487
0.013789656974843358,0.01373718603187,0.015963324232019276,0.016355355272131195,0.017119573557248108,0.018561687850904993
0.015108351270381475,0.013767320033302964,0.016014581734786995,0.016342274924756255,0.01865959500601784,0.018674959531871545
0.015240309916584403,0.013957199835196967,0.01623223371522944,0.017576778384062203,0.018394077394194346,0.018683308239124494
0.016187296878543523,0.01336618253727851,0.016034979155165132,0.017595977477413517,0.018151209629844765,0.01750447149475081
0.01598859867501613,0.01471537843852216,0.016097487944715293,0.01709881952544487,0.01814024657042844,0.01587993626774497
0.015042826501694254,0.014710193104317754,0.0157190806665235,0.017176105369462333,0.018324727815964018,0.015518222252477652
0.014405752056495504,0.014535752496483584,0.015274822920563865,0.016683341005176145,0.019477303528173114,0.01541826833350952
0.014300962445269518,0.014356411508096351,0.01579978302400602,0.016341619803814347,0.018485162063467987,0.015458341868052304
0.014087000754244312,0.014017795674983607,0.015299719354150457,0.01665250602912518,0.017200996718663236,0.014944723659707502
0.014379610055108722,0.014315923077331295,0.015320498723891825,0.016650114873318366,0.01613657490937779,0.014904496122023813
0.015219023173889745,0.015209935507124132,0.01593312751004257,0.016479661234605585,0.01619554427261007,0.014991935961061326
0.015251739552422709,0.015471562552629149,0.015899639154591933,0.01642836446151942,0.015212359812732739,0.014048175570207247
0.015648275897989936,0.015696835799964448,0.01630082946672172,0.016581104309018716,0.015533353253346793,0.01404508407164338
0.016346473911223097,0.016731832299879502,0.016509554476661973,0.016929051974316798,0.0164747359080982,0.014204468075429797
0.01622393603261027,0.017017398411994903,0.01652171302485957,0.01683774468459557,0.01625780300286002,0.013606690527238825
0.01629456763446967,0.01739340302351089,0.016984165570988474,0.017333470694653387,0.015587219909714876,0.01363288468877472
0.01724369459434674,0.017875508283367852,0.017827785335708612,0.01825340875539606,0.01679945634012034,0.013622836561808958
0.018352207514961937,0.018078986977221302,0.015776380897357247,0.01603197130001398,0.016337082988644065,0.014601464967129461
0.018640438369096558,0.018304693943216238,0.015353921367817642,0.015908126345403343,0.01627749178124177,0.013278082001075787
0.019484522740848373,0.018682648369166093,0.015993113332759688,0.016466453637343965,0.018697645197915017,0.014418975352445665
0.019653232631236073,0.018770272270220132,0.015710300713865206,0.015390687850764877,0.018470802606272946,0.013466476925018673
0.018904984239187694,0.018765999035615308,0.015698311094681068,0.01638562847677594,0.017571502997186045,0.013433427134354347
0.01866187353050721,0.018815316407805965,0.01542602416768855,0.015065032733624566,0.01734066131802096,0.012430347956653294
0.018264840606860296,0.018856338233733144,0.015174544882552035,0.015024586196733206,0.017688747931905027,0.01292549271668938
0.01763384543472789,0.01750752537746897,0.01435450747145309,0.0154966235090922,0.018168168335249615,0.012838355561005458
0.01751510195514237,0.017759975359705034,0.014342588703011526,0.015479404504760576,0.017640567047326628,0.012688368458382004
0.01775010162935946,0.017288331553924854,0.0153506843500187,0.015796630812114118,0.01690019307398982,0.01331000973154529
0.01772439000112488,0.017343980186911377,0.014821973158977332,0.015386313634030995,0.01652804151495173,0.013313221197587944
0.01765496653390957,0.01730542978884118,0.015097107177148808,0.015330258569971375,0.01653419683375411,0.013494925632041885
0.017142189109942342,0.017279291148600922,0.01432457740949653,0.015504047168890827,0.01646637823888097,0.013368893839525314
0.01618529722490657,0.015857301429424323,0.01312699753851556,0.015534724946504935,0.016542018931735614,0.013117890202375177
0.01650111776484314,0.015652943915750124,0.013257787603878657,0.015538673065794793,0.015832680388745655,0.012725996399569657
0.015941087558402504,0.015564105162477299,0.013352485436663836,0.015646219250028546,0.016565509826578752,0.013579917487864251
0.016665931113632494,0.015259484697456794,0.0129615112243406,0.01568200814264177,0.01582314070998113,0.01344407324023036
0.0169621193372494,0.015194919028607102,0.014701751963297857,0.015230142327670476,0.01667746974167202,0.013681526455445165
0.017112408244644464,0.014852255342284982,0.014399651706120044,0.015192695716529259,0.016672392380713996,0.013711443518996185
0.016442262766712217,0.014057693995815593,0.014192975682716269,0.014535201802433059,0.01614539342947496,0.013893944450355918
0.014389069980738509,0.012534609289741611,0.013869688502758905,0.013695398501120271,0.015722799211384603,0.01163157795282627
0.015036226170391916,0.013606479845424423,0.01523209831708979,0.013024048353070332,0.016156250266662075,0.011973800118814583
0.014681347673255142,0.01242130776442175,0.014945653223133114,0.012529712937848167,0.013517694496292074,0.011095482735562276
0.014481967198981958,0.012389301252670324,0.014877336743787455,0.012462969823503768,0.013500170875154139,0.011045147919193062
0.01666372554347746,0.013397201717690562,0.015110480171411174,0.012354343791804251,0.013922439024464857,0.011805640095484588
0.01691776506199969,0.013205296870531524,0.015270613439922271,0.012669438877584807,0.014229337648188877,0.011784486385220882
0.016315266512285764,0.013279413974115353,0.015034380892375444,0.013144696197810066,0.013607642501524004,0.011012152397775752
0.01636094031567622,0.012915587492896279,0.015060978420421653,0.012500489524901875,0.01290330049624195,0.011010392100915726
0.016571473928803603,0.01426803285667716,0.015307238972279891,0.013444296642871997,0.013480268722946656,0.011200003147759267
0.016677981110253932,0.014295849354652784,0.013381247253984742,0.013655636992872838,0.013442900607198329,0.010217223903290114
0.017279543498405298,0.013963143242140635,0.012859408207871754,0.013707894021114247,0.013610368430258027,0.010704649009663733
0.016946262213221687,0.013940846982552392,0.011350854586292406,0.013162200713381898,0.013746509365052903,0.01027259035632997
0.016484241281774108,0.013728436212030511,0.011527139862596793,0.013125943746731913,0.01364827125230046,0.010895474933396865
0.016504777856966874,0.014434841266079813,0.01148343348151595,0.01322183262954903,0.012955101876172529,0.011179646544621575
0.01584047755436695,0.014366476772813804,0.011649727172296663,0.013287068803889449,0.012894996631944633,0.011681494953165363
0.014950178188046618,0.01323777107784359,0.01034743206423237,0.013011411501845318,0.010247069261061992,0.010164505449587823
0.014744200470463868,0.013414348847824149,0.010842488945672968,0.013489300629588143,0.009953251097596264,0.010061006199365473
0.014720422055213513,0.013392295178807967,0.009889508450544595,0.013789389832779445,0.009756360330744483,0.01003052852407512
0.013941319491992843,0.012923026515522075,0.009671647159490149,0.013433556755379527,0.009604881152478586,0.009413929274124712
0.017171641616000658,0.01416064518981417,0.012455346293664545,0.013774318781223836,0.013997735906426426,0.011352767139530278
0.017853669113738424,0.014041533209142181,0.012503240090395572,0.013367342522195092,0.013976261698800263,0.011217210714146903
0.01764279570006868,0.013405307989951551,0.011802309010646135,0.013217185682461762,0.014007099240590293,0.01242988236909084
0.01790039682175999,0.013421068340028309,0.011944378366364953,0.013690375359053276,0.01388868849239743,0.012461605857088371
0.01790415599200793,0.01345123837227962,0.011776076897644304,0.014217891189167702,0.014556549255942932,0.013045344963777575
0.016293397659645832,0.013022803688592485,0.011699311898781822,0.01583354833545535,0.014078829033176745,0.01327991914490695
0.018533830549247194,0.013902439316972446,0.011671551494576857,0.01547102761407032,0.013887625146366944,0.013950174152587744
0.0186155084667138,0.013832341448548486,0.011636202067998223,0.016050798745905745,0.014550979457029307,0.014491894746039655
0.018340241127353767,0.013771911991381156,0.012540440459551619,0.016057266964375885,0.01422360407019703,0.014469627721581084
0.018297566813690293,0.01260125794856696,0.012643782583396488,0.01648554327871214,0.015435359908674005,0.015780821304623202
0.017968144582127015,0.012426741967210006,0.012931685903640373,0.016064534118768965,0.015437327619402388,0.016199174134511298
0.01753296793666685,0.012529657893985148,0.013435598298826422,0.016004071826289504,0.01583389577148849,0.015836506768300476
0.017585547077638073,0.012600733379183233,0.014536911793312372,0.016333300444563433,0.01586940928482171,0.016106633973477526
0.01750956135154413,0.012649297652196892,0.015203062972667781,0.016803840818553205,0.015852377961126297,0.01579503873883791
0.01771860792877312,0.011649519002055604,0.015443930884448225,0.017191821619701477,0.01796287855107505,0.015503335782488541
0.017751655294331332,0.011682802589332079,0.01577666539729931,0.017295517596154334,0.017950397391574544,0.0154563993367804
0.01764041772360033,0.012705740268220503,0.015715627751634553,0.017762739486630763,0.018066558540773395,0.015441276890497244
0.01646660435397326,0.011653836675397874,0.015194167996277527,0.017291860087471706,0.018216962506578175,0.015604491043193787
0.016456035640523007,0.015560565229610983,0.015282248138790819,0.018955611353277634,0.0187450035759218,0.019252455299780445
0.01592020689413714,0.017720880875746466,0.015109656894607497,0.018990155796626256,0.018856420787948528,0.019381832207181076
0.014798635577105704,0.01806426030050945,0.014402410762457851,0.01855500129359481,0.01719749976151548,0.018283794374533983
0.015414698585682089,0.019087332820800884,0.0145505728023798,0.019936929749792772,0.016888149661323692,0.018796969124508744
0.015427623550395331,0.019404323930058635,0.014121311222202794,0.021174245826808897,0.016707109166484158,0.01803259034384852
0.014250785219664145,0.0194316182955278,0.014124035010159212,0.02078173687626284,0.01676095248190448,0.018041340797306567
0.014608213669080088,0.01937359540058536,0.014245226338780219,0.02053286077907418,0.01610746183083941,0.018440001430664866
0.014879053545090485,0.019436040981134016,0.014236377212620287,0.01910806196301267,0.016593077057279883,0.017999853892312102
0.011502096264589864,0.018954228386262383,0.014571305436838747,0.019208529236564156,0.017039462718471562,0.01759805949133056
0.011421464261255244,0.01931265737054477,0.01478565598291035,0.018735406251457427,0.016796040633920702,0.017666215460772627
0.01182683824327989,0.01897122347451754,0.013347769227449685,0.01930613898689015,0.017324668357932685,0.019774940712528374
0.011714695938418932,0.018988477349378457,0.01336939953498937,0.01838332757314122,0.016480089287129015,0.018304681170779186
0.011797107137068672,0.018886648967158786,0.013194214535424013,0.018193630773144547,0.016846724494794532,0.018128758417012922
0.011347272913211765,0.018896950859827264,0.012552221573348551,0.01853830522384763,0.015893803982997612,0.018063682010200966
0.011778661225322867,0.018962792480531867,0.012322718382387262,0.01862211641053317,0.016454130842532746,0.0178913742024583
0.011632185934056549,0.019921044832930102,0.012250967493390975,0.018942239332044426,0.017508726655422562,0.017834433918906045
0.011362109141104765,0.01997225226937587,0.012132307157205329,0.01867899477105549,0.015336895684151532,0.01957258531499267
0.011475914499496457,0.019997942316299307,0.01200882687589096,0.01838135993186952,0.015687051210728588,0.01922036308327241
0.011221589344665269,0.019040372743170855,0.011953000889624256,0.018628382198132915,0.015508788606161273,0.01915006811017056
0.011293225220141617,0.019040986687432516,0.01201079495725502,0.01771294237875604,0.01542785403892137,0.018758859654625284
0.011296084944595988,0.017069948569017997,0.012128161150033453,0.01647704443644878,0.01489219965660925,0.015895784056941788
0.011192682930208087,0.015606256155574327,0.01208013530150881,0.01650137432275173,0.014813395937507407,0.015910250874597548
0.009628230952490659,0.014433483769144254,0.01176750516120667,0.017054436360749155,0.0139791833565706,0.016418142338073465
0.008917511895374411,0.013414754181247459,0.012488642026842802,0.01613011180213167,0.013851853558331137,0.015774536553729478
0.010946546486438863,0.013645838771667338,0.012524574338003117,0.014355433981101527,0.014133585972014149,0.016139408878263123
0.01237430081224175,0.013689395664718596,0.012452167438429921,0.01450682833739162,0.01396675829739873,0.016072695710666496
0.012075043280966062,0.01382827708182568,0.012782395423743494,0.014519686827617907,0.013936077801656885,0.015255397423585492
0.012844365311537617,0.01352519766642572,0.013646647466750214,0.013912809200269015,0.013822181712643804,0.01484838039675415
0.013167914182530209,0.014402927576306675,0.01275971110998357,0.013562272599790835,0.012891669282379404,0.014532323511751615
0.013233482807476053,0.014067614209140286,0.013114049458471425,0.013557939959331826,0.012768095792347856,0.014397592160981267
0.013468918310048272,0.013039686183846304,0.012946095903150209,0.012443989205427568,0.011282968904792943,0.01222662020635667
0.013425567907908763,0.013183236468601317,0.012924247118201714,0.012338673128104218,0.010355190902725667,0.012204073603234653
0.013355634752757447,0.013599882114828002,0.013268320153302687,0.012333671188680301,0.008859380121127015,0.012241577771430227
0.01341824860022665,0.013719146569156713,0.014343480484365827,0.01169700948447243,0.009318390197727452,0.012251817285354514
0.013016471440104057,0.014090295942802995,0.014258227660522227,0.011307231363301229,0.010118343153348395,0.012169252138579636
0.013916113151591412,0.013573477608203172,0.014309472013360997,0.010637274953415838,0.009500070688846642,0.012190999837029034
0.013671572710380041,0.01295746404161121,0.014786526013716491,0.009959128496913446,0.00994132668923421,0.009551509413478617
0.013323583226921306,0.01318371727193614,0.015377526384078117,0.010092092037951287,0.012847715553136782,0.009364058974745043
0.013216405574629162,0.01276506823167816,0.015362357011768052,0.010216447794452157,0.013387405768882978,0.009364301644328716
0.01358078223477207,0.012772256263967033,0.015475074558024311,0.01025458003111238,0.01352748117150088,0.009586614476184254
0.013998617084251675,0.012816321841477383,0.015282323664682759,0.010274269883380368,0.01460439903228588,0.01014460624824598
0.013945993535243674,0.01261003864704886,0.015443974057538827,0.010085397757004746,0.015061744814494944,0.010006354230878091
0.013451762854861769,0.01222862298267666,0.014093416522621338,0.008891943159864833,0.01515819117723828,0.009108048847364136
0.01349589508573951,0.012267236749417654,0.013781170041382466,0.00974420374745034,0.015328353911287675,0.009286951055491459
0.012385077483406495,0.013131771356615347,0.015867469298623933,0.011192068301797028,0.01677327737474208,0.010075289443975852
0.010974531864726808,0.013224596542864477,0.015964335853583218,0.011034669280896695,0.016992714574691585,0.010101499418422198
0.010972366960770079,0.01329421885541674,0.01602439320390594,0.011100321633624408,0.017278793023594554,0.010909569266683856
0.009506959693974911,0.013373408493152024,0.01565948845565756,0.011129317342939867,0.017128452597067398,0.01090545661378765
0.009817386982075172,0.012595692664716794,0.016147324133069685,0.01224430106076938,0.017228611615905057,0.01203612901418594
0.009686851892497697,0.012468085589310162,0.01669601265639688,0.012524207999043309,0.017868113633472203,0.011648605085959286
0.011135019038318419,0.014199933422481846,0.01624556025256228,0.012266115804467676,0.017952994968463688,0.011225044860556624
0.011492005290758783,0.014383934592040284,0.016605043585549886,0.012805946632624098,0.01842137883423599,0.012612448353441701
0.011585911719788613,0.01420290703454423,0.016913496498224594,0.012795891585793084,0.018483569020757054,0.012528880539750813
0.011825831193863769,0.015397991501139617,0.015176639218136341,0.012281600346694113,0.018331854727622807,0.012629629287424301
0.011734084953347235,0.015420431697379985,0.015252526271674768,0.012610366784285862,0.018072706611155214,0.012323999040554385
0.011689347374704612,0.014617219297588102,0.01519430170260347,0.01232117694332781,0.017934962507502566,0.012578534728743365
0.012284135281603688,0.016119991442523327,0.01564273886561697,0.012558450883532843,0.018521507723558706,0.012767765768134829
0.012496929802809078,0.015985502641589846,0.014201084159084712,0.012155080931082838,0.01644162231218772,0.013342426776285055
0.012835329731086833,0.015612536526543807,0.014483608627968403,0.011804309882417803,0.016455251627251394,0.013465410888260095
0.012705696669693805,0.016356447876825372,0.014358781851049085,0.013154582333395549,0.01667991375418205,0.014608474371030052
0.01275780913630121,0.017014050405020135,0.014787637405143942,0.014089323181535052,0.015538178892117841,0.014158325958927591
0.01668982569928878,0.016934205124234776,0.014894794750641024,0.014411122857218904,0.015361250492798035,0.014735630474520412
0.017276024314652545,0.016959244658259997,0.015271085739553675,0.015887814910585756,0.01713640092287756,0.015522957914222337
0.018304085140559333,0.016811755032813343,0.01528618410910498,0.015321040168199898,0.017446594962513176,0.015392960383413546
0.01825171316696428,0.01461676534442674,0.014241977447034104,0.014199474225562723,0.015590568702346218,0.014484008542563811
0.018413666809972168,0.014812429360330032,0.014526412617043695,0.01475751510201509,0.01508321668266927,0.014516440417421794
0.018533504122234683,0.014868530782323136,0.016602944605037837,0.015544526783917337,0.016206207258453207,0.0147285749379975
0.018695177320210317,0.01487786220374101,0.016594309641738,0.016728907741284743,0.016429772223096953,0.016347306348631133
0.018436937388879842,0.01364398898787323,0.01621838179086832,0.016129022026213403,0.01676693332271682,0.015219552914219244
0.018534113823664308,0.013643230774123381,0.0165192756925468,0.016461630255672936,0.015495154341203845,0.015317265274075372
0.017220307443990123,0.013268146452088332,0.016581517251646145,0.01646950989179956,0.015410676357820277,0.015313296147090276
0.017549555203116598,0.013124329817266037,0.01629453282817945,0.01659714869850174,0.015214993167987802,0.014730594792332932
0.017552290581521315,0.013685028095168196,0.015766230639540295,0.01766703764236984,0.015326678397751673,0.014788332993006336
0.017413998936300808,0.013275197742669595,0.016604350948002826,0.018381594065603923,0.015150199573302322,0.016462521368983175
0.017327226997406044,0.013321168533238665,0.01659031094962666,0.01824703265518173,0.015135526907111146,0.016664483431962213
0.016673917403153316,0.013626721920980136,0.01695866599975496,0.01926521346006819,0.01519128720116559,0.016773789338598986
0.015441520754796118,0.011368129207414066,0.01630606560256846,0.01904233160019494,0.014277557733243818,0.016665863834545453
0.015457641915587681,0.011451808893723797,0.0162952691526825,0.01924002267785497,0.014097532456628554,0.01633164240970542
0.016496755766781064,0.011439465120874634,0.015924570698159855,0.019549645728834164,0.013605409021581366,0.016540432116856518
0.01657316819884261,0.010715650301775438,0.016616406647136546,0.02092970598593818,0.013496160726211045,0.016279541039523362
0.01847528079810795,0.011244232520773867,0.01681209053002208,0.021293126094612532,0.014188126338000422,0.016935587589842954
0.015149199468587057,0.011420350885664409,0.017113784412529184,0.021410421623797693,0.01389663385721517,0.016478593315810072
0.014504084319424829,0.011248147324193263,0.016865792755610877,0.020464308544275125,0.011529213574232327,0.01649748599218195
0.01627341125193733,0.011644301046126229,0.017167562210464938,0.020927688364264837,0.01218215867948651,0.017447151463734743
0.01634694099579062,0.011768217002060537,0.016775743185371172,0.021142546122976925,0.011946989563237854,0.01747477840299186
0.016350126905369727,0.01214153044983218,0.016517849383568206,0.02086439740120169,0.011834834938367664,0.017465820966180497
0.0171510964794343,0.012720454153047265,0.013125405320477568,0.020002158248250083,0.011048669068136532,0.017680575306348225
0.017880271029584616,0.012585066730007427,0.013138249189573117,0.01924366446914957,0.012176389974955298,0.016508140326673516
0.017966005484976608,0.01329525774048011,0.013055891083532717,0.019277028244419007,0.0118209466687032,0.016892006362686746
0.018547933628448487,0.014029585967663733,0.012495102394945768,0.01938351341908275,0.0128912500316564,0.016351118699560872
0.018991446242935157,0.015498939105205799,0.013356476001362454,0.02014405864789983,0.012787842316801391,0.018543218924113695
0.01865718980215697,0.015499041806154825,0.013442936838816116,0.020135441418971493,0.012788918019423905,0.01854400575606652
0.01880508752077036,0.015347471862020356,0.013575147080827216,0.019376703116554147,0.013203068890571023,0.019107738100497457
0.0185228077815717,0.015510200365927979,0.014036054209271981,0.018754577224182264,0.013094489159743794,0.017985123754586586
0.01842633971369657,0.015208553963846036,0.014025323983591511,0.018660222790683047,0.013270365770483438,0.01768615362390359
0.018469219677813665,0.015238900662759748,0.013881174385607157,0.01826097618055214,0.013257332037934607,0.017414064885693897
0.018614208423495017,0.015740743753259918,0.014039061928046655,0.01828970734802791,0.013289238877062659,0.017636768522070558
0.018733223421163014,0.0158753959212075,0.014573986414532135,0.018347560144004047,0.013282200830184884,0.01738153464692782
0.01883621845681908,0.01605095991436238,0.015419194291405971,0.01881538404425045,0.01381258440143841,0.018195214100491425
0.019066311176179532,0.015724900265516734,0.015180838227759254,0.016792915876692772,0.01385692671302376,0.01771627915175389
0.017922705940394964,0.016673583373527357,0.014631582382908502,0.015475873053743086,0.016766332134297655,0.017316389493608995
0.02018735222936278,0.01713440465583654,0.015205571289939027,0.015040789394389503,0.01691026546482887,0.018783522817404495
0.0202453639753381,0.017326990742514262,0.015722740339350644,0.015040862113686717,0.01706792654676087,0.018507711370254646
0.01741456486419028,0.017123263560260026,0.015144484261042465,0.0136761418391849,0.015675756550522377,0.017422379111313398
0.017568229697183094,0.016997612600756384,0.01573853173938932,0.01422977206255438,0.015747277525374685,0.017511102992958938
0.017307008003453823,0.016893481400606102,0.016054992756857227,0.01681781682894345,0.015922982222161312,0.018358324757878585
0.017161556760393187,0.017526767670040327,0.018414892099513747,0.016928013294231724,0.016673923219752574,0.01767118837912409
0.015955296040354575,0.01829290284135818,0.018742895557084006,0.017192538310251464,0.015802953752475705,0.017928785055670412
0.016212223912961028,0.017760534659915245,0.018788871437098453,0.017421323549533078,0.01520522989712377,0.017457059472363912
0.015639978691419004,0.017369937746484106,0.018863509887677612,0.016913464853510946,0.014671501945709476,0.017654981004919697
0.015417386351050728,0.01588116698351996,0.01794142290397127,0.01637830124138952,0.01466418762575432,0.015212029320747293
0.01528937487420532,0.016090732634600285,0.018324596575867876,0.015933151551979892,0.014716907883328523,0.015188159020536347
0.015513572576782226,0.016410327946815077,0.018118168224340574,0.015766923575266018,0.014664661934391959,0.014812934648243127
0.015046679681129329,0.016024016000947452,0.017081510114042655,0.01583436921307774,0.01455426933560123,0.014553985704837484
0.014972200377444548,0.016068012840970924,0.01738329637628437,0.01585871935716351,0.01466803521951125,0.014596066017290426
0.015148603797308166,0.0158647222510871,0.017306167188963478,0.015179548530603892,0.015023715550811612,0.014593012953249482
0.01567999196023326,0.015979705064986856,0.019312922404080758,0.015680466522394333,0.015552637580400725,0.015758084238078205
0.015617405825390179,0.016215376033889624,0.018976344335965026,0.015487933972403674,0.015553012620353971,0.015753958503188413
0.01476825206481427,0.016801433114195637,0.018045125301199182,0.01417548304080388,0.014913720764560627,0.013726009081764735
0.01471602352963505,0.016833159051596627,0.017810459786536323,0.014234958001341357,0.014968716271621238,0.013823853141180467
0.01475103408399554,0.015490886310049277,0.017383964572072846,0.014172434488174648,0.011138552582803302,0.013737716044292914
0.012064724018880202,0.016071212338915872,0.017038752142355337,0.014187733878098557,0.010657689708964153,0.012281148885024898
0.012150589087980116,0.016445166190446996,0.01662978880176796,0.014404744737406482,0.010571490921290241,0.012070630090513243
0.013491046710651359,0.016533033157685235,0.016897440873323788,0.015829033629932675,0.010626897049250995,0.013900156107847342
0.013916832831111866,0.016606751867389274,0.01627624699939464,0.015394136276950129,0.010243780378678574,0.01393229736288093
0.013892680836693126,0.016312614200577016,0.01608600772340542,0.012801545024047635,0.010349199005934376,0.013151048587161531
0.013480884816065342,0.015366963888094562,0.013448246245234715,0.012953832558120531,0.009623932295131542,0.013633329890934544
0.01376473518613252,0.014524153911111054,0.0131075531410355,0.012737585506032451,0.009694833376047964,0.013177836306765256
0.013335876163371679,0.01447908743958969,0.012991446209289298,0.01303039583382461,0.010334288421796196,0.013340459576203802
0.013449324570623264,0.015223572794364496,0.012349492946356943,0.013850151298120051,0.010490820055664837,0.015008150213767921
0.013781355486664851,0.015645064114436277,0.015310196629038106,0.014156818275520277,0.010953990303688998,0.015462273363744944
0.013887782405795896,0.015318155867051032,0.015182719608598402,0.014285733840799179,0.010976824505786487,0.015588770315853399
0.016586758217416807,0.015866590323893478,0.01587496640465046,0.014307466877519675,0.011253447732178816,0.015693889091084136
0.016663859472629515,0.01655583496088736,0.01590161860889469,0.014143246356485088,0.011063980214731452,0.016429771052896756
0.016893965161889634,0.016351427914760797,0.01639186292533003,0.014059930242065177,0.010998662898719883,0.016593959599364667
0.017037941688932443,0.01653575394737173,0.017031493160189416,0.013999612167489251,0.010743016048887425,0.016763897801755332
0.016021056385035027,0.01578925048205809,0.016953549484172093,0.013240197924063215,0.01046410421712238,0.015207582185476971
0.016444195217668493,0.015545912436697564,0.01698943790953674,0.013286436162331482,0.010530562207499592,0.01495459980751374
0.0161807059369765,0.014356747035051902,0.01717658989387066,0.012849217210504143,0.010533513850868195,0.016398993716375303
0.017644640065997745,0.01428138289067066,0.017175031792182837,0.014014597152320002,0.012767225095027437,0.01689686147685061
0.01768056163496205,0.014771872885985476,0.017519437507198928,0.013974623915222441,0.01244223558917644,0.017578421855127244
0.01759554569599629,0.014097096632070682,0.017104546798549426,0.013880950034451462,0.012542038889507483,0.017835227282208363
0.017533713985285047,0.013577853659530598,0.017141599756740275,0.013395903016691128,0.012895848214062235,0.018030350917656267
0.01779790325561022,0.017290958669300457,0.01865479721324916,0.013674368116520027,0.01476483220506364,0.018434819965044032
0.01740883898274366,0.0174974199321041,0.01859128601716132,0.01434680458307377,0.015204544792385193,0.01875092417315887
0.017222074082568133,0.018076294921405223,0.01982574043650104,0.014076620339539136,0.01511538212019583,0.018735532328649575
0.01720984010876025,0.019486589868356254,0.019950271848546863,0.014015638886454074,0.015017994179990212,0.018437888897214053
0.01702127669618118,0.01958734601088113,0.01973307992913016,0.014089945138402692,0.015042486020815293,0.01833138566095201
0.018458691829403205,0.02021071558427434,0.02109188200045236,0.014087749958881101,0.016161619485921395,0.019911495471051217
0.01864169911079748,0.01945627697856306,0.021579181802127267,0.013532250415011592,0.016888873369065218,0.018036941523080344
0.018300783197699948,0.019219230512205136,0.02033392226417767,0.012796628310456715,0.016391590382800077,0.017906547109157855
0.01794455425521613,0.01940829442131017,0.020714658158421825,0.012795206297701176,0.016293351486871704,0.018403532419088837
0.014796312357027143,0.01832027849384177,0.019923400914412734,0.0127910666158522,0.01611238533072434,0.018033567755798428
0.01522095972100753,0.01829214884804962,0.019851253886499477,0.012696802408861884,0.016611967401232726,0.01760055215780274
0.01620745138592012,0.018816259298662617,0.0197088068268195,0.012600416167831375,0.016774891480198402,0.017866067664720757
0.015948704916540428,0.018642051008439325,0.01935421480023928,0.012739936480412939,0.016621204695368447,0.01774100401345116
0.015676703805772022,0.018599005097812895,0.01764759839756234,0.014267176845976006,0.016994605332513492,0.01764529429022228
0.01497029428229561,0.01931419837074275,0.01765639888234934,0.014116864709671861,0.017088310778821038,0.01803540799886893
0.015695522736611296,0.019348497271959128,0.017582575502211678,0.014117133452678987,0.017118107450374793,0.017276710567015338
0.015545184004295517,0.020440654300595527,0.017927240204535084,0.013749550784786823,0.015669823843227168,0.017016427073061537
0.015488818347106983,0.01999947322245967,0.017398076455366732,0.013742108744752447,0.015824892652467608,0.01614506323631344
0.015391875560217863,0.01976311926289111,0.016561432229627863,0.014041645475584338,0.015744013632531785,0.01463864895886856
0.01557098313008054,0.01972154258986789,0.016321231850855624,0.014045077956080194,0.015484697784371719,0.01442424065143489
0.014540345825855765,0.01678411228852218,0.015297181327536132,0.012658407950901894,0.014484243466188202,0.01339455349352477
0.014447285617772108,0.016677677868902868,0.015279006612413886,0.012051266188307099,0.014351845686836189,0.0135699259835119
0.014995088473892684,0.016366387160690235,0.014245349283806547,0.01197734955212598,0.014468883454070778,0.013651340337030289
0.015785093757509708,0.015803119761619543,0.01394809579137107,0.013970629587942061,0.01457723242045955,0.01366513308710544
0.016273590707341776,0.015739623402986968,0.014106659702098664,0.014505796160852456,0.014646187572687971,0.013639710901322408
0.015277435268744942,0.014658181780530442,0.011774510088040174,0.01370044767946166,0.012821487802436022,0.010071688759730682
0.01617287006294596,0.014701274311716259,0.011546471580823893,0.013564213289032895,0.013962026879668047,0.010162337680898966
0.016132408468135576,0.014566927914427617,0.011456281124918151,0.014275028348963825,0.01413779844436514,0.009896307700559947
0.015918095833676097,0.014714298221989764,0.01098718561178263,0.014072031531364387,0.014343322199328658,0.009578201427586641
0.015984369837792285,0.014271170239123776,0.01165229399158875,0.014078225413162433,0.014363668617577385,0.009369082585941005
0.016202053347172726,0.013470009051050133,0.011798262284020032,0.014039510832094534,0.013873140392777615,0.009683164912554222
0.015348709335995298,0.01325823790520407,0.011846930782076607,0.014037899699997814,0.013685443020440636,0.009766079886638758
0.015498384732481395,0.014290926405626812,0.01194387648944875,0.013926704604618836,0.0141839846269856,0.010590639830657906
0.015830772584225408,0.013825320167485793,0.011866147987915415,0.012449468122168765,0.013187831888608285,0.010668401814253303
0.015871863804852445,0.014116732948927966,0.011781292588656983,0.012515843618220342,0.013756134425950141,0.01002281379501923
0.014882984071771263,0.015369522680070384,0.012134177146291308,0.012797533087000781,0.01366537171354372,0.009858548545752204
0.013513032302724886,0.01431554367109254,0.013233459962336588,0.012032181224485815,0.014524908921384269,0.011085626336338465
0.014564278477889055,0.014153035743474797,0.013632610466775956,0.012855199038586373,0.01432637644433693,0.011313624304659875
0.01450641875669664,0.013972598280086568,0.014422596410469442,0.012874355322731387,0.014757051716778283,0.011336690610800712
0.014819778300910767,0.014875620758909563,0.01456031873765442,0.014215965257283759,0.015083898344185163,0.011691918685271575
0.014570297530465657,0.014696217255112519,0.01393305097051017,0.014132315360072971,0.014860467128951723,0.011693518952248105
0.01425153076916955,0.014770011128618058,0.014235264847026152,0.01419680300645773,0.015039632491587343,0.011385516571882076
0.01412376715301759,0.014264087499542936,0.014252554054743221,0.014187608071576938,0.014595031275864924,0.0113616022823107
0.012349724279149127,0.013974552989386246,0.014550382612107605,0.011806742686727514,0.014560480285392988,0.011753843245740673
0.01270590593903292,0.014067326548925525,0.014708460042283052,0.011899592469050025,0.014707762553726461,0.011764474979441657
0.012000871955564672,0.015591276206919436,0.015767758373344362,0.012780421721355186,0.015452118066337155,0.01173491211005118
0.01135858947000713,0.015613519093934155,0.015456113553754465,0.012661076311159494,0.013926068537925626,0.011810003521006768
0.011509210314665948,0.015679873388547802,0.01566160138079472,0.012080224054040956,0.013671054530135871,0.011875738398439577
0.013637363446777354,0.01570970125859213,0.01585656713307522,0.012589100367569946,0.015495330329144736,0.011873045227493387
0.015036638468048265,0.01544259695318977,0.015384894568344317,0.012604999800332764,0.015578288026405217,0.012204908702397748
0.01614407080050316,0.015222801874549946,0.016586696618810726,0.012533501853866837,0.016439441684602284,0.012445754797638356
0.016116944276456754,0.015270261144853315,0.016556049328127823,0.012715395118540829,0.01659093760774297,0.012191396262377061
0.016534656154994953,0.013463445852127996,0.016575348642609122,0.012676681180852946,0.01630716664630739,0.013481888422602803
0.01818413748115977,0.013697839239902976,0.016845748530342868,0.012496362758145411,0.017369313789165872,0.014009552463418114
0.018100275793597683,0.01375575076794417,0.01684830162150196,0.013195135340917999,0.017039126696459923,0.015810990095574885
0.019305101871439564,0.013347938918856753,0.01697589894449149,0.013198011500881866,0.01752334847673311,0.018127692210509642
0.019302170256774002,0.013354627125831978,0.015802167194083568,0.012992580815843134,0.016852504645630307,0.017674197724813687
0.01854190489846112,0.013626593003560866,0.015568149777753273,0.012109337300846568,0.017000851829640985,0.017435745321753883
0.0188462640151098,0.013631036079829063,0.014818285885094911,0.012961595965463936,0.01696583331823794,0.018298524216889614
0.01855052593956387,0.012798892418545909,0.014512936961484747,0.011562227995946169,0.01644468846221997,0.018221984577473746
0.01867288915357777,0.01269461923830369,0.01476031378640449,0.011955080931406145,0.01628858005454348,0.018384952743331733
0.018350598936548432,0.01258808268382081,0.014158791124894135,0.012671121711619125,0.017628751729362072,0.018073226681992533
0.018263059870542737,0.0134533083642028,0.014492263981802573,0.012815120712070876,0.017614354416029893,0.01869522808978497
0.01817347832362527,0.011883510841731212,0.013806513138819592,0.012519334325549367,0.017623229386272903,0.018547737844511785
0.018521324252353328,0.012260940659790456,0.016142022944182682,0.01260309049206337,0.019415775342694817,0.019254250602705865
0.01856584242599731,0.010881865261055447,0.015556729035985426,0.012616415582182891,0.019311413460042507,0.01921446706238959
0.01867528016589521,0.011175541385816768,0.01565928868497227,0.012914815338952496,0.019336525965580855,0.019224754982651113
0.018716385201949744,0.011362720382408098,0.015620377158856417,0.013470876532793375,0.019678658020064053,0.019231918802383823
0.01842310053131225,0.01137534501045628,0.015292948354084845,0.01319497350030775,0.018652108721785934,0.019822244067401358
0.017517822535360602,0.011136476921780861,0.015268071661561423,0.013654691089883736,0.018686079618933375,0.019748155311934232
0.016376085945883783,0.011432723568267012,0.013493643245179194,0.013581247880035275,0.01770251049023864,0.020432558903285516
0.016700676577333755,0.011919685277234896,0.014229910335180812,0.013564408662186802,0.01749151972010274,0.02055223719286496
0.018629856835732494,0.013315430728634718,0.015393888140312381,0.014971426998953197,0.017600189926522875,0.019548734681217688
0.017224959442121688,0.01362637589808232,0.015322853611312356,0.014807894130809848,0.016648275858678216,0.02043945771856814
0.01723133402064,0.013514842630337172,0.015300259747458547,0.014350816697235305,0.016071356438855922,0.01941800076582266
0.01584955941360978,0.01321449670379268,0.014701372398559277,0.016579308792759585,0.016282831247965476,0.017467129500906488
0.0162996682721205,0.015335831463534644,0.017983132698511664,0.018083565489068698,0.016873499043729846,0.017731378836397266
0.016781020783837763,0.01510037014845573,0.01786960285029623,0.018224963297639604,0.01662590805048219,0.017724734280522205
0.018246422828495385,0.016492964525881823,0.02018051697470974,0.017848758554464158,0.016711385345575834,0.01694764240346324
0.01872884826068546,0.01648140173861346,0.020248617775413872,0.0181048664180605,0.01681533678181744,0.016800558426974192
0.018479864593187633,0.01652210874865003,0.019848180599795175,0.01761083886769058,0.016863439620046758,0.01674741402893113
0.01966286584297862,0.017320509158633184,0.021010644959565786,0.017558761159836362,0.016878645615763518,0.017557804656110187
0.01974421183596608,0.016498260151440406,0.021067244221949895,0.017544820560410755,0.016690729271812213,0.016893979171348876
0.019967811849412157,0.017199715989929094,0.021007899346310623,0.017616141257994933,0.017633712390885552,0.016772390248490504
0.01889559690531624,0.016675101417203554,0.01887978853163453,0.016468066051293282,0.015471520376673781,0.01610064123714261
0.018814149403093214,0.017746893503083068,0.018895472721380875,0.016531310131036245,0.016228393262766365,0.01665249827470553
0.018816427646408788,0.018034489013289197,0.018897427055945347,0.016065387300301485,0.015839266346668813,0.017155408819619383
0.018951010766153836,0.01824877790820755,0.018986498849050237,0.016926570375340278,0.016095874916671943,0.018556691461742367
0.01838991481026455,0.018197282550311143,0.019043921726767037,0.017075316324696676,0.01602731890658724,0.01795231652237313
0.019193483416099996,0.018330246595785003,0.019907400328645797,0.016351011520836248,0.01625647749176878,0.01883499040719412
0.01812925865731576,0.018430545141619053,0.019929129435928915,0.016272939931705945,0.01694498911350685,0.017727865538015763
0.018085743180648508,0.018347965617344024,0.019585344874629304,0.017590239685483098,0.016970714618273118,0.01748027998442878
0.017124682451605314,0.017886012194823046,0.01891911572520911,0.017163060451927902,0.017002504507969644,0.017883902910470748
0.01653298372776896,0.017139036648255744,0.01940896973659325,0.017189331269869077,0.017221719085766658,0.01636188132535382
0.01692873957456702,0.017586903913600353,0.019426827129066654,0.0177142999372741,0.017226009143648212,0.015437161247820911
0.017064064034515544,0.0186354686000036,0.019255080306147223,0.015400322378235722,0.017423622540869765,0.01685827134489512
0.016204101167690065,0.01647351667186061,0.01570051309913975,0.013607505136193427,0.016689430087628913,0.01593988832821931
0.015419174640172248,0.016485527884369213,0.015657739244636776,0.013713526623828394,0.01663990714331585,0.016005872135089503
0.014595756357684217,0.016077597963690005,0.013378305254542902,0.01396311898451402,0.016943078569246733,0.01694845514031064
0.014481087911090238,0.01640434202339599,0.013302694277240207,0.014256127550753119,0.016732823310156568,0.017378273978869596
0.014942285351353215,0.016396213278886823,0.013577974062622917,0.014124672546451974,0.016855277056492302,0.017146155931408256
0.013008422257226262,0.015189506650992736,0.011771234652215945,0.01335106892521739,0.014576747230402252,0.015881669347294944
0.012987077445629118,0.016345487136747747,0.011198020526363033,0.013337860885233189,0.014700809164472054,0.016078396602512122
0.012701010447022909,0.01733982249884687,0.011317955729986937,0.013493710275405427,0.014459898067398912,0.016539415021894096
0.012678724976751096,0.017283800261505885,0.011489429986266921,0.01339113155803598,0.01446127512291671,0.01648099316988514
0.013051931303259375,0.016241032205485995,0.011862292560826666,0.01289005301545923,0.013590255527722635,0.017038349978657875
0.014064733160481884,0.01587978307770854,0.011799216712654995,0.012520732519556493,0.01381458592811258,0.016308356397207267
0.013513651959861797,0.017058495564769908,0.012042284246590974,0.012244646737657372,0.012800685170526275,0.01478179167325748
0.013249142089745097,0.01723614936472859,0.011939820630980933,0.011667591695787734,0.012536452200321072,0.015124184601355398
0.012283302900754743,0.01736071600251673,0.013745504078932668,0.013557053191602947,0.013032159953544667,0.014616859339653038
0.012131658731334946,0.016238223423983688,0.013847214332955373,0.013783321780233476,0.012518481183477837,0.014583718520901312
0.012053154302501605,0.01647066292852704,0.014589189813399628,0.012854288705073925,0.01280759743562451,0.0148075716997032
0.01144250466062229,0.016010618185384958,0.014497964812146116,0.011777010882147273,0.012952602739791177,0.014192165369504088
0.01147588283401032,0.015944359190315713,0.013320605976570334,0.012141099516354722,0.012842663012786597,0.014235343489820149
0.011149291444952962,0.015713854643677333,0.013272114103905865,0.012366605835129685,0.012729908922174,0.014289337055295056
0.011183346875707385,0.014922036030492317,0.013153317295988684,0.012872752220576841,0.012486423059452608,0.012894048987963756
0.01150671785121869,0.015144394260696293,0.01298830559342545,0.012904365048770345,0.011754607765529829,0.012932672129585777
0.01101079589732835,0.014969337685369975,0.012987292604535822,0.013653081475412988,0.012134837520747477,0.012866963547409058
0.01087566422938039,0.015208596547249207,0.012912015274884678,0.013316812761106214,0.011741484839579343,0.01193056709029883
0.01071366490887538,0.015868696622828464,0.013064142537165603,0.012761110897478823,0.011706450387894897,0.012064466102084706
0.010424464265510122,0.01757017771042952,0.013190798479244526,0.013084743302420338,0.01241057749367768,0.01265169482206317
0.010397619002785134,0.017731453553065185,0.013206158002758978,0.013511051376696,0.012872501199014409,0.012816242146021747
0.010922421914158778,0.016680401530797986,0.013415619587373919,0.013786984985902528,0.012345532261821297,0.013021330939080304
0.010985205397931977,0.015671015320022616,0.0133679550314336,0.013589380812379013,0.012303428046069535,0.012378038769505257
0.010484279363015077,0.01569277346873954,0.013678381415155766,0.013557937054539709,0.011975020263935508,0.01240622860637953
0.00946271961806103,0.015750801975524597,0.012791824854962898,0.013517820015550635,0.011990255569239454,0.010868777701799873
0.008811071036346148,0.015563165202016166,0.013402250206906238,0.01387064166167897,0.012062604464494014,0.010990198418013693
0.008999753992848462,0.01410038140043005,0.013437784689512868,0.013361051014015614,0.012079809439268684,0.011206104980928434
0.009806048341319018,0.013735435184825473,0.013414238192416416,0.01340271225578229,0.01191879554589038,0.010734957808835878
0.01106083804871399,0.013579106252428893,0.008282097921521464,0.011354542550978225,0.009930541201585319,0.010339943309965318
0.010994404644220579,0.013691961211424608,0.009205987227482419,0.01115281097351389,0.010056787122918727,0.010235396829221591
0.011621318231844372,0.015362805079395178,0.009416350019444844,0.013813806564589762,0.011193656851825837,0.010586372858176565
0.011754896198715415,0.015305934983614853,0.010191467157176877,0.014072264966714234,0.01070135380796945,0.010600425907402537
0.011937101641241342,0.015312704883231644,0.010182018330386618,0.013578631521924702,0.011368281937029663,0.010677988365800044
0.012498788330760959,0.015448683856781274,0.011223377203790137,0.013548750927740497,0.011775934160861768,0.01214827104670898
0.012435266438020773,0.01572673091775874,0.011321413741593601,0.013168271328368512,0.01270532000819879,0.012120960226422707
0.01238964475611607,0.01595166159169081,0.011382077606790126,0.013301262494279271,0.012629432080049408,0.011900505746424222
0.012128115191153407,0.016075008370211585,0.01138371797475251,0.012306816032502587,0.012414414126510821,0.011733351665545625
0.012140131288501489,0.015495288217672237,0.011414211490782518,0.012310709634415218,0.0122158709525946,0.012181769800652015
0.012417525387161486,0.01514289444766148,0.011089814536957147,0.012296845116416048,0.012221204992334837,0.011298484857900333
0.012312863253558973,0.013497810655017133,0.010980308307319076,0.01238916520872314,0.012711576892646244,0.010929326184103865
0.012298004282291419,0.014517448872497332,0.011628104371260698,0.01223818531154541,0.012680689454148082,0.013090375817299467
0.0122517382000065,0.014040317350802602,0.011591623607770355,0.0119191733700549,0.01291218912420134,0.013347749774958444
0.012266189341482428,0.014054548406096668,0.011898000013691156,0.012408806051038572,0.013295894606953377,0.013340438487289087
0.012355253794193945,0.014561173832547486,0.011608421977609484,0.012540159564104373,0.013363946124735971,0.01335067861600295
0.012773386959206458,0.014144911652497233,0.011492156280400713,0.012249543310684254,0.013243433021933933,0.013547109253277715
0.013275483405550055,0.015160405561779722,0.011334223797716267,0.012072106143490703,0.013548936112239722,0.01388860286206528
0.013360027241683847,0.014811616292869857,0.01116417397116434,0.012153822971929481,0.013605893963260639,0.01395042188791179
0.013699132129038201,0.015411225570391415,0.013910972768835924,0.012730634938293402,0.013843080745361532,0.015116754473604652
0.012604435999959687,0.014615320077739715,0.013901052147257651,0.012821531280074143,0.013506001443250527,0.015108770138532556
0.012649227447043129,0.014593895239267081,0.014014993130219193,0.012922701950043492,0.013249281844989762,0.01509349977123874
0.013395036447083206,0.013032414095433396,0.013754461328406747,0.01008911090819418,0.012444409889693798,0.015385140905010869
0.013331183859074504,0.013159251536049563,0.014108578650147429,0.010119318113989778,0.013117251700742391,0.01731807604277232
0.013031887664772741,0.013171473870926393,0.014103619661382542,0.009746110913958106,0.012093600574079207,0.01863581976817257
0.012602030635810434,0.01292850761919214,0.013804235418752276,0.01007282716170273,0.013407843638704089,0.01757409841916706
0.012586873919489133,0.012807549397713575,0.01425209097857395,0.010056265390101246,0.013053878409256384,0.017470646097259984
0.012521260585496699,0.012800494772282487,0.014227325803367661,0.009789655578756828,0.014210577357713205,0.017534447939155366
0.012734666492337099,0.012626532209245627,0.01433018359931143,0.009785099633792607,0.013942126041871747,0.01752673230025093
0.01374936582691166,0.012768180201051431,0.0143141519332063,0.00981931309225186,0.014200422538440168,0.018047934610977374
0.013308367630512886,0.012659723410340645,0.01470809281732863,0.009580212582375288,0.014831044324553197,0.017934554784496376
0.013276696257003609,0.013303205833536377,0.014655302837987674,0.009605575390016243,0.014059084142141113,0.018105522232790196
0.014533501806434198,0.0119804674195656,0.013741360157227399,0.009504351859425067,0.013933760026859938,0.016508942287233944
0.014545324154930973,0.012319317678568765,0.013492235585809087,0.009505388722403401,0.014568679872118339,0.015982948571221036
0.014657753568614098,0.012326305701388015,0.013659799427502239,0.010086704813435984,0.014821533437136913,0.016360750305386005
0.014940529732234756,0.011856659691983568,0.013665629005101765,0.009860936994935194,0.014839419176896658,0.016665139865947358
0.01487627228403733,0.011721117924396748,0.014730406621849029,0.010083152583955549,0.014943187778111407,0.017031134029645893
0.014003243116047078,0.010493931273858486,0.014648792402898798,0.010030207458485534,0.015104844158239084,0.016650764840047006
0.015769543704056713,0.01223883361608464,0.015772628557421873,0.01231559707093874,0.018129242930689543,0.017085993081083328
0.015219599100105717,0.011540179983639673,0.013026975559839362,0.01186191416402117,0.0176826002591133,0.015894565034780143
0.015209881224331742,0.011560003250403154,0.013069944804581084,0.012873905701032385,0.017910421066989965,0.015813662105074115
0.0151257379972828,0.011563002368535165,0.013065563918844674,0.013467888059505592,0.018038073876075998,0.017163178664409636
0.014038673314639824,0.011827678362598678,0.012938512666321234,0.013619261678691253,0.018086444272605143,0.016683323681053932
0.016070602768600183,0.015129433146897398,0.01419728933755126,0.014352697048368035,0.01901530916635991,0.014774171952150307
0.015877711498139543,0.015150620003634515,0.01419257639406187,0.014909213773117245,0.019047476624473775,0.013464538818064068
0.015651345864330587,0.015122522412382374,0.01447635781527602,0.014269401664195608,0.018106112524968767,0.01361319331830756
0.015685661068532385,0.015078797793930338,0.014912821064305732,0.014961812054064343,0.01883530207775784,0.014297811846160502
0.01572528753285498,0.016731750538133357,0.015614862537886152,0.015694945525319907,0.01805579019778687,0.01463673197537137
0.015405364245291821,0.016732246838776856,0.015412495901462625,0.015787957159475976,0.018356637822530667,0.014619381463189042
0.014506500350405425,0.01654392537628662,0.015357779731388941,0.016064902117820995,0.017988128920606927,0.01424262773528543
0.014714587890834574,0.01619179358139591,0.01581106959605587,0.016195874940715144,0.01770058512173038,0.014107891924989365
0.014731430268058192,0.01593676289918498,0.016001955319138533,0.016323878406960424,0.017709921376603453,0.013763363447209343
0.013619231905070613,0.01608136311061672,0.015931622396302154,0.016109180775093046,0.01781748855958598,0.013378414236257052
0.013494598496794232,0.015726532387829086,0.015961166676506117,0.016280518189888134,0.01633614119391878,0.01359462505178915
0.013586406142775717,0.01636871957040556,0.01639812455930045,0.016301397332050212,0.015983591342264163,0.01365091799047795
0.013259018275832223,0.016564754600406805,0.016368631719941636,0.016700100932487073,0.016000859264667627,0.013838144209574273
0.01387683994977844,0.016820573748928154,0.01617135454831502,0.016724657869082206,0.016166267206369087,0.013576545330369675
0.013976627256017013,0.0167592508802127,0.016924266378490885,0.01693254096043613,0.016957023232359057,0.013417219474853864
0.012347226121644104,0.015424804572623033,0.01601673730860501,0.016216967149748605,0.014046772022039468,0.013089727207213568
0.012658322492074511,0.01542799743359354,0.01592694860930815,0.01599365838426769,0.013998636096066993,0.012316652243352804
0.013882349272048027,0.015387370708283122,0.01598442130135782,0.015258143594792701,0.013639600983480858,0.012329278332394196
0.013775265344446914,0.015401092663721078,0.016106804815420536,0.014662820757334142,0.01502404169647436,0.011100017793476675
0.014209568212215702,0.015373989487623365,0.017403695941640516,0.015420349973422533,0.015194208850145241,0.01183097218984641
0.011877918520202915,0.012032687918707992,0.016051434647079307,0.014399231933945458,0.014206697943068596,0.010865706988280042
0.01186054982660937,0.011922988890332812,0.016019286548134344,0.013798717304001411,0.014127639243009625,0.010118043139464567
0.012024625014608596,0.011760695577941174,0.015901716904450046,0.014095951631571405,0.014058994729476826,0.010337453453863136
0.012958578534708302,0.011848947998569075,0.015240805237396985,0.013614310194157155,0.012917565301186061,0.009803367053510724
0.012874654797889823,0.00851284922940777,0.014706656909820598,0.012782785542022782,0.012255721049001203,0.009448959256545939
0.013733050063439195,0.008922274315208242,0.014721132237116078,0.01332076411184236,0.012063768148509608,0.009890654714503755
0.013758596062263555,0.00889209535925357,0.014809951833566053,0.012621293248022301,0.012232132699808437,0.00885524848088357
0.015071872985888236,0.010944776190001502,0.014378417396107807,0.013010705415798239,0.013466819428492103,0.009618802326017441
0.015076138576823842,0.01241822532329678,0.014683158154022304,0.012812299156004568,0.013474594539470936,0.009969290373639252
0.014730579157723678,0.01218407262966268,0.014716241897570032,0.012789565796706627,0.01370413404004228,0.010085499503072413
0.01495305837903825,0.012506351652965849,0.014337026935707618,0.012617901667654644,0.014257046274828626,0.009708018778767827
0.015257728478593923,0.012344831297349673,0.013902464796508989,0.012103926613069096,0.014255281518303381,0.009903343670923229
0.015465757810399886,0.012858590260971846,0.014031497713470491,0.012591283142737289,0.015276270012789826,0.010690563424339362
0.01546530088108225,0.013901375219074953,0.01388700077841907,0.012525136028877953,0.0156391112223344,0.011367065005390751
0.015567510317103163,0.013887219816627099,0.013468131981063159,0.011489114862040548,0.01404032556253088,0.012040600935204945
0.015170542880402751,0.013846854409062965,0.01386810923856575,0.010876457850419663,0.014025312180110112,0.012305666246410517
0.014827054902981597,0.013947410854752977,0.01455122939224652,0.01096239600840513,0.014090245430995857,0.012274895648105466
0.014049983424017391,0.014403835314368946,0.01483812711419198,0.01127006190171418,0.013916905468207952,0.012228064301108356
0.01388579353593427,0.014945404739351444,0.014608294787975222,0.011742365200635277,0.012924663924938145,0.011995480666438707
0.014006979524861112,0.014883997910193193,0.01263792208918074,0.011610958919914814,0.012793710408303587,0.011014589403097706
0.013855900941540279,0.014969717372992351,0.011596781637944004,0.011924120828597737,0.011138831905196506,0.011896663100661377
0.013920551017580907,0.015039619116046194,0.011608757795017976,0.012799096575395352,0.01351773779852107,0.012007626692540666
0.015159186331643268,0.01523824299809099,0.011597150037895356,0.013293783695111517,0.013556630877798466,0.012520346808800533
0.014982437023538145,0.015592106313057722,0.011608338009482837,0.013226186933042748,0.013522055715064693,0.012493284285807435
0.014884251261561956,0.01554667682626333,0.011509541150836118,0.013108763725902466,0.01353498165331413,0.012636795444075657
0.014827775984596898,0.01616279448785811,0.012390148896790363,0.015441178261284345,0.013954772129839163,0.013335951138492858
0.014894253791129129,0.016730676540776042,0.01209059808425491,0.01678576477452176,0.013921747671010174,0.014249620239049179
0.013712540760756328,0.015611839605584855,0.011086906629141758,0.0170080539035533,0.01347329025388629,0.01422676169419181
0.014381249866625256,0.01415858236773128,0.011300536423000777,0.017570406375750754,0.015490739590730497,0.014263840520212125
0.014572901923885363,0.014932622965154572,0.011305197797656152,0.01758458139371894,0.01514640229487294,0.014236500242874135
0.015796011533323374,0.01495082830610543,0.011915100624191776,0.017681743073801465,0.014602115313342481,0.014874296249418772
0.015287922244254142,0.014927528751212229,0.012716750032692842,0.017587200726816507,0.014808760140073337,0.01454688740016465
0.017357295149422854,0.014440606002455279,0.012829215457937606,0.016951022043619514,0.013944715744504073,0.013494383303848742
0.01680608695769981,0.012940067364083308,0.012894147548061657,0.016900827510474076,0.013665013284635407,0.013203201902846353
0.01753494266168457,0.012904625318013993,0.01273650961081694,0.01719962600067087,0.013483081303772945,0.014269717321101473
0.01771749724821664,0.013915714437321583,0.011944826634579565,0.018082434756238084,0.013125357654762734,0.013778603678446959
0.01854777100565667,0.013698561102990189,0.01176748743221842,0.017980700643580358,0.01341963704885583,0.014962024180314582
0.017892391998508353,0.013382072671643805,0.010554594637965707,0.01740293124514288,0.013791665175505787,0.015570836485056675
0.01843087344791016,0.012796521282225533,0.012132619102707947,0.01731908533068246,0.013815422708997143,0.015486155907321367
0.01803368490412722,0.013186088818799615,0.01253969933145436,0.016668508492038388,0.014058870604814177,0.016876852576125284
0.018446939375981797,0.01317577376719807,0.012460339496400493,0.015810590070248775,0.014106631420664099,0.016614423275714125
0.018871365023374914,0.01362966753115858,0.01256748966676642,0.01596334094648206,0.014179526938484356,0.016712061081334995
0.01916538563789758,0.013742732087652492,0.013514832810173778,0.015847941302746103,0.014206210050605093,0.016435061345072974
0.020258553142202786,0.013534195049032529,0.014366018234110708,0.015855681952715934,0.013867561540706806,0.016452603846430887
0.02038462834178216,0.013506980842762209,0.014587668841884786,0.015803149694716728,0.014169609278309863,0.01637419442164782
0.019657320836189863,0.01276817777423791,0.014203410122694583,0.013506630895208422,0.014224556558665193,0.016330682907092803
0.019784649489094763,0.012622644454186628,0.014283046082184557,0.011771912482214477,0.014189017063007578,0.015481499592699795
0.019914228409662886,0.012930532237273753,0.014268829283604772,0.01203602438803957,0.014385573460723104,0.01638848950435886
0.019391676299389374,0.013152814322689327,0.013963017942981201,0.012498670668248807,0.012400123010225778,0.016213954211219062
0.019950314167568546,0.013546778755710233,0.014234528726867179,0.01403223740027154,0.012426134611092703,0.01736127712821111
0.019032665687732347,0.013398694919456822,0.013448649867102324,0.013703180785493896,0.01354956995611242,0.016833182641681085
0.01968505603815418,0.013287984793617976,0.0130752831769389,0.014466964076486635,0.013370078980217201,0.01756662074541688
0.01751784034561458,0.013013437774711735,0.0121490107494989,0.013875334932494498,0.014278047582346723,0.017444106857141685
0.01751051761480879,0.014581751207727266,0.013916846845890767,0.014565399250440711,0.01529286889566006,0.017587264914140737
0.017053426829240454,0.014616708506429271,0.014292274810733233,0.01563824810117556,0.015401165863719297,0.017461533764233896
0.016940939036081234,0.014494374008484879,0.014902562471087445,0.015254649835872837,0.015383416403203226,0.0180210420473956
0.015359703869558122,0.014445660540526446,0.014354173825114348,0.014326675000771399,0.014790147309038021,0.016559621807171746
0.015525124517820356,0.014423191725381217,0.014347696223390268,0.013977400767499027,0.015188896766935021,0.016216247729120045
0.015308042136906267,0.015651051069863926,0.013746531846510016,0.01380393342854404,0.015477957583965238,0.016376375608185757
0.015606645604290731,0.01573025692502777,0.012814976317052904,0.013413688955868438,0.015466399674533312,0.014278115183415012
0.015417518385892597,0.015790909291479794,0.01290033400207846,0.01342839661102594,0.015460631250353888,0.014326863294314337
0.014664912756350101,0.014983765227835417,0.013133703104183507,0.011891010947690224,0.013609869101869006,0.013765501259620156
0.013771206088120012,0.015167961690883757,0.013139652491239204,0.011943603365282584,0.013772059186081851,0.013877333810496427
0.012006441270034066,0.015157477509198674,0.011393773957134201,0.012116996862450225,0.013763132354353594,0.014035366082573742
0.011841291930797028,0.015073562777522238,0.010616536860589656,0.012199439312703892,0.013526768124668742,0.013652450409795513
0.011374434251447048,0.014134872880862771,0.011763823449627106,0.01219980886769161,0.013852222813082305,0.014119641801284628
0.01246551598362209,0.014292494491824112,0.012425988939937406,0.014490616996682226,0.015684559143496066,0.014476699032260964
0.012332605799517216,0.01291795571807762,0.014020351103295891,0.013332310449989756,0.015643953953688523,0.01205513958534747
0.013913866865240182,0.01347776828191186,0.014226526596027893,0.014171402685287165,0.016436086094205656,0.014441482105339727
0.013672826152201325,0.013044707303485729,0.014558011952422777,0.013691683160535218,0.016433321205005756,0.01359329477523374
0.015303110157856062,0.013419675082653787,0.015311626151298326,0.015254922215640706,0.01823107009445022,0.01396519341030738
0.015907123635949552,0.012970695849016596,0.015326586876022974,0.014540820083886708,0.018369556658110735,0.013080255871318123
0.015817807170449907,0.012707771876132172,0.015312101189554008,0.014639224244021542,0.01712401134680863,0.013187155904555072
0.015469649320108629,0.010760704437003527,0.013650265656888975,0.013746600750038732,0.015765415264931543,0.013068269420101012
0.01559516606906187,0.010565897969833763,0.01328691809783206,0.013671680565703798,0.0156083964696346,0.011923822495219056
0.016823196903694274,0.01161637152761089,0.012951794912879091,0.014261899986962978,0.01813956655901752,0.012349979265590807
0.01690229330495479,0.011551395123763141,0.013351786474704945,0.014245117195304012,0.01793132463691678,0.012501629727188983
0.016641185271735182,0.012134765858347744,0.01613995234351951,0.014099185134649915,0.016850330376647994,0.013760024950563422
0.01704818025518012,0.011194171584550069,0.016116424876105578,0.014521350086369672,0.017204478504391423,0.013057870362335898
0.016245099076266166,0.01106706292906208,0.01632094445547027,0.01461717470085952,0.01756304862213747,0.01249417965160634
0.016527771797804344,0.011300406536414913,0.016637057563490376,0.014288181133108624,0.017893847757954717,0.012453400001143578
0.015985838674669076,0.011728651611694845,0.016025533527419093,0.013157821746122495,0.017145577778063536,0.012986196028075556
0.016508966239240395,0.013206466701127151,0.01621567345076695,0.013327167626505392,0.01722904797288529,0.014417747665955563
0.016167102837845483,0.013506592186663518,0.016138695548797453,0.013326324247308003,0.01713951265858009,0.014445542680606606
0.014805028022037679,0.013756279463353885,0.01612973020189982,0.014027623303036378,0.017199715258358037,0.01500614709008655
0.014680564297135601,0.013843131986710095,0.016148461800673593,0.014903421523612277,0.017799421005466963,0.01516134627613727
0.015112367012995252,0.014226179477083867,0.0164686635954222,0.013958298760067761,0.01746227280554079,0.015106494782231071
0.01512982184979271,0.014412013654432272,0.015546862037404272,0.014649227841291006,0.017142222776359194,0.015106361171806802
0.015014875073453579,0.014233647798375309,0.018364160845575097,0.015067031626631632,0.0183267871000309,0.014369899664642097
0.016223371632248268,0.014167512550311392,0.018769354923708865,0.01504970120855468,0.01838332883724215,0.014338424770385145
0.015451985893340254,0.013739831010152104,0.01835352434377088,0.014365444869344482,0.016206465554336857,0.014626675539943651
0.013456595428956929,0.014127536826101234,0.01881074905723032,0.015450866278530895,0.01600942022264935,0.014727208147229038
0.014593734236186165,0.014187738171290756,0.01897690666742184,0.01788054838806607,0.015720485495823427,0.014609100585762107
0.014881845551224349,0.01380785073353181,0.018866427754897084,0.017857191286347263,0.015727650482914027,0.014539445835909642
0.014887614731278491,0.014178078549487274,0.018795190794951098,0.016606961407463715,0.016177007330833885,0.014515194813488844
0.013941262132731303,0.013131505504798134,0.01871377386472484,0.016185052337036147,0.012125751104993695,0.012983488571048746
0.014003975781376783,0.015085104313897901,0.01884659131050774,0.016902780602836995,0.014755511915046227,0.01528475939079147
0.014204997245697983,0.014801900123766277,0.01614286061732462,0.01673475379936166,0.014755091360498086,0.013648502753458977
0.013843639040151286,0.015178147280955975,0.016090974849382923,0.016432677103507924,0.015008094869080942,0.013509911349825059
0.013678330630882385,0.015368052589762196,0.01743480826167693,0.01628447184350177,0.014637566386876728,0.013396138833679615
0.013551534108677538,0.015243197840127105,0.017299134869856174,0.016377067720067237,0.015207694842913908,0.013704354608750826
0.013792036332958777,0.014146987353517156,0.018248431028998823,0.01656602126671269,0.0156831860218119,0.014322799972726966
0.013056646553393888,0.012584763052880258,0.018792171301297695,0.016500786572681437,0.015908359137093153,0.014253557815584347
0.013051458305347206,0.011898673965711488,0.019162468701709186,0.016566956763398054,0.01609675885880057,0.014039427239431414
0.013505319093910248,0.011944557224004592,0.019414040535396374,0.015778573716729957,0.015818283159523164,0.013795238823406318
0.01682006446181484,0.012036090643913637,0.019224358080096187,0.016792134149131114,0.015633693368967395,0.01416821929454752
0.017143976419951232,0.011859925352705946,0.01871343742220015,0.016765869487708113,0.015019586180033299,0.014006291469901426
0.01920907876541008,0.011799859568062896,0.020113911327878826,0.015805499745270925,0.01624757210285629,0.0143329870824001
0.01919311367152059,0.0118358669870404,0.017023703698052357,0.01703513262563625,0.015407646161495364,0.014753151085075817
0.018524461982595854,0.012120072858780808,0.01659476827342255,0.017034841804210384,0.01574460568171241,0.01479479506433631
0.018498470130774426,0.012148103638187998,0.01740301364849946,0.017134796246201133,0.016736694139198958,0.014234537952387856
0.018511815758426153,0.011131690237889883,0.01723191553967484,0.016444105269885375,0.016883471920962772,0.013984205209898121
0.018611573859207045,0.010855098023473488,0.018640926918026386,0.013504609695047413,0.018667333204677027,0.014021056716833175
0.019168095209791593,0.011878024640696707,0.019591231611597145,0.013531085640633706,0.018591430070924505,0.014056616834214353
0.019463971724998166,0.011741495418896313,0.019438077328365177,0.013663483515388155,0.018056315504922732,0.01400885544147591
0.019242513464701655,0.011901464030257854,0.0194859305951857,0.013588656847614107,0.018060977189517075,0.014320017494923556
0.019062259805970583,0.011517278315019726,0.019508969917617816,0.013157186467285042,0.01693324619744636,0.011973154115183187
0.018561840848064646,0.011474721729290196,0.019490084253497585,0.013154698056803842,0.017061643007393282,0.012295613621887112
0.018594720602485338,0.011133583202367677,0.0196157263238233,0.013348309210888807,0.01711071688731829,0.01239212780520115
0.018588020663895068,0.010773209051791082,0.018166513599332593,0.013216245381343363,0.016937512764930173,0.012404067322135674
0.01845871337720247,0.010970394363172372,0.01824024341021062,0.013799746930957174,0.015867429007083645,0.012138752109996218
0.01876224603423447,0.012345041785778913,0.016562169968795108,0.013652280673704453,0.014736995323708545,0.010957618193575349
0.018518659867279994,0.011941864733895052,0.016126672292063365,0.01384144870714876,0.014846485648141667,0.010778723851086665
0.019195779256854943,0.0120155973816503,0.016042870200712617,0.015143734099864053,0.014810565879290938,0.011545824417948568
0.019048748826909448,0.01218023637759256,0.016312005859499875,0.015386477332778745,0.014862847564906006,0.011951254711545487
0.01640434603968798,0.012032115284570283,0.016233653562073805,0.013608138569551587,0.01437319044986343,0.011274257896437243
0.015750823093445367,0.012738229600990214,0.01653034133787698,0.015387538209263953,0.014436073875271556,0.011648571540488976
0.013779954361537389,0.015404746262005602,0.015299441885812273,0.016423585141580845,0.016433044235170998,0.011815127920991675
0.013559920504119636,0.015030691363939601,0.015623057112677252,0.015426051501818581,0.016045049245272284,0.01088049790489438
0.012569319703509232,0.01572510806758891,0.01639624906579394,0.01581143195983095,0.01538069048959975,0.010939888457480793
0.013195064179552397,0.016412851077713203,0.016266471121829173,0.015517804206435039,0.015209114789043465,0.010906528451815898
0.0148503036838726,0.01778350739446593,0.0165074161020089,0.016427087191267526,0.017524623064243863,0.013144441110839237
0.014323632336793886,0.01771492196259852,0.014668991379974319,0.016698502765365723,0.016812203833073434,0.013886436776103649
0.013223374425703583,0.017492828045191873,0.013626265146840027,0.017056539942079316,0.018522073958169773,0.013869588525070857
0.012999316824548666,0.017492785379388878,0.013828791979771382,0.017554170099823765,0.01831463835483014,0.014588717095037873
0.012910774917298319,0.017901534086233704,0.013704705786816056,0.017634121320987965,0.018327735395478047,0.014220311801684052
0.013560739322486307,0.016755088151358666,0.013615613275878088,0.017349674291166958,0.018205494590516853,0.014463319041890355
0.013711835205831448,0.01685812829401339,0.013892196064235227,0.016981489616993545,0.019200049478570128,0.014367163138903589
0.0135151449066282,0.01703780475258249,0.013730513634582936,0.01657690066761932,0.019944943623472343,0.014039752698273856
0.013406966488233094,0.01712080365903147,0.013002854010596379,0.016530546828362143,0.019939217665736947,0.013854577702137001
0.013739835159265395,0.01666193586494062,0.012948640703995073,0.015399019107266924,0.0200229828053554,0.01394293012082568
0.01336598051784319,0.01623403795214294,0.013013706863500257,0.015495742310069598,0.020028193713757036,0.013655093947032338
0.013289192293969715,0.01663214407710732,0.013080571041906687,0.016722922677542565,0.019928033569809742,0.013844758224472873
0.012915352557077623,0.01627873428965366,0.013548048194000899,0.015949884599168202,0.020178678097726797,0.013927812958668602
0.013319850486744778,0.01833788074856433,0.01607830941877153,0.018024907030335057,0.020869872725493403,0.014138295897670232
0.01434292853765957,0.019281834176952152,0.017715532081590393,0.0188410048198549,0.022438090184775196,0.014679321905352054
0.014355761389259631,0.018648616879514954,0.018032051087865045,0.017842245262526195,0.022390219864146983,0.015668320107529478
0.014693164497893995,0.01767134324728035,0.018213122758425165,0.017539307159126244,0.021106112409728848,0.015604248950848882
0.014682759373163254,0.01768471655009862,0.018355168823815285,0.01764700676179427,0.0211137299102429,0.015555335980150766
0.01549687018338844,0.01766028661281861,0.018568832992169316,0.017669196206533486,0.020995325166605707,0.015796924262726088
0.015258001327509858,0.0185001143839182,0.019024385232253457,0.01775686850162143,0.020834517867424313,0.01621161745757209
0.014041148884542175,0.018104460893506296,0.0185619744073394,0.01705220319813055,0.018544433948995905,0.014955608283027387
0.014098497174740458,0.0184706027445807,0.01861493487170552,0.016907116690742095,0.01850130017378277,0.014900819647303535
0.014078441074794975,0.017861735320075182,0.018387218369244365,0.016415929865395907,0.016805499722578627,0.014739632440601245
0.014357090602469551,0.017840250433960522,0.018365748246625284,0.0162733431926021,0.016796940664471887,0.014441476359427888
0.014988156244359627,0.01738642414660039,0.018558760114238737,0.01617417751209736,0.016813033180995137,0.014102903591290697
0.013959706822766201,0.017341260855133822,0.018547616554981126,0.01633827207396536,0.01694963267383025,0.013460729729686796
0.013978735253765352,0.017367237783865522,0.01851261576078345,0.01694101112497309,0.015936851067147297,0.01350478234603479
0.013937805984739525,0.017161218013701258,0.018340784515447288,0.016965898939024143,0.014938172449886135,0.013998736079615295
0.013896236448089598,0.01702865424020189,0.018277638071028925,0.016951791818653486,0.014843444211480683,0.013917995143383247
0.013346827543624814,0.017368148707569676,0.019607850584923498,0.017885181635416882,0.016627280447312254,0.013817461638318053
0.013021625217264472,0.017356838747637465,0.019680483792217648,0.01849085037759506,0.01668836829979498,0.013890322883207299
0.013315724924592296,0.017867621703566757,0.02058485423094331,0.01715123613491537,0.016773939392324105,0.01398765141697543
0.014413401673696912,0.018800355726034126,0.020363543054428973,0.017331107220171924,0.01748260428263665,0.014012236028656073
0.014559175731048294,0.017308554723037644,0.018060788438800848,0.014766188186418651,0.016371115246673947,0.013490099078112818
0.013621421436598167,0.01590360134291497,0.016689308721450923,0.013194183859151044,0.015982934981883933,0.012720544642815176
0.012626360441539614,0.015363199778690289,0.015386268887001552,0.011663075464860227,0.015572258493385506,0.0103166811565505
0.011989822225019028,0.015414228091474063,0.014880383308224452,0.011123191910572913,0.015895222882780904,0.01024583128346237
0.011968159541930451,0.015384565416213195,0.01407572197530243,0.0111172056373124,0.01617532413674135,0.010473419738812639
0.012430437836549043,0.016237392309200984,0.01469600928694066,0.012735906069976294,0.01670467241753987,0.010651476384944491
0.013323911357886714,0.01692683410866175,0.014767803266736539,0.014019229900447572,0.017115623607900643,0.011708321672724684
0.013671750210500074,0.016826055076201486,0.014936309574377922,0.013838663392729008,0.017250276446514154,0.01183074806995189
0.01417863548354199,0.016363321095654776,0.01482459259617806,0.01363683259322765,0.017745772581234963,0.011050334753837036
0.014160271026155215,0.016680178061668292,0.014949232334367273,0.01432262648337102,0.018726144116112755,0.010955685708424968
0.013731228936970676,0.01673319904688802,0.015132123257017792,0.014392989069411909,0.0191269013482078,0.011183459229027824
0.014783758925509993,0.017803323894720967,0.015329724402148356,0.014896205786787445,0.01975016870285038,0.012405964698273035
0.015012918069225936,0.01780388324293469,0.015253342799440326,0.014244161001963648,0.019843940570286676,0.014471046361744117
0.015327608937502556,0.017571574062964022,0.015556237897907456,0.014234199458084523,0.020685366282043982,0.014823363000516936
0.01578869775966997,0.018568203989752657,0.01679641938844582,0.014900502177490234,0.022048190912887476,0.015706209124100385
0.016855716031625695,0.019763143521759237,0.017393824910080798,0.01627004571606733,0.022499696387073484,0.015823052681029227
0.017082549512187538,0.019768046872578847,0.016417158375014906,0.01612609695387415,0.02106013696501053,0.015557583309504104
0.017209602466086396,0.019644952075744692,0.016201998083431042,0.016124511013520925,0.020972797825949973,0.017091678210358105
0.01638068361482748,0.018054834421252657,0.01436061753227282,0.016130333162567196,0.02103011114181155,0.01765717515565448
0.01697609691256276,0.01803494833227767,0.014408762537803101,0.01631916344990067,0.020246538906914188,0.017488429971395186
0.017436373972687554,0.017512761334985787,0.01748096407118029,0.018350477377004334,0.0206731893677354,0.017615998520986026
0.018897995812913494,0.01857911773147726,0.018350561749624204,0.01862922123711432,0.020455669393380012,0.01836811223312966
0.01921001628530403,0.018385299844168458,0.019832195785759295,0.018724118283298844,0.0193473684554344,0.018512160863114024
0.0191449258505257,0.018200910325264393,0.01978913722937119,0.01902646061991953,0.019239197628124673,0.01843327898255648
0.01918150762187108,0.018362030635822497,0.019796681013391285,0.019356519808268986,0.019190873226058537,0.018702548855516067
0.018633665725749357,0.017081172422450958,0.017952156962352653,0.018251776976221264,0.018530287446246196,0.018846187849679525
0.018915205580599306,0.016538520564381015,0.018414774692166222,0.017686358877721915,0.01984574143361904,0.018204786674233586
0.01867492535085893,0.016284481910670414,0.018712032040264375,0.01773782073942119,0.019804158491320858,0.018285865426481987
0.018137804593678076,0.015924184722933284,0.019106862544963066,0.017677206256452277,0.018493841664292097,0.01862582574153488
0.018401029613840988,0.01566845494809787,0.019236181646039602,0.01733599589037067,0.01822027236221237,0.018741345921584968
0.018190722686681687,0.015404574168230723,0.01905812510103124,0.01708483440337068,0.017588192705741475,0.018577763075992598
0.015325702459763675,0.013691366395089737,0.018549276619985147,0.016280884155926732,0.016237158124798253,0.01781284859633912
0.01535387100179191,0.013888713187023114,0.018541351195410977,0.01666091218205831,0.016359454905342474,0.01654505452745364
0.015938522637310406,0.013687143508960102,0.01858638773043919,0.01669521884951337,0.016108191580359185,0.016349891224878288
0.015967998076181763,0.012424421600326519,0.017974403570758513,0.016403106488258545,0.015212306669859267,0.015452399145497762
0.01534041147697171,0.010635890051586421,0.017727496874134618,0.015398250258053926,0.01528913688093772,0.015255525709666713
0.01523115547424443,0.010596978603100701,0.01768651567981819,0.01489987011459007,0.015214998184045057,0.015144117668904368
0.01594027965019822,0.010632980744576402,0.01792505729368063,0.013684046254971943,0.01611729033150574,0.015155126137255004
0.01646245660376791,0.010440179191013558,0.017719674548321494,0.013735885179776234,0.015976085374107985,0.014343415217525976
0.01598692950300579,0.010190265319478153,0.01807673767163381,0.013372078429856939,0.01611547889120432,0.014746470451629376
0.015660084913552627,0.010536569076456915,0.01564641404913241,0.010872280222871995,0.01491304215015931,0.014494225483452602
0.013822031068531655,0.009009859209457015,0.014479439288300446,0.010481337207575502,0.01354965454411784,0.013125700975974812
0.015243445595061154,0.009743928233603727,0.013271160272467263,0.011229080496447153,0.013425104795036266,0.013115638883870804
0.015328761566308465,0.009740272071785318,0.013205896002574592,0.010756697460326228,0.013268552210122056,0.014142950766125201
0.015345495946371485,0.010135091042066769,0.014522045147789734,0.010354357086361366,0.01344920379702354,0.014711555113664777
0.015249981570737007,0.010250394731385084,0.014527013808804471,0.010589844333138915,0.013450223662142678,0.015360235333429357
0.014896326839682504,0.012466319706016232,0.014586042838234444,0.009559039529779417,0.014593323373469606,0.015275015705344426
0.01498161958500254,0.01288372886671954,0.014675607449245686,0.010044429694502949,0.014614723032572028,0.015219267292967461
0.015161677226156484,0.01298592800968565,0.01406508938644465,0.010036033191343042,0.01492153949472721,0.014892692735301348
0.015038028355196338,0.013152816513553028,0.013497282998278851,0.010288897239720393,0.013907324084216471,0.015854210838955666
0.015034296293374896,0.0131139865856812,0.013465933915036202,0.010262798917876806,0.01315989392255453,0.015986103995962973
0.01619585071008151,0.013429496398522492,0.013932602665814437,0.010215329791997293,0.013821149551448229,0.015908977170023274
0.016001530457047018,0.014991250021332413,0.013954053183649024,0.009466953545322872,0.014936829474774507,0.016570424117533584
0.014748361166606836,0.015594806931808565,0.013965397854497859,0.009171658299138425,0.014191730537491773,0.016441569108017137
0.014925598695348583,0.015582535945863786,0.013941489356735493,0.009127339995526399,0.014188685391312265,0.015969185138125473
0.014998479342476842,0.017000135758367944,0.013616296061912973,0.009465054576575805,0.014273709036875304,0.01575185251091791
0.014761842278472508,0.018269653271556878,0.014624639895071177,0.010849820931961079,0.015392429258027257,0.015611236030651314
0.013830710173572089,0.018168894763644958,0.014512869710490107,0.010801564896159941,0.015497872217844127,0.014006369677673844
0.01370838823642263,0.018341435453673522,0.014565422414725776,0.012485227631040248,0.015775774083818684,0.014232758040590744
0.013819678740797507,0.018284610505538486,0.01444446477879522,0.012332309490975189,0.01589118367003414,0.013951980852884387
0.015051384175656934,0.018718935816612863,0.013734035783308863,0.013717102244832365,0.01645661227240596,0.01554075833044681
0.014908216095601702,0.018568836493742167,0.014349801071827943,0.013839050100110332,0.016338390983243137,0.017094462276531202
0.014121791067175166,0.01850847187247317,0.014138507776173977,0.014762631251454746,0.016313154199714713,0.017262181867525907
0.013796759959297723,0.018642556910888283,0.014063664201065376,0.015550570780059036,0.01687083609551312,0.0166574089389015
0.014407056847422805,0.018689735509813177,0.012858228869131023,0.015658515176040617,0.01810694310241102,0.016951881160111777
0.01415098518460643,0.018640856107749265,0.01276697463987433,0.015500664337882839,0.018234758425919848,0.017104628279757467
0.014018722088055798,0.016492161775207407,0.01198022781126593,0.01571934407388701,0.01615224277868433,0.01706711591542576
0.016948530572402084,0.01817615676052647,0.015073441183274201,0.017882457577709683,0.017759006742176286,0.02041987481440476
0.019645566600240364,0.019889521499975617,0.01731553914627758,0.018900185353309756,0.017772521902011243,0.02259608085147136
0.019839318018937898,0.0196345520186068,0.017896068987216608,0.01890418460449001,0.01784414854969765,0.021677320745862042
0.019964751831146085,0.019304386102877977,0.017837917284062844,0.019039483442847113,0.017298225981194043,0.02186471808803457
0.019082409922583202,0.0188667750610217,0.016769203691983838,0.01904176231168669,0.016144279809086528,0.021872849831984332
0.018944623980068947,0.01823871907509881,0.016659979474857405,0.01899111461730191,0.015734014579419524,0.02135896452693713
0.01894232993268566,0.017958469378697085,0.01677742102212984,0.01910828990295456,0.015657227646379064,0.02137465885536775
0.019187757145293097,0.01843431414271976,0.017607402183694294,0.019660363157398705,0.015678463684943824,0.021415285621442747
0.019172604616483735,0.017471007691934576,0.01757535395206008,0.019466901190872365,0.015854340076366345,0.021410093384906213
0.019100667814774108,0.01805363553904558,0.017861105592802115,0.02049627589316938,0.015983407112783416,0.022028239366837052
0.0193123210449794,0.018067083094186597,0.018077128823695617,0.020462229091761742,0.015546065638170178,0.022738603316286167
0.019174021690747507,0.01782281494139536,0.01784123846539228,0.019555205653718287,0.01512904251683037,0.022627851295857787
0.019149119564630165,0.01790489704594894,0.018149811448922235,0.019569956692571444,0.016374033249446557,0.022980971802597595
0.01870314255506298,0.016998712007566828,0.018205791745357407,0.019044763650593915,0.01646511750440158,0.022033179966062136
0.018698295108633026,0.016971857010869746,0.017912898539884498,0.019405285083263377,0.0170899513658416,0.02051063505612569
0.01739552298940194,0.016440937195142207,0.01704301248397062,0.017706224527050327,0.016830925142432056,0.019844018132578113
0.01747994160056669,0.01619114075863213,0.017149470207968583,0.017058617786493212,0.016757151636714727,0.01984192678673077
0.016856913170581335,0.015891286734802463,0.017782618662368133,0.016897729786355065,0.015610515967035147,0.019172747769829857
0.017210880592881832,0.015964862612825273,0.018304152026711942,0.017014364739182903,0.017235341982816475,0.018902570137053674
0.018316632702595863,0.017799306970095217,0.0185648454378247,0.018268610496195055,0.017300038049779653,0.019095910453647873
0.016732548607727396,0.015483716150871319,0.01592950543697296,0.01655971004874476,0.015784185648918106,0.015605194018284349
0.01321895165247312,0.01383193451959702,0.014202007418930565,0.016002348785194204,0.016065381534569444,0.012324560634278885
0.012919458395297055,0.013833361884952896,0.013391975740577808,0.015877827086805994,0.015595173043106519,0.012175588454353261
0.013067782655950844,0.01396555887145165,0.013565799320387161,0.015882789747577546,0.01572747535199513,0.012322204545043736
0.013564147231246578,0.013889975761991235,0.014182233919034516,0.015986349971227033,0.015803713616604625,0.012588144763694952
0.013743638967138667,0.013962501728964294,0.014190098040032397,0.016140957286658465,0.015931270822683703,0.012990769827653107
0.013726818630779262,0.013940732179853513,0.014279962313158886,0.015941361918054807,0.01594468758368694,0.012990747791854846
0.013650405074115374,0.013916303477467189,0.01341409681142122,0.015421100501211326,0.016199177084456923,0.013180953333822045
0.01409560092915891,0.014649279241918303,0.013996732843231214,0.015430061080690106,0.016165436280585636,0.013172564994446112
0.014500653854657288,0.011877404652967051,0.012922433987920371,0.012395852985387635,0.015388672271081465,0.012435995418838908
0.014013933504076693,0.011762854082168255,0.01262825785975494,0.012532804084118604,0.015456947342401871,0.011281969884928638
0.014072839474627894,0.01196908110215265,0.012575479703946936,0.012552730331953022,0.015525633832318244,0.012111906510226677
0.014073372350552145,0.011653344035640733,0.012255609207101423,0.012578854095848262,0.015335068554729537,0.011606626388192952
0.01342970589876737,0.012146377642082132,0.012152077211040432,0.012166147574780496,0.014936347834658185,0.011277688776155268
0.014288323279977398,0.012173025146830711,0.012184610739985691,0.011827759987220583,0.014589845472177078,0.011940937040628152
0.014709133564910102,0.01240010533402219,0.012481872301834337,0.011933233690740872,0.014590521125797154,0.011900996918572248
0.01462321562881391,0.012421884685300307,0.012077747491410811,0.01212046440570629,0.014058436380573233,0.012150468040700798
0.01505983585138725,0.014029326446440086,0.012399436238507951,0.012606743893019091,0.014250836746178648,0.01111203497346127
0.015252040193791035,0.014137343507727522,0.01186924579643372,0.013133771527264318,0.012395345735365354,0.011579395072946651
0.01292111869655905,0.012117587824243046,0.011757199552865754,0.011080646527697628,0.012181795531797919,0.011415449154573355
0.013048004069571024,0.012149078245658883,0.012092059797072195,0.010155682510828736,0.01249372281299475,0.01136358849443416
0.01366098675037579,0.014548832795850246,0.011564689463426757,0.009309776528547515,0.011369106405278667,0.011421833986766635
0.013602697707594924,0.014240980461070262,0.011564410515310318,0.009411193272915445,0.012193283927847806,0.011173939462453741
0.013840835541819916,0.014170744339654399,0.011904412183921747,0.009348992955119049,0.012451660553613783,0.010902149849539838
0.014478780675461236,0.014446118572074207,0.012282863983071093,0.012097148477583523,0.013281340686276967,0.012518006128564452
0.015448777538677847,0.015522801790212724,0.012253176233810555,0.011920383626483169,0.014381030566851711,0.015284751572939154
0.015310532058844117,0.015626081440327483,0.012307007937297745,0.011827376356746737,0.014105083705862336,0.015292032099309096
0.015447489893489796,0.016049007954717292,0.01223972126805669,0.01213882597278178,0.014771592016310469,0.015273375991979492
0.015466303609628316,0.015479491226910782,0.011426362305165817,0.012406063298162918,0.015500528145982918,0.0159389167170772
0.016475076401355093,0.015744287353313704,0.012276961086945358,0.013685972825449585,0.015404468131161062,0.015471992182312648
0.017216588433953333,0.016806178160014163,0.012763660971668951,0.01370113728405481,0.015529506193165251,0.01562969707316757
0.017218279423092935,0.018062059386996752,0.013009363732725945,0.013647927421470581,0.015407592004737626,0.015035357488803568
0.017403013331527672,0.01808052311239737,0.013236403201575635,0.013639594642587282,0.014378233984948453,0.014997938324194089
0.017792006771680826,0.018174001481792296,0.013304644691949545,0.014290437694260468,0.014386661802166335,0.014930855457645595
0.016924758752156422,0.017974541674009154,0.013314902604382079,0.0140804890636405,0.013931909915093627,0.014687228381167153
0.017503210619678765,0.01845576827960089,0.01310282530057631,0.014073672759879143,0.01423115716385194,0.014688075173992144
0.017377457491043514,0.018450878512980814,0.013603432036686854,0.014761570895568763,0.01404239045358758,0.014346496593876002
0.017421493757505204,0.018336392259145743,0.01262713141148444,0.01504589087993493,0.014254409163446712,0.015130004656419898
0.017406531430278337,0.018608919880647588,0.013188692714142832,0.014990072073344105,0.01445360430865123,0.015304018148319621
0.01658635020525194,0.019545256621113224,0.012656266021821686,0.01500110418375281,0.014359615073156138,0.01526468085204376
0.01631019596184746,0.01957107274391524,0.01216811656861185,0.017208802279185673,0.014947404564697073,0.015172725565950194
0.01612525885348685,0.017675166225424355,0.011846778424745552,0.017902015960702438,0.015449747183203867,0.016248631544632592
0.0163859281759381,0.01748383088298573,0.012309536975802862,0.018054798092919773,0.015363133387395273,0.016366358063601105
0.016820713382523996,0.01752153653637895,0.0119296887979424,0.017936028585676188,0.015572942344821811,0.016433585255616084
0.016185641915622648,0.016708919971151242,0.010458246066704749,0.015427827951110189,0.014780486848185363,0.014260140220532725
0.014884924745048296,0.01654555664960037,0.010627873576865387,0.01603988056078096,0.01392604624903574,0.01318866085887384
0.01637202757425015,0.017258884358701786,0.010717366217526784,0.017618124937053985,0.013937789174028228,0.01313698038603988
0.01674761829210675,0.01580630368483173,0.010280906708922627,0.017873639304703662,0.01332227913526813,0.012765562066627103
0.01750975020385868,0.015838369386781657,0.010973214474902425,0.01734661379208311,0.013026468283047616,0.010954246788243938
0.0165604711583687,0.016112846537365274,0.01071139252267819,0.01694042197583766,0.013230881968663061,0.01122942251709937
0.01586010642151142,0.015818505294579333,0.01081537944915645,0.01716350254750646,0.013482259777815852,0.011653988586796693
0.01587990393550906,0.014547117456116284,0.01139754212079949,0.017377443987018286,0.014132067476448866,0.012848350651431816
0.016067820231944103,0.014574148459963491,0.011103445972114335,0.017563835768265694,0.014098926049141465,0.012993962460983348
0.015972787888758597,0.014727090620806757,0.01101121388103642,0.01703501767953154,0.014412784694671563,0.013815925464581165
0.015606006100514321,0.014626728549652055,0.010894067331076437,0.01696092243498802,0.014442635508553127,0.013710917919621176
0.015515090881233647,0.014175568339322774,0.012442272040851014,0.017262295755408063,0.017818549636312717,0.01407607459619898
0.0157692806768838,0.014945479386057501,0.011963670396194911,0.01687229807472922,0.017808586769048968,0.01412959582643295
0.015149678261874579,0.014316699006590874,0.012299788865157847,0.016547897595924187,0.017363843594700716,0.013712515556272118
0.014908531562044948,0.01413540326002931,0.01193769664936218,0.01722826432878306,0.017320059555436664,0.014609086328731187
0.016386428248357312,0.012694832385353672,0.01324432172262845,0.017265389233820806,0.01732711022164115,0.015585502208521255
0.016281667960496054,0.01267526624632304,0.013926690330927995,0.015818931533711455,0.01791396759645202,0.01568946661933195
0.015667708363248465,0.011554004430520279,0.014091838431989733,0.015390204330879745,0.017445022926145602,0.015504173624896847
0.017823387613868216,0.011918505296603156,0.013905135614147027,0.01644015671870758,0.016839973218048858,0.016034691596599305
0.017633698772761608,0.011858497692970576,0.01386825112351275,0.01643258582895925,0.016559688593754365,0.01605518366916207
0.01724499985274441,0.011868029953178875,0.015924473821341892,0.016743723700170535,0.016657577216081822,0.01779367357996284
0.01747122053154075,0.01125460912945985,0.016372935403654826,0.01594739567584778,0.017000542177692493,0.016759234119484424
0.016815188443969797,0.013094408213324029,0.016419096171421874,0.015937908010260873,0.017408360494035283,0.01739953222769573
0.016040208585413968,0.012812650957460522,0.016669511507591106,0.01593752981168101,0.01719409768745392,0.017505914115366734
0.015587806743194864,0.012863083439740576,0.016390713606937477,0.015916594813337424,0.017450420219054456,0.01752455851178107
0.01553832625704149,0.013189859892224027,0.016203326256302393,0.01728194870702752,0.017899552814548778,0.01746481658355278
0.01479110025704185,0.013217551990814562,0.015909842237798875,0.017089921775538485,0.017471094394636604,0.017330969796481466
0.014916462276142692,0.013078549478685733,0.015081087586384203,0.017161383084896425,0.016839938683753476,0.01661381140365249
0.01590211163831981,0.013097691840740009,0.01489417478826667,0.01710798503476387,0.01769725058621123,0.01806164032594103
0.01567210490663571,0.012822540169255846,0.014830348604694187,0.016775722711820356,0.0172083080306978,0.01777801127731925
0.015892847158229716,0.012809606618429177,0.01526539028444553,0.016936264064216246,0.01720786512388803,0.01884895163961035
0.016230499698710633,0.012673894164056933,0.014961261903170889,0.016973474337281087,0.015282122600915755,0.01960664896746495
0.0161792177549164,0.011530472982519876,0.015288830714658577,0.017002287954897933,0.015554099246782898,0.019885029238195406
0.01696415810215991,0.012155915266498904,0.014969384960836406,0.017165555592535135,0.01551521825859011,0.01968124295933167
0.016929925053127445,0.013091691759931202,0.015310690266389485,0.016308649380385308,0.015471662810530374,0.01940395586163195
0.015709536483326014,0.014228501157775178,0.014256194474126538,0.016311479149941514,0.015437879620861832,0.020660425023404087
0.015874846459502354,0.0148625066267472,0.014348197904700977,0.017535623135154513,0.014688223578138135,0.02079597148258588
0.015950353302527694,0.014992793888308808,0.014301853621227214,0.01751124422454336,0.014763682240046833,0.020021309673864174
0.014305845448908817,0.0159417452133868,0.014608303379374597,0.017307657680363367,0.015762071675798114,0.020474162652532445
0.014500004384048623,0.01584837558972516,0.014981854170449706,0.018256228215911514,0.016488388827326776,0.020713323381071718
0.015171222545411669,0.01682440194589966,0.01223795928830186,0.01793396355724516,0.01777622883104247,0.01950096982165893
0.01572489615628534,0.01739962109090805,0.012680119846019968,0.017929538144002412,0.019108369325931653,0.019711896397902266
0.015001710808093682,0.015255468443759154,0.012708580503601415,0.01653180584069179,0.01851669251768599,0.019316703929693504
0.015109399701246369,0.01520822106464949,0.012588926302449188,0.01632745585562941,0.018498035007919612,0.01920947236902158
0.014843751447815622,0.015174227724765258,0.013167539299661048,0.016501443704329787,0.017502206860324106,0.019229454472417536
0.015048306930485537,0.014805358275659996,0.01327794407790504,0.01488462081398498,0.01733657666649151,0.01935567596224491
0.015074246948657846,0.014942558381123726,0.013056240588636954,0.015076145516983384,0.01729220647258303,0.01939716874650762
0.015196371675443333,0.015483117661361201,0.013133671460723802,0.01551925180018986,0.017352692641870896,0.019411118697369036
0.014199553293158248,0.015492820356686273,0.013394846413219714,0.015520244981950038,0.016673791651357062,0.01828583483696178
0.015338649804025177,0.016196559441465874,0.014020960721391584,0.015497722070960765,0.017761635784104318,0.01844602834317136
0.015516681791366766,0.016918735286242593,0.013497707182448786,0.015558395745687775,0.017772896295109742,0.016992842187332897
0.01607139170455645,0.018217591769972525,0.013399945083942816,0.015967135627648746,0.017914751281716164,0.016500594361671343
0.016312241929816593,0.018514540349901947,0.013213724003775205,0.01591081194565318,0.017577885095144838,0.01628728386807536
0.016102386259463353,0.01850023395215055,0.013367270624572448,0.016384325866189587,0.017773851143579805,0.016382270928009524
0.016133612919013565,0.017864223061023126,0.013230095805102185,0.01635456530761364,0.017834629608272295,0.015328109437629392
0.014949171339693881,0.01689337124884847,0.013408790386764707,0.01630175343907703,0.01816059579244474,0.013766106018394772
0.016001246096890527,0.01695607584139429,0.014642321074497268,0.014964436981717158,0.018814954368778218,0.014210720663862144
0.01688784890092691,0.020041102244510247,0.0174094428292813,0.01544118088565136,0.02113522826457014,0.016064880206115704
0.017161122908449615,0.01945500282537202,0.01655891565050757,0.014077831502462395,0.019675627854785986,0.014540207436817274
0.01719905238471553,0.019668243560254074,0.016495326018460287,0.01273882421021456,0.019616594845245142,0.014703729687534832
0.016898067565214833,0.0193071056850856,0.016596463123591938,0.0140557760443748,0.018825137081018666,0.014560457459724315
0.01645596549479068,0.018845671800396337,0.017309713879347682,0.014060538761602005,0.017664997580105136,0.014549197591274455
0.016855881522287453,0.019180862988898584,0.017288575080900623,0.01727478098351754,0.017735145645841676,0.014234434685735731
0.016847980738326253,0.019376046789866968,0.018373246323381585,0.017212084299769573,0.018441130254598193,0.01424014850293138
0.016948201424321598,0.020072986309289123,0.017785026021524146,0.018110173149744356,0.018379264518180657,0.01468032589689624
0.01729410813383015,0.020761606657624027,0.01803109590185113,0.018322720399260348,0.01795350525730732,0.014907680765993664
0.017242118946311426,0.020713010531252737,0.018018135738409203,0.01814592954579285,0.0189942043219492,0.014775839678347747
0.017695877943838104,0.02050554125913233,0.018105389150446807,0.01768714967933592,0.018808067025119658,0.014944404279159084
0.017852553756973207,0.021447878798544505,0.018046629137465076,0.017831181565854386,0.019480757295221057,0.01506798112877932
0.01661497594258345,0.020854893474258927,0.017956687783690094,0.017304994888989116,0.018137603882009173,0.014303805807463186
0.01653954306576125,0.02050748276504046,0.01801517335020582,0.018446424266475598,0.018135905228451984,0.014312719299176185
0.015151887048513168,0.018715719515514054,0.017641336359649963,0.01650458517484575,0.016583132372099425,0.014627944113780662
0.015481263083188375,0.019364033337642583,0.017670468588308785,0.016689913513271572,0.01676001094923301,0.014520241230454482
0.018763818107728304,0.019266403804999235,0.018355489798547127,0.01730168814034118,0.017938732325012016,0.015495590325449397
0.018723355572606227,0.019245772117673546,0.018292039301733586,0.01704748835237052,0.017912647464279303,0.01590854259847104
0.018916747839774296,0.019205737520879555,0.017541722063215748,0.017098757597486938,0.017273462013008306,0.01508778989378533
0.018100703357822982,0.019175063538010847,0.016606669622368616,0.01713275163669939,0.016867855002792486,0.014628108171560638
0.01836453002918932,0.01670565944543715,0.01455906815668816,0.01747396732153754,0.014137830504986766,0.013287087552363916
0.018700668721524535,0.015903506169813553,0.015038766139138777,0.018029090125133873,0.014872368942626522,0.013917162226610092
0.018596256150559636,0.017200628508468357,0.014672460979529603,0.018416185904531035,0.015449620201332285,0.013035453114615854
0.018325544383742363,0.016786153356112436,0.014242067549103225,0.018726759357033548,0.015108594897724831,0.014495226360091762
0.018528429693537362,0.01767991930915925,0.01392220561972938,0.019096523934592453,0.015263969796744754,0.014899180270534352
0.018286367958994142,0.017012418595316367,0.014067296141489374,0.016730079271673918,0.014977950475593705,0.015648511946171794
0.018761207065948214,0.017341742245495766,0.013869706606288416,0.017584351131498508,0.017224894023544504,0.01618801485826686
0.01851866811794705,0.01726548227926437,0.013894282836353048,0.01687576464965165,0.017293810097392972,0.016079739133644567
0.017983948903359012,0.01666039119876325,0.013684831377299913,0.016507702094241326,0.0173959077201541,0.015834697569550818
0.01792660993724123,0.016745814871587786,0.013616023558944522,0.016315161561190013,0.016548682276007486,0.01589369577366505
0.0170155612757387,0.01673278385927905,0.013795392539794593,0.015888784862984572,0.01683167487993757,0.016625919267311006
0.016773671344322175,0.014950996840926893,0.013867840359033346,0.015952742586225747,0.0163523200238424,0.016522840965309774
0.01676576588213771,0.014884062092614603,0.013532738254873555,0.015870539878925696,0.01815497245853433,0.01663574359727592
0.016786822950586183,0.015512563322849102,0.013743808325427154,0.013966120023462817,0.0184887810935424,0.016630710796248838
0.016817481680523872,0.015443572383921684,0.013701651270300944,0.013677541807370892,0.018182109252279033,0.015658316667682887
0.016656294371052736,0.014932286396040722,0.0130805297121568,0.014008277622883189,0.019978538179587193,0.01569835228009611
0.012735732329566988,0.01514256783911884,0.010944323858095151,0.012058177510678109,0.01850588739005352,0.015704547379910175
0.012761054177788089,0.015407037557286792,0.013057580812814343,0.01278386278602172,0.01935765318025426,0.015082196204420681
0.012677076933229382,0.015612746618376644,0.013009067970823384,0.012874881373195092,0.01954729216701561,0.015071911395356134
0.012402861411472598,0.0150263288476079,0.012302715369384935,0.012305593100999015,0.01961738857594201,0.015273831729547611
0.011345412625747921,0.015383750409849458,0.011822732324216738,0.013292701792353805,0.019558771516866854,0.015211138090122138
0.011361111603408008,0.01544599282887441,0.011985190272711119,0.013146719826428833,0.01906956039411737,0.015000932588139832
0.01131297484321618,0.014057012242745618,0.012898078920353225,0.013210795647414992,0.018165482742119803,0.015204776956215414
0.013180668674789857,0.014580569384176121,0.013468080504189253,0.012641865820390024,0.01811163592081472,0.01473993560201865
0.013188338267570711,0.013307128476867396,0.012857203262845326,0.012889184545363244,0.01804159007427465,0.014014908164180778
0.01344109064626438,0.013224745262586114,0.014800567770060473,0.012912805344464939,0.01847174303820725,0.015474696682990256
0.013680119068247423,0.013779094460697689,0.013362084678997181,0.012976706604246253,0.01487042426174812,0.01642729567294848
0.014490692899544945,0.016627136983204286,0.014140062343019927,0.014186091435413689,0.017122226733857375,0.01893064323209859
0.015524949565005643,0.0166325607723466,0.01529779380405607,0.014528996620408643,0.017184575514035374,0.018916247329205133
0.015668139725420232,0.01690570597413827,0.015650558350666387,0.015309570859218498,0.017252061823362135,0.01879771817394471
0.015363263249640257,0.016868914664142295,0.014856687448242858,0.015390517105963604,0.01634004269801797,0.01735988969435165
0.017046511929896015,0.017243804037377106,0.016065477085302513,0.015414044494735693,0.01569520416875289,0.018508386237186234
0.017282629557681988,0.017444990687594926,0.01697409288569556,0.016480994826765474,0.015286015348161746,0.019478772662163246
0.017344730172233702,0.01731709174226122,0.017035443182055948,0.01624852089428025,0.01563781077237761,0.019587907694287386
0.016836343680592742,0.01767274325850361,0.01740681672488823,0.015962603744891033,0.01571776352722296,0.01937117583898159
0.016919308472927417,0.017594775936607413,0.01718895726863745,0.016170004358161273,0.01474339493248309,0.01936185540398587
0.017007190320806154,0.017535312844715097,0.016931453658272918,0.01610093874392805,0.014778018645480102,0.019348318280396456
0.017203776281960674,0.017123947395271018,0.017229526939877015,0.01602165803931508,0.01539504890906124,0.019456924444058984
0.017274289751484918,0.017316313541546884,0.017487514761884787,0.016617989558569714,0.01572224382374607,0.019524293144203335
0.017048216876091173,0.017557483480383208,0.017511788892922295,0.016688762764748476,0.017219386074310904,0.0188433679218071
0.017610191785497206,0.01681871719193718,0.017161102716126697,0.015339597407233677,0.017186198552279222,0.01852537985662524
0.017285351902529694,0.017194401854500756,0.017139488021472023,0.014912998312905214,0.017234789173289324,0.018544769482676474
0.017521201648240434,0.017215128533649194,0.017002269546318657,0.015039777619415615,0.017538937382924443,0.018481079537863834
0.017257255545989034,0.01833158037797111,0.017454232105443147,0.015531325068681117,0.018440280107105904,0.018819375930348884
0.018001579951924987,0.018310516836564664,0.017653399409744787,0.015849665125102993,0.018785237707183225,0.019407131967791435
0.01788758776708348,0.018269343400425925,0.016747145013522535,0.01563462603073935,0.01870127169433545,0.018548291842876676
0.017403664199512434,0.01702908213536693,0.016718407685768273,0.01561883478386098,0.01810478514079559,0.01665585640655373
0.017336188410137836,0.015564920774970393,0.0177167637076582,0.016843291788182058,0.018443428074328132,0.01673466481149565
0.016574450637201418,0.015777084398627253,0.017813587502084432,0.01792650511099883,0.01953621917178504,0.017174835905178588
0.01668145097039644,0.015124330965831443,0.017477659814641413,0.01752408127759342,0.019397275949739664,0.017192385254885992
0.016661691392578813,0.014599175263851284,0.017717121248165654,0.01816560113981934,0.019455790461138923,0.01745653457299675
0.014721438320358687,0.014961487675146894,0.01632925129883322,0.018126124580426062,0.018878392676060004,0.017151742138357694
0.014974905653445648,0.015285370366106023,0.015255509537209815,0.016807457760554048,0.018381111537579785,0.016581340141424674
0.014656422578615788,0.015260519717761465,0.015442672912957523,0.01748821661276822,0.01781998156440998,0.016509373671158352
0.016193490961009114,0.015155924634466144,0.015386375619552776,0.017994292320202915,0.018861687830092427,0.017511490370576793
0.01618121076706731,0.015160610969981912,0.015295048673517232,0.017958258124100533,0.01891497379063357,0.017527641922144194
0.015947587758792674,0.015615993861541274,0.01527920834651936,0.019374800524532516,0.01898461384105912,0.01734189380195048
0.015636723273718064,0.015458362829393897,0.014309062651716234,0.019861459131516032,0.01790668051428859,0.0172335184830719
0.015544947521399238,0.01513451941847071,0.014483457617686189,0.019593907803422204,0.01784886563375366,0.016842365103278325
0.015418566966523693,0.015088687646015616,0.014464786303684857,0.019565345240069164,0.01653313796843074,0.016670173315498586
0.015099625100985541,0.01616868266430187,0.014808149430709655,0.019933061608691738,0.016688835503298187,0.017212615555917108
0.015620071585979752,0.0179300946188761,0.016484911484241336,0.020003893371686496,0.018066048381778867,0.017912268707477346
0.015437393644857248,0.01811203309025751,0.016488323344752368,0.020035294170499155,0.018535841921346885,0.01792283117550121
0.014737851567775236,0.016400193508949053,0.01634466198944693,0.019689667099978554,0.017314659787469773,0.01683734517642469
0.013658632431793775,0.01638221488953758,0.016046926633971826,0.019603377503515602,0.017027703901434633,0.01759163032306899
0.013850104799649005,0.016945599196857532,0.01560745615602173,0.01957926590936907,0.016802184952817156,0.017539041221698835
0.01338868019516383,0.016943281078010335,0.01560745965996548,0.019609291683283167,0.017470686284298965,0.017568585650374592
0.012139708216847593,0.016493110172587006,0.014257448114562596,0.01740791464423867,0.015230116083087513,0.015448010242900117
0.012603187442672801,0.01663255176849192,0.013114715326278772,0.01598433623905572,0.013705763539944817,0.014783131280304045
0.01265071235587182,0.016638386913077632,0.014269280860074656,0.01589034234740794,0.014086746265131182,0.014891774871317699
0.012825693240976424,0.016361372829041786,0.013948239233576493,0.015104184540890487,0.013930596984316623,0.014675743006148326
0.012899332464594935,0.01605635333097606,0.013923383481532083,0.015127490200628198,0.013744219952307297,0.014751954612947689
0.012366653733288357,0.016017120432246984,0.014008810174088476,0.015150074636143894,0.014319523711657046,0.015053735569320827
0.012673570239919663,0.017884732836403794,0.013536173277877782,0.014288145426502896,0.014221801103914996,0.015164171761545386
0.010654052918244821,0.01779800784283807,0.013329273977109321,0.013813278015420353,0.012754530945687974,0.01459866655887627
0.010791250561592608,0.017806517716012372,0.013528104163828008,0.013945083998416468,0.013005104348128786,0.014727360173299956
0.010757197495900555,0.017880552845641638,0.014390164237530877,0.0122897693695084,0.012953889847427996,0.014753789167130573
0.009722802615191858,0.017886430387525,0.014027163951172449,0.01117371326860607,0.01321152162280449,0.015146701747116117
0.01025073411009235,0.018031965111655866,0.014521189920555606,0.01168460715013289,0.013636892942385927,0.015431232787005934
0.010134587531364977,0.02104576790203388,0.015460500983519483,0.01149459869539458,0.014917152599084061,0.01542203010497151
0.010242801523257392,0.020056164702866513,0.015151635076825707,0.01070152584580537,0.015090644300007838,0.014900692228360287
0.00923048011623674,0.0191071441293134,0.012767176091238064,0.012560130413813538,0.01480937740168542,0.013912820558663707
0.009151527562404971,0.018806866390272417,0.012872866869593033,0.012551169604140742,0.014239422832349774,0.013978929143334477
0.009606763547877966,0.01945030928940522,0.013951431163020805,0.014266632507174791,0.01383832862754109,0.0154991410653052
0.00953290688227445,0.02012603513296699,0.01441906612900654,0.014298406147798747,0.013908822034022486,0.015175321156361419
0.009749722272243142,0.01968564897991093,0.014507132506279196,0.01585078502074096,0.014301767261028739,0.015462148866728795
0.00984680317424611,0.019937738766619723,0.01474205782261117,0.01537277604126606,0.014312514240955804,0.015321446944454184
0.010763535914775448,0.01883578034615119,0.01428025522138423,0.016740244942273424,0.0147690605591549,0.01703697946298653
0.0124842343535758,0.018055134358155596,0.015199920438968966,0.016677738636740068,0.014572377156987329,0.01740402689646622
0.014281846662097936,0.01949174536823687,0.01657328789651805,0.018219353015274727,0.01584947769975394,0.017820861715601
0.014243697483700015,0.019439294537144106,0.017363433634160826,0.018176769798019583,0.01644884235645912,0.01783477405805323
0.014720072156715516,0.01749809708392657,0.017933469879883205,0.017440457845202068,0.016619715545560663,0.017105596077639496
0.014810860401997703,0.017350733304793694,0.017939123335709864,0.01767880632560069,0.01771548891901249,0.016840026459621217
0.014595015786470471,0.017862620266982845,0.017896530485731088,0.018467483808446414,0.01801879635173077,0.01714574157197771
0.015104561589465186,0.018018026758038385,0.01777493010384246,0.018516094515951594,0.018194274160876458,0.016480166865342153
0.01664291012263693,0.017747377470964925,0.017264620980759416,0.019006476244146447,0.019431423420622804,0.01746698201914773
0.017118959155645583,0.017811206474888028,0.017013889489355727,0.019441704286289458,0.01928745631257293,0.0180160833771267
0.017112300644093678,0.017675198670039843,0.01724296656118089,0.019251533672431365,0.019852118772105534,0.0172838771063075
0.017487016226784596,0.01884668586644578,0.017056300256899897,0.01924336455907847,0.01967839270305127,0.01700311392527675
0.017536987353705916,0.016898257223197412,0.016510650612468442,0.019469170758376012,0.018964201463942124,0.01700384308384478
0.018147723644280116,0.01684517200046125,0.017029197488359103,0.0212780014352809,0.018720903163165156,0.017020948533707978
0.01822984139837925,0.016515482477443562,0.01697225164237261,0.020305417167603496,0.01708269836476915,0.016325926281487588
0.018270617154655007,0.016330389376842544,0.016820210889650623,0.020329000682371277,0.017033500030498066,0.016382714476871885
0.018330494804656074,0.0159761619899099,0.01596667910836554,0.01867280399458678,0.017125877155252822,0.014270033932090594
0.019127769771506296,0.014650809137976145,0.0156790743576514,0.019190032991632067,0.017117177058811595,0.015624641657914247
0.018720927014845328,0.015555023560643916,0.016915831009355287,0.017758121596489148,0.016611757119281693,0.015059690924616455
0.019108533981950226,0.015905214034347186,0.017870870450192963,0.018481552906508356,0.01663587778377739,0.015040241875756602
0.018807232695410882,0.016868165302091395,0.01695100968426174,0.01732559619732692,0.016629198771361056,0.013921479513170404
0.01742759615043159,0.019024525339721148,0.017938533553234586,0.01766990156112701,0.017195255692263073,0.013557312793771181
0.016683252533532037,0.01780989115255124,0.01627148155486635,0.015782689538270386,0.017340111142491923,0.013498867081722593
0.01647261229053059,0.01722154892626358,0.015548181636321965,0.014872410556952742,0.01865640207839076,0.014362252820675995
0.016010104053281037,0.017069749446636612,0.015140850166481444,0.01481030479422221,0.018635389619573214,0.014314054127683301
0.01586384456351894,0.016951747674004796,0.015276345754157417,0.014802983127606063,0.01669291681242421,0.01405934677867927
0.016288678742392777,0.01640210922041003,0.015209777250181971,0.01493183531518752,0.01671095272023575,0.0146971822215421
0.01559386262175157,0.016532291621385618,0.015237525870989999,0.014646084216933433,0.016703138261753788,0.014628505927011932
0.01455512355465029,0.01670183465269204,0.016684810232730378,0.015625413435851276,0.015404890538275328,0.014963345314434058
0.014386150139512445,0.0162884297898464,0.016582136135533616,0.01604600117435377,0.015427718772082934,0.01440084079799555
0.014502947478569781,0.016386232723188128,0.01591297574712741,0.015855941688987574,0.015058485832761917,0.01443539492347605
0.013645074063909052,0.013874424197353297,0.015553600594121725,0.015425029448191758,0.015430192056562375,0.014542449579483852
0.01457101930907616,0.01337017257667931,0.01560354805935694,0.015470257139405356,0.015394252753372526,0.014539511368673394
0.013784608472315378,0.013218462539444982,0.015949783264087223,0.013711427095973236,0.0155316036839017,0.014687852885503104
0.013923826782917575,0.013233027525986445,0.0158434435211056,0.014016897544991322,0.015939416194619922,0.014809627897107651
0.014301445532453202,0.014243837066857045,0.016565156588066583,0.014243435870634227,0.016525999022222237,0.015382910688131923
0.014203484969009958,0.014783153753485836,0.01701363873123996,0.014702034403072198,0.017052624144891414,0.016552425689942685
0.01251675938495677,0.014846299096456177,0.01756037775020512,0.0136695021163741,0.017006706458496598,0.0152803291331833
0.012448761761311456,0.014641655262184751,0.016870869425890535,0.013719880788476035,0.017079890851019627,0.01526803797384969
0.011948431690190407,0.01211195164214858,0.015000508476820633,0.01220185205011381,0.016980469244828524,0.015916868008546834
0.01188564940260443,0.012384006871365575,0.015431738806112044,0.012496363231525327,0.01703203152993271,0.01587619599949868
0.011976009876978813,0.011330862602124752,0.014119898954351024,0.013734022011686069,0.01723854528560296,0.016342311384992637
0.011681557136294757,0.011634252851721632,0.014494840883058096,0.013735777123354317,0.015240622691132659,0.015657755723293452
0.011948355579397996,0.010834152637364506,0.014246909975528696,0.01341669524709033,0.012776963646676884,0.014503486060191704
0.012338935592842422,0.010641123771270898,0.014372748050366181,0.013255505784691531,0.013090652315955343,0.014505665061180681
0.012168841526247226,0.011456598712061856,0.015917914256150145,0.013513426148383391,0.012909507861383566,0.015177984547007256
0.010757466854261889,0.01143260949797904,0.015947382645444222,0.012985529700548523,0.014350805945104295,0.014405893063109715
0.010683206891257947,0.012249736558811916,0.016176001881874423,0.01288764860100831,0.014488110347270725,0.014404053335144346
0.011808175274115928,0.015192302995508028,0.015351909810010528,0.011041032033191754,0.016553892765553073,0.0133556742567818
0.01271222767861492,0.015162061572705948,0.01598359608221187,0.010091047025552247,0.016795345033633124,0.01325339212852068
0.012161900296986349,0.015416052313996596,0.016041347091169583,0.010605284963847125,0.01613938439532793,0.013422165463652262
0.012587261369023153,0.016398682009024626,0.015760641440397606,0.010716602714576114,0.016474950700044892,0.014717752256351203
0.011952923395829814,0.01651182988089031,0.01550001831865752,0.011469316842046266,0.016915975717963994,0.015737811343901974
0.011995908115741125,0.016836473704608532,0.014893144050674637,0.01147712109997579,0.017225660052163038,0.015575714408386643
0.011952184761923503,0.017074264730051587,0.014986213438044836,0.01149644990576535,0.017529988811628327,0.015392682621845706
0.011859300320017255,0.016367568023671664,0.014131058276176112,0.011162215243854684,0.01770388339098649,0.015161184622989895
0.011473870049403225,0.016016285195651313,0.01325420736339639,0.010155389421188979,0.01681463165127544,0.014195791055143639
0.011690972275419305,0.01597047457369287,0.012724816582298659,0.010095863944236085,0.016842771354078502,0.014070940632008803
0.011733329623756044,0.01594901323537823,0.013617068441285154,0.010581928413277356,0.016846131032306418,0.01411516414899217
0.011382042922117825,0.016577335732867286,0.015393152165207364,0.010126615049480257,0.01757638176231892,0.01374078604087596
0.01139339723165288,0.016216617404380587,0.0148239889024315,0.010100773914262378,0.017130731347648517,0.013480061759310389
0.011200417273301736,0.015938493566647064,0.014863241515821551,0.009153338233454529,0.01694356767989877,0.013268940506071124
0.01132052628104991,0.015179684548077194,0.015710793492601863,0.009333209774964282,0.01707445032114032,0.013153433032355815
0.010580682382600862,0.014526930075177732,0.015225404770668237,0.010624343693274372,0.016232928550015027,0.013108249081374444
0.01080346857032262,0.014388706498217364,0.01579048967910758,0.010607450254721613,0.016119534181067947,0.013251643914508362
0.01075083333195591,0.014477172736649398,0.014823968850472458,0.010620886194876816,0.01607615503158173,0.014791738526182563
0.011139075926735029,0.014676521679412326,0.014901238219723669,0.010093921723255808,0.013799151168747591,0.015960076528211214
0.010827363423542557,0.014707253551502377,0.015016419774297778,0.010229930024402317,0.013819717473714228,0.016004450694737042
0.01094597973026787,0.013792759316942694,0.01543523373522771,0.011586925932909577,0.014150806811085902,0.015812647101417162
0.01106520936457384,0.0144182242794113,0.015782073203210192,0.013010276065336269,0.013160012907358784,0.015952243321347502
0.011618809715824813,0.01372127099770672,0.01671377371689913,0.013140217206520876,0.013756299456662421,0.016399911252695264
0.011664825217288155,0.01320275110910212,0.016651816177259682,0.01317608245472857,0.013415589300408232,0.015498957600306286
0.013456031502885013,0.014019893827171157,0.017150813190077187,0.01387281379299288,0.014460256742356492,0.01492495088387089
0.01378730825837019,0.013813671991407515,0.017094299297604997,0.013802615689271611,0.01467292960201048,0.01485817364636503
0.013768395966308668,0.01405828736546671,0.016894637601970786,0.013328259415629073,0.01438522638645691,0.014735217008849668
0.01401623110041532,0.014726536043769419,0.017076841723059052,0.013468386260264701,0.013656103010175146,0.014567591804430442
0.014331781303604086,0.014500417977954885,0.017164646047083024,0.013471522980373928,0.014475679314563238,0.014444687583108237
0.014101269318401223,0.015298536987661666,0.01725370652563713,0.013473231983368361,0.014441062812435668,0.014917096821323236
0.014513966656918245,0.015618820431323841,0.01674279852177563,0.013065958677182242,0.014777775218504487,0.01489351136977387
0.014124686348961876,0.014543948608697047,0.015080792110867653,0.013043828018719133,0.012763027978919475,0.014481322660136
0.014131603200889072,0.014639129561083347,0.015590042442990955,0.013053268153825882,0.012814354936703447,0.014451521042411578
0.014293831837336884,0.014536212841603233,0.015598947588839628,0.01289938796614873,0.012710964751973903,0.01436345726652588
0.014269574898778023,0.014654240896879753,0.015096558569012526,0.012790526278893948,0.012691580418535046,0.014366033190864975
0.014038252321667081,0.014863260471053925,0.015416688225299197,0.011534195161522461,0.014036132992556866,0.014622831043494133
0.01390088280899595,0.016029673226861375,0.01563225545884587,0.011821896803707186,0.01409977976003887,0.014973149649626927
0.013971085442916765,0.015592730643356836,0.015566275710046647,0.012195185877788495,0.015825292584201747,0.012927979588620426
0.014397989855877947,0.015670838491188315,0.015382986676489558,0.012177911955920492,0.0160796939741272,0.01021371939323886
0.014396101206347,0.015178689850377482,0.014871012039348779,0.011734014284058427,0.01583507215411279,0.01022195600359845
0.014309748637286204,0.01484385942256845,0.014553400195014275,0.010942086977010915,0.0154745176032551,0.010251370618073977
0.013521375333928956,0.013725540426236414,0.01328934561722965,0.008668631029226378,0.015729653628950846,0.010797645694146464
0.014204963532438308,0.013724927770061398,0.012774256279480206,0.011234291364690265,0.017360982651885012,0.011511760733346367
0.014143700336406427,0.013610944377580507,0.013116141430069483,0.010953347864011875,0.017232163032325453,0.011876586564807473
0.013365612848265276,0.013310944190187655,0.012720031336794682,0.010060009357924296,0.01703507859847179,0.014788947611738618
0.013148900983115934,0.013307069908875905,0.012998269372469073,0.010255278991121216,0.016720802814848508,0.015939283501581497
0.013152751161586018,0.012988601037816063,0.012951007526838549,0.010238623473415446,0.01733199774093281,0.016328018901451132
0.014706181638908373,0.011743927940646524,0.013060889029546755,0.010298241954346558,0.017380845653791225,0.01641124440945339
0.017100257235368642,0.01257757232004836,0.014426197814808204,0.011926729584069658,0.01718830704967375,0.01825421458639925
0.017697819083584913,0.012905836705301045,0.01410658776336304,0.012310842638581322,0.01860431401068062,0.019213660755016897
0.01735673009571599,0.01210678774960814,0.013932375687685261,0.012695265490077741,0.018183071603239287,0.01917613473645975
0.017448151427862216,0.012214742387429305,0.014184948690067388,0.01279651291843156,0.020009847902185737,0.01911083942680137
0.017626720790245215,0.011949363387120686,0.014657873260159458,0.01327510630188696,0.020170967934051307,0.02007477218272867
0.018772435387400088,0.011997316076043039,0.01542421493586726,0.013259754589387544,0.020422176332906303,0.0203118997708792
0.019273666434083108,0.012536822718157063,0.014912768878831808,0.013667212579768833,0.02035889911013871,0.020305098629918084
0.019648693689308848,0.012866010464424978,0.014141374952680988,0.01428556464331877,0.01981146358064831,0.019989660905194974
0.019235101978543473,0.011108248293737548,0.013724353418669226,0.014263124260975948,0.01972728472153163,0.019469547463837694
0.019245752102706046,0.01125095249947669,0.013729149410400213,0.013720759652744606,0.01841628644323326,0.018403094185796526
0.01907289703710077,0.010843398528100226,0.013797461759065602,0.013597573363444422,0.017523083170946314,0.018399184348726616
0.018919236441464392,0.010697024201955771,0.01384525169816555,0.013545131132045396,0.019287726607973354,0.018615813355932223
0.0207629745986213,0.012234124637903744,0.01526870279552637,0.014140070325210469,0.020609172374679734,0.01888255299450127
0.020790184274573634,0.012138815855450008,0.014528637025277463,0.013500538680055659,0.019527515218464794,0.01709657669230653
0.020678126749886287,0.012254543099487083,0.014469875677913966,0.012123253110209007,0.018421539831292282,0.017051162650850483
0.02060454154982051,0.01236918181728866,0.014561112894367217,0.011901623784706553,0.01815476212900004,0.01706352993125643
0.020086442257555008,0.01258702795846958,0.014821274692618583,0.01192091783845668,0.01856976263294884,0.015904523950757258
0.020193749629838102,0.012622872942457885,0.01478049042707481,0.01201681576771305,0.018513280383193144,0.015379828627450739
0.020372351511145744,0.012390172515688021,0.014815048159335842,0.013371117920376728,0.017987929835514373,0.015180699673509346
0.01960737488235639,0.012418408790714227,0.014098663760308824,0.01435210633600301,0.018049847487729268,0.01477139720254209
0.01785541565264025,0.012147957050758945,0.013534425866033751,0.013498293954926785,0.01753135604251278,0.012923863964252436
0.017404922753753268,0.01209459615165554,0.01386529009191006,0.013542690886626334,0.016182196466088962,0.011889773889236035
0.017457878776203653,0.012989833149897758,0.01386321525526654,0.013473674976557442,0.016166248195978606,0.012042881208311672
0.01732619390228194,0.014664987248570911,0.013924323981149758,0.013452957024191201,0.013708803394619955,0.013652309117386909
0.017453615617369134,0.014772714473408284,0.013093753803116602,0.012990496501826784,0.013553632509174764,0.012394342852910993
0.016138742700110065,0.01544249258528689,0.01317644947093833,0.014219645255437343,0.01329817085972488,0.01206207372156325
0.014656464905729208,0.015188061538761063,0.013651674213806968,0.013747602037558914,0.013241902649393842,0.012057634322804487
0.013117232614505125,0.01494284162057775,0.014161280384275391,0.01348005342257834,0.012306445789247281,0.011913681619200043
0.012554377387856414,0.01533814307649755,0.01371762871136349,0.01288867358077423,0.012307749151116027,0.011072391233155688
0.012360806663025121,0.014893007665497851,0.015325979946322699,0.015342869341292373,0.011300647739439737,0.011610156132921289
0.011790228805556293,0.015341928334735029,0.01521478331703113,0.015616087962352214,0.011302101470393072,0.011721880872151435
0.011779616244129243,0.015285587750531762,0.015446847669449808,0.015624338017274265,0.010196070516887529,0.01154451836007388
0.011075794821739798,0.015322568808453417,0.014534931906410519,0.015882072891950677,0.010315781021693402,0.012017120142782651
0.012530511206888759,0.01491169270947076,0.015239465261021,0.016958881257683064,0.010326123055805683,0.012494626883838868
0.012604033506614194,0.015103032402847978,0.015227908535301767,0.016927322969045214,0.010381334966603572,0.012543706406672737
0.012770035083915488,0.014612931712997403,0.014638617674178154,0.017291599868479935,0.010347176090685837,0.012401613906194086
0.012572726990417766,0.014769798698463225,0.015432429975803472,0.017397314438210243,0.01075385144453623,0.012634196401936588
0.012986444613315298,0.01516855443905385,0.01597802647582806,0.017291934998854414,0.010981290001844649,0.013915143070305024
0.013138680823711002,0.014764648451078811,0.01593795540602482,0.016607674788330924,0.010823444854847469,0.014000519894344919
0.014500445687701381,0.016711931807971533,0.017791812452750962,0.017009021106290302,0.013577744031748254,0.013900012705718714
0.014338324340756962,0.01610736260799576,0.017340744363123464,0.017031717012732917,0.013455213020963147,0.013977349361437283
0.015178326274252116,0.014658541936392483,0.017231967915884005,0.017295829479783732,0.013459621008396127,0.013178946338539294
0.015178790537503126,0.018037845443902516,0.01801261351777318,0.01733414031375705,0.014308899738818359,0.013552428483361224
0.016066535780048095,0.018183687997187677,0.018650239542797264,0.01823443813377774,0.016504862362759717,0.013947339874798579
0.016518478209875505,0.018622992742663956,0.019602750779688465,0.018675132249774382,0.01746733831189781,0.013971663702646818
0.01637528482400031,0.018479317683898717,0.019460913285039485,0.017778720192801634,0.016985800251717777,0.013486102521275543
0.016727846223932804,0.018446514765372027,0.018802824900098516,0.017880341541926817,0.016909178939743422,0.013808329959223091
0.016184608976127224,0.01839430064960753,0.018826895506416193,0.017994721833272716,0.016996153579826305,0.01392556083911897
0.016678973882976404,0.0187988194104122,0.018958477650329254,0.018410837301033312,0.01952012013229509,0.015684632795468095
0.016793008188619233,0.01918953957660213,0.017480606129731003,0.0166264890756635,0.019735735075156656,0.015254939726091854
0.0167624271478625,0.01896247098254064,0.018488661996286307,0.016347030584543988,0.020021817946062965,0.015018950977962103
0.017191130876047074,0.01924486885438987,0.018821325185537405,0.016409629864760862,0.02030544981776458,0.015263163735146528
0.01676193956355995,0.019189933112672565,0.018350013580036656,0.015572092863760892,0.01983370218076175,0.014876728914054314
0.015494692146406157,0.019270948096470633,0.01795936290157925,0.01458894927015797,0.02045779287136496,0.014949009627669652
0.015472479460743458,0.019053646267889187,0.017948491523925567,0.01502917454453651,0.020554072018617357,0.014993319810341948
0.015362073911055612,0.01896566170497283,0.01808131352132148,0.014758380344873982,0.020501630167646608,0.014857427106994687
0.015820849085884277,0.0187869845886548,0.017277921133145198,0.015071071943711002,0.02035972438747191,0.015140026563765532
0.015220211542701319,0.017724939131350106,0.01726965679126814,0.01530567368089554,0.02021931091858604,0.0144144502377921
0.015042853279417043,0.01799835834102633,0.017549562411865508,0.015447151574037338,0.021006253489216573,0.014598483416339462
0.014134511576882433,0.01695918545332426,0.015860293244847657,0.013943767338249771,0.01947839722761311,0.014638622883703323
0.013998821579907712,0.016978996783441686,0.015957226756843062,0.013816771954163922,0.01964404169036278,0.014543911902993785
0.012340782621062125,0.016929096681800322,0.015872616823425847,0.013931046887210873,0.019699044764081502,0.014493504004267408
0.013224541396553885,0.014662623825549732,0.015001284734914707,0.013791400524617114,0.019049889871838012,0.0141907134614754
0.01358442617044154,0.013334321243575375,0.013974336939503052,0.012581947664819114,0.01707825738570866,0.012122741222127994
0.012784716971612467,0.012996078277590093,0.01223972427710288,0.011949133607029688,0.016572977762639877,0.01219373352204694
0.012928349490034284,0.012503256540667904,0.011856230204240585,0.011895144304129685,0.01660480289445306,0.012473881092994108
0.013416890259028091,0.012360621889655619,0.012940129709804852,0.011951978530218206,0.01660962523463683,0.012994396130005173
0.013437097457906394,0.013101211793596626,0.013135894804787804,0.011757083748692138,0.016601348373266853,0.012969641250870523
0.012766451457362576,0.013567389505797089,0.013524134059256449,0.01163306192811909,0.015304138326693544,0.013573311409202827
0.013140739771171995,0.013415167706554869,0.013451979992710531,0.0116329700610193,0.01490091618455889,0.013510320866071554
0.01346705390296093,0.013447921155693715,0.012472416748951921,0.012822371350361489,0.014651474894886534,0.014198414868588718
0.013757709984782495,0.01249246043396491,0.011636942520613796,0.01311902257485008,0.01426926384793865,0.014938927242608575
0.013759495106321738,0.012167020163542278,0.012836410936953936,0.014021411820578266,0.013803159323730751,0.016054874259027692
0.014085616266146702,0.013003390282415213,0.014540789433611149,0.014057155604432393,0.013932784106801153,0.015833579573966642
0.014720769698943249,0.012998240260099197,0.01465161645454489,0.013903708563013246,0.013643957356748698,0.015736061611060774
0.015555336972603603,0.014193913050633635,0.014480416981105358,0.015680523512260666,0.014512508470225817,0.016820183399089396
0.015202974418877266,0.014174663868180047,0.014616704960999502,0.015135421266276908,0.014075455588735034,0.016254496882851608
0.01517578936181598,0.01520242033007412,0.014368608329364136,0.014711836770955385,0.014229353563414556,0.016186678518914848
0.015293354146848456,0.014640461184531392,0.01536898919543161,0.01616484923954629,0.013374662452314137,0.01722301610545209
0.014991236896322762,0.01475652285394938,0.015202057596781782,0.016208273500324256,0.01316063242069982,0.01743220305686166
0.017152311000665672,0.015339239622471789,0.015207880697666244,0.01697483990584443,0.013079359111475878,0.01746550157528258
0.017628654824514815,0.015182697113684343,0.01506430655675997,0.01656231661878569,0.013753282982076622,0.017233062919339775
0.017355460566508118,0.015847968855259666,0.015055833216516159,0.016566984094399512,0.01365812816822391,0.01721858147192243
0.016726346079481973,0.017151755957163995,0.015085886101907467,0.01651437940794269,0.014603716334687215,0.017323749481950628
0.016637273172512727,0.01687833173215409,0.01555056148132762,0.01648440699267087,0.014424403020571963,0.01731259680975787
0.01666105623237282,0.016904340994316765,0.0156547970001639,0.01623183481014331,0.014581477067942881,0.01689253572479661
0.016174264927029117,0.01689844087534345,0.015472295569119901,0.016753079365684508,0.01445231533124996,0.01645928798101998
0.016185942764933656,0.01588811569299549,0.015509457350022597,0.016700627064993333,0.014442185499994584,0.01705635292669236
0.016408779490642088,0.014592670762980995,0.015102465902512236,0.016347154357281263,0.012893881097413854,0.015652582645571317
0.01607292430063095,0.014716158064623713,0.015111027030104378,0.016348396381594646,0.012894822281129079,0.01563285455463842
0.0162774244751022,0.01490161474131808,0.015506435099197531,0.01557745200154077,0.012797404281204648,0.014913483525314035
0.015676587190574093,0.015115746241057375,0.015528112273914832,0.015181196735987963,0.011830264439978824,0.01430626323518731
0.015667102516402347,0.015218534836210171,0.014057232260825501,0.014348849160645518,0.011837862922492339,0.014283435521318198
0.015428830745875375,0.014624790597181242,0.012759457659209291,0.014845809500269928,0.01124389741693058,0.0142953822198383
0.01604849075883724,0.016931640062602095,0.012740866098550777,0.014395081153151355,0.012121090564060804,0.01581414323816693
0.015552454202173376,0.016290463618022454,0.01271768371375747,0.012843184129203732,0.012705877800471188,0.01528216418632273
0.015511343777603824,0.016304004620818498,0.012391837869258926,0.01331826122540037,0.01259064200387593,0.015287290101321228
0.015733630122276923,0.015058319487496898,0.012256974845826428,0.013323926401235331,0.012875620891910786,0.015339107192663294
0.015122331401494191,0.016251408483671695,0.010644622949566834,0.012521214031318543,0.013513103360033555,0.014784387229110473
0.016130853145651904,0.016834737271609643,0.012767942222059868,0.012189699051726576,0.015176105267082782,0.014844292377275718
0.013232451503405103,0.01641874641436509,0.012634068658675012,0.01082302962784442,0.016249629081044516,0.015177364910259944
0.012972518452561857,0.016329170899373666,0.013190656455089687,0.010515249963062528,0.01572108177088228,0.015107967602378269
0.014258494860142051,0.015253926191937476,0.014179963888281435,0.010373886693405615,0.01667707848212678,0.015160646818879747
0.015228486132818473,0.016267758052907224,0.016289825931520136,0.012555256802828098,0.01696575444736572,0.017208959823481224
0.015346940407981185,0.0162124882771284,0.015624384513826925,0.012824094349093693,0.01733520578627231,0.0172254919157269
0.016275748596412707,0.016169526881949895,0.0155602115198475,0.012853996962899204,0.017277413409356446,0.01720317577692631
0.01725549341843291,0.016168507120404036,0.016274446661185424,0.012126386747196884,0.01729840613954561,0.017347647348637134
0.017242779472452993,0.01678890806461745,0.015845430382259492,0.01257259404688909,0.01797630676104199,0.016416621712404635
0.017465417548068775,0.017301357026193363,0.017871499642460403,0.014095695622904315,0.019055364545106444,0.018278521576534125
0.02018587842791963,0.01795903109988363,0.019848320403543916,0.016518426153046033,0.01919970913940276,0.01931294277180177
0.01964520208689781,0.017979794773209518,0.01948098099588731,0.016488933688528627,0.019274952996808235,0.018905049292187462
0.019953011875532358,0.01916255671510195,0.019729444673103516,0.01764676105278587,0.020339993671940965,0.019136672406551557
0.02058971291732534,0.018833773108740993,0.020051434017971548,0.017337839459980322,0.020102068931402074,0.01840167442381877
0.020862733139790094,0.019008596829752207,0.02006460693782699,0.017277093372142706,0.020143184934282563,0.018372861207354332
0.02022755347712512,0.017041146795836258,0.01999655935978285,0.01727713266260735,0.01935868431197323,0.018218180099627713
0.020110085608863834,0.017987847983017117,0.019965163874008696,0.017301964634234376,0.018735383640137607,0.017969414185762526
0.02007953828152177,0.017994738132061767,0.020096508110815873,0.016938492948793616,0.01879137743256546,0.017949380534460543
0.019836786866952175,0.018684375565759356,0.020574115096680185,0.016859539545133417,0.018280236987808715,0.018101609879085632
0.020369078556422643,0.017906376124111074,0.020454601600837643,0.016269658921175812,0.017630556955135677,0.017162526421908155
0.019725853569213397,0.017325424670812706,0.018896918532658517,0.01637189532026281,0.01618838086589181,0.016548594075521807
0.0197362239244615,0.017397371821665293,0.018822660898536563,0.016292007276347317,0.015359714796192707,0.015834517165139658
0.01977360463941877,0.017942048583419974,0.019298813404319746,0.01737178221788616,0.01570140745513734,0.016960106333574077
0.018246613010194028,0.01806871623728237,0.018142238701444355,0.017463636962598738,0.014997356415560216,0.017066328449965085
0.017766357068507672,0.017835233178682842,0.01733774986335854,0.016677266727465532,0.01570303928291581,0.016079088308253744
0.017552023894085632,0.0180247793037409,0.01774937277526073,0.016316177820639103,0.015465985480126657,0.015957081073315196
0.017678518015763436,0.01890481271581901,0.017770938541354597,0.016821266847434783,0.017583220079081155,0.01595683528021597
0.01722168640875599,0.018795727345849812,0.017659352453570403,0.01663770330523644,0.01789663354035752,0.01585829583589471
0.01733234117030076,0.01776583667941414,0.017868909191474817,0.0159657089989778,0.016958558739248446,0.015426715496227227
0.016045084661293705,0.016782386746709153,0.015257569709521489,0.014473372695687735,0.01535974746888657,0.011736610694514584
0.013166960090735456,0.01714355694604691,0.013589542569993417,0.012921471284636412,0.015466477626372339,0.011530611844336857
0.014129175831287854,0.01712333728913465,0.013790805875693268,0.013210671831550327,0.01641385698271518,0.011755349716389312
0.013584542792306925,0.013922295437602537,0.013754048313911613,0.011432590507605414,0.014357637589598243,0.010653230277109295
0.012758526241392405,0.013689953446868118,0.013138471538512714,0.011456687344167181,0.014385393689097825,0.010676047446148586
0.012280013289356568,0.013722781168297766,0.013280108966228549,0.012034860324338877,0.014924330815230456,0.010499943638987057
0.013033202743159781,0.016971363705366525,0.014250746719370235,0.01607944125695476,0.01524807529610867,0.016926445640145053
0.013069921853250793,0.016762369798744854,0.014442854351789224,0.01600309952984968,0.015198284553833407,0.016773611399717708
0.01318581653005527,0.01670324466667248,0.016312702009705346,0.01630170082898784,0.016281809185913574,0.01725009543190159
0.013216894595849907,0.01723208067451401,0.01588018986746236,0.016302129741300003,0.01839747385887989,0.01797335339440268
0.012274045646012569,0.016556188184329117,0.01691134789478391,0.016829008011943435,0.018428781006211595,0.018198739804564403
0.011554220655774012,0.017203676751069413,0.017957359524731594,0.01728519420423031,0.018426761776421663,0.01849894298093204
0.01170109172677871,0.01712398461157066,0.018499239491586147,0.017332196278313314,0.01867667166595225,0.018466276832175072
0.011663588087086287,0.016888837832691326,0.017751272334118808,0.016475936191560518,0.018500260561506773,0.017566515452904052
0.01096067549728936,0.0165582901835678,0.017679112224263625,0.018896163479876393,0.01884980041960419,0.0185664721429926
0.012171935009040284,0.016474392403878824,0.017019436989320878,0.018632678786804628,0.0171998245087988,0.01884376272112046
0.011216417616166088,0.01679093954126712,0.01612012028588277,0.018794845295511547,0.01740781426174476,0.01841232438533431
0.009445373163415035,0.015161038279038166,0.015853158041347935,0.018008248831789368,0.014690537625055304,0.018692892933347544
0.009736026127509527,0.015158988164395995,0.015858629206599983,0.018368182692001418,0.013805545693602638,0.018524323873595074
0.011389007248830199,0.0152980004963647,0.016152446043119707,0.018602912541675162,0.013922242847117093,0.019267195483975263
0.011427081658524074,0.015155224498034891,0.015960636545081616,0.01865129295698217,0.014089595153731602,0.019742533971871506
0.011310273150418746,0.01410172005848169,0.015216234148724025,0.01779810293523443,0.014177672017310905,0.01947351288292692
0.012009368433327524,0.014492375546233846,0.01621735674906277,0.017937243501756277,0.01440747207328215,0.019851207258737666
0.011923148648861936,0.013968699926981869,0.016913988137159632,0.017259869943700504,0.016493364626604567,0.01932635160929859
0.011531131862331295,0.013919282618829474,0.017158407417852,0.01745590128290705,0.016499321133169955,0.018868617141709176
0.011703087346112723,0.013922769060475758,0.017060457682561512,0.01612259420646752,0.016594881311345434,0.01895753562594852
0.012288621455749535,0.012067938983817821,0.016961911271392786,0.013958469984416499,0.016594283618180942,0.01648336121054968
0.014626447236641945,0.013847828773482597,0.017657095238862282,0.014918762049924652,0.019052359724246893,0.01807497507941456
0.015412276282083987,0.014159302459500981,0.01684037222755175,0.01488200533377274,0.01861550295762599,0.01899555316434457
0.01517442626604899,0.014138448389207303,0.018078781012978717,0.015813377497710748,0.018001240731941048,0.019565816670152898
0.015268807889789283,0.013842247687370609,0.016380466107790634,0.01566006401762002,0.01805057189609456,0.019709226364503965
0.015401032119593266,0.013582820053926364,0.01568883492395863,0.015432616456531783,0.018410507608352434,0.019635133265701255
0.015553741784490805,0.014565831450415472,0.015691545537696108,0.0166644101552289,0.019606082680755126,0.020685335087813693
0.01612753303028144,0.014809150030909836,0.01615758542575912,0.019167176373355438,0.020106489774453683,0.02083925974966341
0.01672860261926286,0.01456070651072594,0.01612456144067976,0.01660976711582311,0.019397131275551965,0.02014764655206252
0.01710690759123962,0.013678089531646476,0.01606760454570161,0.016414835503023244,0.01902869704921197,0.019667716086145544
0.0172481700494477,0.0130055225872746,0.01633049539087945,0.01636049578410586,0.01909051873126128,0.019679924744361182
0.01728158174534536,0.014575479852734987,0.016836133889966912,0.01630211480723766,0.019148830327420884,0.02014403086790428
0.018533745269020352,0.014576706527658986,0.01693705514678773,0.01674696725718818,0.01924227163057958,0.02014393539948387
0.018384883235573926,0.014787528926794642,0.01619531241236239,0.016063686854014717,0.0188963022443784,0.01945478663875833
0.01826662010651334,0.015129456782614552,0.016043910115025276,0.01556509568951546,0.01883031213905424,0.018342824675120786
0.018247135404300435,0.015245166449992263,0.016030601233037168,0.01565480628954842,0.018995694697489088,0.01862330387613884
0.016905914789479393,0.014416563654801973,0.01386415113731673,0.015281109748765056,0.018013588108713743,0.017847435777985476
0.01906327123092626,0.014564307433577933,0.014155797825489548,0.016299433944920397,0.01708085168350444,0.018651279506668943
0.019567948035790816,0.015188741845497133,0.015106280248790889,0.01745377207520424,0.01725522588067246,0.019760274880799508
0.019176711519204425,0.014757780053204323,0.013860860880903735,0.017584361419667335,0.015180966673395848,0.01828718637019663
0.018949940593814163,0.016765946173839467,0.01677747074191879,0.017946900341979564,0.016561064904800207,0.019858516132484877
0.017846889834757847,0.015887822810686923,0.016674116319375504,0.01771571386198365,0.01453663308842832,0.019080380156337656
0.01684155251517443,0.015553884813940686,0.016215400135648185,0.01740270944686309,0.014336021430832561,0.017531569563736006
0.016841692677049668,0.015363545065292118,0.01527103874924603,0.016956384397111404,0.013743981826462956,0.017243037828167374
0.017024625351733977,0.015366039769494955,0.015287609444668664,0.016709479368029828,0.013777450801465443,0.01722569092727665
0.0168337705966079,0.01547328662026749,0.015307449292030146,0.016385589002146997,0.013092392778609073,0.017404748814466495
0.016833376154631957,0.014417338207744705,0.015128850204454685,0.015586259527216473,0.011711466862873084,0.016711350606044627
0.017190313221906544,0.014766946136364641,0.014701771556167838,0.01238819307842512,0.01178773000015519,0.016411692571754715
0.016998752967324837,0.014673796222565134,0.014708732693736598,0.012390275327228962,0.011675287566862695,0.016521811598289828
0.016605819062969436,0.01479538467860086,0.014737213672181743,0.011893505560400735,0.011675647233773068,0.016522722774770408
0.016574078260879362,0.016492021794889258,0.01585011053353689,0.012198415646501046,0.01346036047243846,0.016554325280767983
0.01707691055686447,0.01574737419348528,0.01701163358163638,0.01368683273998347,0.015537306031827522,0.01691131961501844
0.016396408765725647,0.017898948392360607,0.01855472757246398,0.013505593528189249,0.01576763970522978,0.016820071618905058
0.017264206964310812,0.018040656623180468,0.021400025333898856,0.01537985857409509,0.015805568274606996,0.01692052033686505
0.01732257800401867,0.017585541328561913,0.021574988840244808,0.015493345649769969,0.01553790385972872,0.017019473858673067
0.01732813091638667,0.01755973928904752,0.021479100920449197,0.015949333036366493,0.015735776850372366,0.015977010062996084
0.01740332928221099,0.017550552745377757,0.021593593104516542,0.01581009472128808,0.016180137027108236,0.0157059087569136
0.015145355208496579,0.01747659659704379,0.020771114358297073,0.014966281407687234,0.016087434041832018,0.014783046871536452
0.014446693936812539,0.017458699540755768,0.020393065257819906,0.01420318003105383,0.01597831596844828,0.014727273705523361
0.014156337150952188,0.017507781336869633,0.020677753611361174,0.014930911184767337,0.016040336008826536,0.014552998248159015
0.013103000925979024,0.01659481109211706,0.01945342942127742,0.01379539223562335,0.014529148120530178,0.013460797482334856
0.012877102787591266,0.01614604139117419,0.020017600327221836,0.014524361121788681,0.014393446135836607,0.012478696286030802
0.013124458531183084,0.016191519735133806,0.019378414842122427,0.014543551091764221,0.014530845919624558,0.012965250811664074
0.013066270442439203,0.01647065537973819,0.019392955052394693,0.014977476587635317,0.014874324681479673,0.013500991436674272
0.012952150594599489,0.016769048507179887,0.02044039293646227,0.014886000104252364,0.014874871142393678,0.013655515938650043
0.013120121735573979,0.01676881569270007,0.02049148222808397,0.015541076629946932,0.015335314672037699,0.014166953329783108
0.015555456125217635,0.01739877207355609,0.020802990876789385,0.015418944408484153,0.015522320031090706,0.013923328031152883
0.01515255221381121,0.017412030126947815,0.02186516436516958,0.016071012888102563,0.015116034526400982,0.014235228784637604
0.01632727071518888,0.017730697570491234,0.02187559075038235,0.01613265030012512,0.017668671666085548,0.015030713305776816
0.015436966579718884,0.01773480617905368,0.022284910396022293,0.016662646123416534,0.01752393963735569,0.015291142137619966
0.015380076945535092,0.016490572001730954,0.021675301777781146,0.016638611579378883,0.016215319176952302,0.015580825880622278
0.015164860245555417,0.015967106729597454,0.020703133411860194,0.015931305561450036,0.014313333069658846,0.014153572436371352
0.015113909052354867,0.013767528720095287,0.019349353286326785,0.015600317645912227,0.013971065135636182,0.01408111444383941
0.013231691639033203,0.012735805533349895,0.016080591959266182,0.014251216134971295,0.01403352629655414,0.013971448701463106
0.01352566548779629,0.013143255213218356,0.015971257996525382,0.014190544119826686,0.014105994357009799,0.01369488981201426
0.013453729451095426,0.012869114269844729,0.016261453608293983,0.013373158115496601,0.014026643548418673,0.013581684097635929
0.013984719837208365,0.01395046775268872,0.016640594391275108,0.013427056433514748,0.013346036120052605,0.013401144643783676
0.014037788825317617,0.014579510785763007,0.016641320545536128,0.013396679488702856,0.013645595727461459,0.013774977005396127
0.01389446121163246,0.014454183562469077,0.015720221612958583,0.013072797865397988,0.013798963920697457,0.013068451563322427
0.014545188960844394,0.014598832991452145,0.01460775712396075,0.011815637074460575,0.014799182212467744,0.014875622158399283
0.014659351450638158,0.01546775712525486,0.013620346957465218,0.01228147602565274,0.014817155163116052,0.01356526346737422
0.01580517700083423,0.016500218723957495,0.015631696890003103,0.012979092414465784,0.01622204496955803,0.015588201271553914
0.015754233456296608,0.01637028432494406,0.01608769987340485,0.013583226907126496,0.018663743422305513,0.01619110467568685
0.015720332330197557,0.015842870275372532,0.01622574693423228,0.013191223799651658,0.018143266704644324,0.015500554040316843
0.01649474691510183,0.015729138124580395,0.015548143569065954,0.013194420830796761,0.018180487533673254,0.015499485049534335
0.016643386114665416,0.016237616778113296,0.01566251005574013,0.013602738357996084,0.018309795123638988,0.015201552623908059
0.013976574410582067,0.014777281958521222,0.014745898644394611,0.013719439251655143,0.017712117853119002,0.015000358106982786
0.013941781093252335,0.014108152404034523,0.0148547786775616,0.013580273590638235,0.017797513032900156,0.014773692739142507
0.012913986051883158,0.014128547661990584,0.014934804855190114,0.01359763158738558,0.015868022238995368,0.014239856976664585
0.013001036002626334,0.014697466892855157,0.015363379962813985,0.013630981346169083,0.01592008347263774,0.015031728932350219
0.012945289786109768,0.01469535404479845,0.015401021939143108,0.01360120881733744,0.015915921403398838,0.014550788256567325
0.01308370998153454,0.015201853091369304,0.015542947392548783,0.013465447304921266,0.015890227384912147,0.01449844269846901
0.013381705212461863,0.015433984599526183,0.015543042841694275,0.013957301065134781,0.016371112035981707,0.01570012877946596
0.01408048560308318,0.015557669984194769,0.016898400392523757,0.014677546478840904,0.016060018188975036,0.01579751398481526
0.013783860881853674,0.015301423795083978,0.017170761274957168,0.014682098334005406,0.0163620771842835,0.016108590931187248
0.013888671281756927,0.016158482803821067,0.016951842511604812,0.014996414494445163,0.01731378337710454,0.016114956631015875
0.013609566603085236,0.015241953247990703,0.01733712003438931,0.015285866246452704,0.017338594646750458,0.01611307291265856
0.013761172080022182,0.015257767441497549,0.01761247195061962,0.015446661349772711,0.01744758475944753,0.01606350492842145
0.013673519270718498,0.014900005198851322,0.017698093226550086,0.015491467968804703,0.017552120043406762,0.01624065821625449
0.013088838145577165,0.014794575056726838,0.017309440589539017,0.01609524402511065,0.015608466386206186,0.01489112556773253
0.012817227458345128,0.013182426741530119,0.017126676988232704,0.015825201764174332,0.015017257983911422,0.015104341155441809
0.012449699219912284,0.013141467816388508,0.015914375112147255,0.015118767977666949,0.014793419524137026,0.014931022773048494
0.012485955652654467,0.013664083990906451,0.015494619763606419,0.014610367817356487,0.01375660409995376,0.014930096576887245
0.013214753404479373,0.014107779733486132,0.016698897777964607,0.015472314749703966,0.014805136834781728,0.014677784974446623
0.012805165592274119,0.014079434372868925,0.01689901981233515,0.01574221876112941,0.01471734632125087,0.01466051854437655
0.012365578300986493,0.013330294759584083,0.016747157070606783,0.015216977376966888,0.014680745626918923,0.014462785291190631
0.012649420776329568,0.013367442640435996,0.016394318363796328,0.014714082596663422,0.014628776838965693,0.014391464506817522
