Asset_1,Asset_2,Asset_3,Asset_4,Asset_5,Asset_6
,,,,,
,,,,,
,,,,,
,,,,,
,,,,,
,,,,,
,,,,,
,,,,,
,,,,,
,,,,,
,,,,,
,,,,,
,,,,,
,,,,,
,,,,,
,,,,,
,,,,,
,,,,,
,,,,,
0.014564053020249263,0.01758841373928694,0.01856676657640004,0.015087784743881921,0.01683998589467697,0.014457373422441196
0.014309560467618651,0.01733906316607114,0.01857800013668965,0.015136828829170673,0.016788337284457378,0.014468978231943656
0.014140302982105129,0.017142033433245246,0.017629799044453064,0.014997560366435252,0.015356617046956312,0.014473793019707859
0.014814122760220582,0.017141386157620963,0.01724397811842507,0.015088281792431981,0.01542690448434614,0.014845738478323116
0.014829767453117985,0.017156590911319654,0.01764000877213566,0.015672355096491702,0.015392833944559248,0.014766171103779235
0.01358477582769727,0.017047901424038402,0.016954591038197447,0.013681298181155207,0.015348330664807465,0.013073420028694296
0.014161289130429185,0.016518351321038235,0.016912283523748923,0.013479554655083067,0.015405234659021733,0.012981602238515506
0.014124632610274841,0.014723849399279799,0.015216017420593768,0.012220437401473968,0.014098794960757678,0.012338711675875332
0.01389780447749187,0.013738778421366147,0.015361907345654534,0.011687975899782665,0.013919612460373541,0.012172415202945564
0.016207613444716797,0.014054644603737778,0.015454763880386104,0.013289982875965382,0.015290680371912202,0.012725713617171825
0.016491970254185008,0.014493189544070207,0.014137085655392744,0.013521670066204722,0.015792561159659088,0.01344606589159632
0.015022083273129242,0.014404731798043148,0.013644374865216977,0.013535263668572974,0.014707776719725181,0.013442796723539215
0.0150318989637858,0.014401929837444614,0.014400279938218652,0.013731935997596808,0.01451650552102507,0.012766691384891232
0.014916936628346403,0.014465589798166244,0.014467734380455366,0.013739290965431541,0.014467197414097771,0.012759845121586625
0.016490814882947062,0.015698289747541793,0.016490593469178815,0.014707126650197156,0.01520535183839697,0.013724626267334958
0.017763905823986938,0.015233085762171406,0.01669597809272668,0.014580267436649544,0.015201344281345973,0.0151186491987474
0.01759069955622582,0.014502789130146458,0.01741112449311975,0.014629645817464272,0.013294218685218028,0.014864701198705874
0.018556311659667164,0.015335021540797737,0.01814257344134377,0.014549487726586072,0.014339066938383022,0.014842484038492568
0.01861499031481876,0.015209384021099103,0.018327800476830376,0.014410906146447064,0.013751003687747754,0.01339717291551039
0.017355432973726267,0.01247680765122449,0.017181654590097652,0.01307434566125309,0.012371350133103969,0.013401333197014023
0.017447420145892758,0.012549293097318765,0.015963234226012358,0.012659573685974009,0.012509779890159337,0.01251159341330762
0.018304137244585652,0.012549920936666794,0.01625554953468802,0.012559508148323425,0.012957597901143722,0.014038911768566871
0.018262157763899257,0.012696901858023045,0.016649168714774076,0.013556670144064717,0.013710677037610048,0.014004106032056277
0.018181570659735014,0.012738402082981054,0.016611538159389268,0.013350033719287247,0.013779992507187963,0.013944943086057317
0.018343432577017184,0.01284899442232974,0.016852623974774862,0.01289645497894508,0.014305792254045295,0.014109351634781645
0.01826188361756568,0.012548409864900384,0.01722793854503733,0.014333579041583212,0.014132251392325804,0.01398577550957246
0.018042318730131943,0.012444282543413461,0.0171383485512802,0.014332436293147923,0.014172238565331785,0.013957765616062654
0.018029238876636423,0.01249488405843084,0.01711008295924104,0.014390223826664992,0.013944645617470464,0.014473678396546294
0.018439457663117033,0.012909509023664145,0.01692150252530081,0.015931590817434185,0.01397144035788888,0.014510394773563183
0.017278338804806177,0.01338143855971187,0.016981477886850876,0.015083525166796839,0.01309069274723827,0.01423502676942536
0.016805700894845194,0.011576445846513522,0.01766052110978959,0.013573597758661963,0.011507246177247575,0.013216155391556373
0.016136760551542513,0.011677466871536243,0.016919771953299672,0.013436441334023382,0.01377454696392154,0.014040811267102396
0.01581608956248916,0.011794126050256105,0.017893032322318644,0.013457940456049783,0.01317474537696678,0.014174516248538303
0.01581721010145712,0.011787673852924278,0.017658814909801326,0.013386786934027681,0.013094306201590938,0.014087327176790142
0.014761154152133601,0.011339910812707093,0.01665866175193698,0.012922865485091469,0.012995666740412349,0.013575779782782836
0.013553791352459727,0.012300985792545814,0.016319160053142035,0.01421079473978271,0.013228688486639531,0.012245635642305045
0.013479949897667367,0.013445248257478013,0.015001464968343873,0.014893685732479218,0.014066297753562895,0.012232502938724951
0.012114370729663435,0.014020739947159081,0.015440701162784707,0.015774665120787082,0.013655250583593112,0.011636033556207424
0.012031547622649347,0.014791414618687885,0.015564374326947893,0.015768771287053396,0.013741406560510505,0.013409754826410334
0.012181181659257209,0.014767303877158277,0.01615271958767398,0.015719528861077133,0.013358978059318108,0.0139879381780151
0.012191520769169054,0.013842394444666178,0.016016338246711163,0.015823626051412812,0.013992774829379865,0.013976128500904756
0.01364184663506041,0.01405872594157869,0.01565122456192537,0.015943657799938053,0.013785844339680341,0.012881493225197568
0.013102019085690478,0.014807478382824837,0.015261417057532563,0.015348874744783962,0.013266528625852682,0.013591352443447183
0.013648650206691381,0.01556383312802211,0.0162407739775716,0.015854053360064475,0.01596088178555113,0.01726278660382836
0.013109084048917245,0.015733092161025718,0.01632475666167073,0.015825927288137826,0.015535523436419216,0.016862136493618386
0.013065997299723573,0.01479033245192588,0.015462252404207075,0.014436449550851403,0.015426297310305741,0.017201990081749472
0.01238191687138842,0.014876333393235337,0.01633610499161013,0.014445495795998596,0.015180314593113003,0.017570310829734044
0.012928583595195624,0.014953031694445175,0.01632786993428636,0.015589907477052887,0.015049737189873907,0.01709707459696311
0.012648717396510916,0.014717565022918797,0.016224854977674827,0.014325576026786344,0.015030215985736513,0.01758178307075579
0.012097334333010846,0.014216351524745086,0.017202636579329415,0.01405505196950086,0.015351467025162534,0.017530384085513533
0.012586371588433658,0.01467832950284751,0.01831392408402114,0.014381179314171428,0.015317007849399853,0.017514043789506314
0.012582408085043384,0.014644099541993402,0.018153551692446833,0.014145459579092558,0.013664988385915422,0.016999496496843843
0.012925602066747295,0.014939211111601944,0.01815595539578076,0.014179775418701393,0.013716907641624148,0.016715774636654166
0.01333182042139887,0.015159964661224328,0.01830801004611101,0.015195942822802018,0.013543604030157036,0.017071133243822412
0.01353146398739979,0.015386156073427951,0.018154521451306225,0.015213022020339171,0.013630861444710787,0.017091860736761562
0.014226142761968708,0.01506807061651802,0.0181352736927358,0.014554576010519136,0.01333934624208711,0.016957419621324268
0.014473992273996426,0.013502122127529928,0.01958705155277668,0.014432752885893145,0.012856434928822635,0.017359482265021126
0.014756409463389854,0.014219049238959185,0.018924787627868526,0.014957584211901583,0.013123145871583922,0.01911817108552214
0.015930423147066677,0.015739898553821696,0.01953645004465338,0.01582579463662608,0.012933270126862653,0.018460766164561028
0.015535148988588127,0.01602982466385016,0.018647352284893386,0.016069968754822316,0.013031829862832028,0.018066966810999348
0.015536977872160329,0.015931199405539827,0.018680473401205325,0.015965228238182225,0.01255455033888603,0.018067209211857668
0.013802673036938554,0.015685100014618744,0.018640759110920824,0.015776009230100144,0.01300903038535398,0.017921587628567
0.01384442413257836,0.01531549999599397,0.018694683784972327,0.015827691516911838,0.014082426052197576,0.01770494834793678
0.013656475410011403,0.015250019355161787,0.018523597073721688,0.015649608870708945,0.011624181956220175,0.013907852809608101
0.014120003436029935,0.014821023333300825,0.018122954503941746,0.016540479410137855,0.011353401774630718,0.013913861288919319
0.01393260242669703,0.014705320427359985,0.018176608648990945,0.016436663845653426,0.011396606912717587,0.013702642906288108
0.014037253195529578,0.014857511497871755,0.016510569993037634,0.017152734340209027,0.011259823312103321,0.013185413725287708
0.013559623405759119,0.014736346475859469,0.01732343220693439,0.015350410579864809,0.011761175563404499,0.013048544665368122
0.01404995319891825,0.014989720944690822,0.01705156766234899,0.016091575825778203,0.011758924266200012,0.01208779671807782
0.014372656072668284,0.014769182676032139,0.014181614863446625,0.016206297388127573,0.010655792440446397,0.011299536824060388
0.014816792639121711,0.015343884829984476,0.01345065658422668,0.016119304402846656,0.010797922128952413,0.01114296634595563
0.015037558021300199,0.015749855910563697,0.013368890665119735,0.01614682400148776,0.009649727580526613,0.010543295962182075
0.014484291268760175,0.01488753180416009,0.012832459978545943,0.01594639089829658,0.008974532970550082,0.009922818935323716
0.01438466724545614,0.014912832297038301,0.01304850800431423,0.014065446507403474,0.009088555765425055,0.009854754551527262
0.01396515682903442,0.013504234071557633,0.01239848531981936,0.014906418387286137,0.009225285148811926,0.009441154088424221
0.01263919228776384,0.013975527916037468,0.01289810466859295,0.015317267716326462,0.009570575379339755,0.009648363383683797
0.013146991703967818,0.014963676287137039,0.011651856141273852,0.015469997865423284,0.009620004022084188,0.010658023333481283
0.01361120875545844,0.01443358002219535,0.01353051929554455,0.014345363207385593,0.013828049029455902,0.009347247306503305
0.013084699084564989,0.013501246420011602,0.013593114921293243,0.015465834146767688,0.014278708329829824,0.010135376533310814
0.013077376146522957,0.01356647989589834,0.013552785099663638,0.01517869852358715,0.014181355270169173,0.01052367874092047
0.013865270118068861,0.013498032498756786,0.013875594440325321,0.015487856282650148,0.014174226371520776,0.010637042528295245
0.013859206822358689,0.01387554415305942,0.014113289558662246,0.015352360803627433,0.01399253501682432,0.010993463929360306
0.01403103776059665,0.013417882607606168,0.014340725281506518,0.015886830026045583,0.013042375062088253,0.011035072829350286
0.013556451709946219,0.012886307652020952,0.014212481500270437,0.015749818425974563,0.013012161528026814,0.011021231814848138
0.01420368205998099,0.013706493899232107,0.01337511709502444,0.015462068714775767,0.01301150908872591,0.011710636475643242
0.014173160457555947,0.013630590000248157,0.01310987837687267,0.015477642565501031,0.013013347663246385,0.01244159933344546
0.014747548127359707,0.01435765023202568,0.014383345058799776,0.016336058483142887,0.0130133517328341,0.013472660852134239
0.014669425952306546,0.013872075390504052,0.013761777416046717,0.016525763984564994,0.013285304265729955,0.013627992175230745
0.013910861046300755,0.014847857922284113,0.013694125564049857,0.016684274182200594,0.013587654870660182,0.013757354707901306
0.013462484627453614,0.014684458613673923,0.013654915840073159,0.01638566008357482,0.013749588164309445,0.013636990057253037
0.013298318140469065,0.014313828595995831,0.013868436448908807,0.01671521250376057,0.014793680901115396,0.013858493053704278
0.013700796985501478,0.014211952339270473,0.014960377941135297,0.017205197058319216,0.014863793300248104,0.01420931471701956
0.013567139572740347,0.014407441951984151,0.01482961444014838,0.017241537168470846,0.015768559037302576,0.014863382337830302
0.013609940482681491,0.014824787887373965,0.014860452763343187,0.017468215553545163,0.015419971196923466,0.014900357815821053
0.014508099160824298,0.020152540454538414,0.017336267833487466,0.019505704824779875,0.01716411889606966,0.017774464969165835
0.014525920637767203,0.019793188403185124,0.017193852437662086,0.01936199916803387,0.017306267419974104,0.01800850999172055
0.01436832697838724,0.01942251701530177,0.017237374733410984,0.019204775279807455,0.017371812273725185,0.017748007138364406
0.014049964229347827,0.019643704648078627,0.016461627722219072,0.01925703121267599,0.015050537964925942,0.017352568807898296
0.013289166897550834,0.018899665527649125,0.015403274068940931,0.017789654164173874,0.014329128988622526,0.01632794394702833
0.013307494352388111,0.018826613993398716,0.015673184118324093,0.01782545654235591,0.014904734786581967,0.015959344898246363
0.01308345209303454,0.018818467483675917,0.015569317716914591,0.018178356224211354,0.016358199244511415,0.016313066705664785
0.013108381204640408,0.01866827921418858,0.016172557606000077,0.018442994457578184,0.015989602318881593,0.016714749436534282
0.012496587519739855,0.019163069332767985,0.016187965492326845,0.018196291267414903,0.015629160430820698,0.016288140998999383
0.01335039936537117,0.019251051111502382,0.015840795758070684,0.01848213285694583,0.01626708276890732,0.017365017616168828
0.012661423538530078,0.01887480802154705,0.015866299713097755,0.017755391079053152,0.016388776170430386,0.017318958472686934
0.01337352554374946,0.019055733529384614,0.016177362534356938,0.017702873175222896,0.016399472182519793,0.016970194753193144
0.012491226175738076,0.018645921143539017,0.014282863806354209,0.016924789966472745,0.01636400575347547,0.01591516967942406
0.013047323460795813,0.01863123311496748,0.01488036776878053,0.01701406478742539,0.016405498880838344,0.015989142026997902
0.012772879965433937,0.018064804910700137,0.013852930888232586,0.016011863497579555,0.015419374315984979,0.016229551539538603
0.0130561485675336,0.018341987692451975,0.014894101613803936,0.017590612217936636,0.01553647418096689,0.017244208186326125
0.012762814934445019,0.018263730357402724,0.01497797228054147,0.017542276993738358,0.014973557071603976,0.017206891013223622
0.012429969127682301,0.018615462334967234,0.015541561571074518,0.017279444080335864,0.017600223734934885,0.0168030752603325
0.012458404483969078,0.018613227866462263,0.01548349738493566,0.01732905676385906,0.016468041237167344,0.016176040423237375
0.01214111789582664,0.018213663918689796,0.01655994884683067,0.017422992869710215,0.017014617928760672,0.016417625873924212
0.01119675740967561,0.010710657849515538,0.014847085032541524,0.014186145860195362,0.015441101543819622,0.013240993766238296
0.011610147924936197,0.01100092506339034,0.015354544286885232,0.014198482417836243,0.015530447412526578,0.012980580794499381
0.01180456891078124,0.011850524655395421,0.015420906835621955,0.01458866057680072,0.016717737825139484,0.013269066543250383
0.012511556641602252,0.012518760556263964,0.015395006066329799,0.014893922163006518,0.016682158496492253,0.013725215612500574
0.012697327602948016,0.012164158299128612,0.015403019566106948,0.014815154100842023,0.016922627255864405,0.013854600203947787
0.01265786601718268,0.01249048479375654,0.014892418228815749,0.014583357492374866,0.016440593667824892,0.013668121886637812
0.011149467725421318,0.012358324089477396,0.013643078804301921,0.01473190715442313,0.014778410189113245,0.012399148710528283
0.011632010759881824,0.013074503396420028,0.015001427656775378,0.014729757232080665,0.017263313799083982,0.01180070872778467
0.013167887042144843,0.013200013213095224,0.014798521011251583,0.01493543029711775,0.018719730199310572,0.01186024164311672
0.012763927068651192,0.014623672023738791,0.01626667152549863,0.016550283102445645,0.0198038785541329,0.01326019986649576
0.012753647774139463,0.013711087948143711,0.016486163950128554,0.016462810777743,0.020080871119818218,0.01304457815856802
0.01224293883920479,0.013697155985991251,0.01594433776282647,0.0164811808143437,0.02013473053462237,0.013056155256942583
0.012084437392927715,0.013704282765478477,0.015949821863846,0.01562800703375795,0.019885250733921153,0.013132137974479683
0.012822992056733769,0.01633553959082035,0.017724406303394467,0.01665601959751865,0.021970670667022893,0.015211337267049615
0.015598297636429668,0.017146178657060834,0.018996964695311473,0.01858984683145063,0.024022238863171695,0.015744819846271844
0.015736734976252904,0.01709611152309808,0.01832975654471622,0.017471103533574506,0.024010237174878917,0.015130292620225388
0.015854921208677503,0.01736703256288809,0.01817647713206108,0.017666662257274732,0.024587669017182515,0.015129714411619543
0.016349114387346136,0.017964928418235798,0.01759750756974592,0.01769280159544459,0.022969309323319646,0.016205675886789256
0.01671668413946936,0.018042052371062288,0.017671933025254237,0.018098766222986777,0.02301705866001873,0.01675615633713799
0.016747213666663964,0.018074826505576732,0.016513366334293855,0.017909358711101882,0.022646352593474382,0.016407182821080345
0.016943719582466005,0.01802483371795604,0.017279830943408094,0.01788309876559173,0.023140693088087153,0.01650067166223842
0.017282205704069853,0.018340349113747288,0.016994826890262972,0.018921311216525346,0.023048586065532218,0.016539913205830956
0.017440436878659586,0.017870412366307663,0.017964284528016697,0.018320808656894078,0.021804534523831305,0.015794367833285475
0.017122871798274524,0.0167650866242928,0.01795410682736072,0.017775490954240684,0.022173690886812196,0.014943089728351941
0.01710295531684848,0.016763518731773775,0.01829176456086182,0.017712534033396014,0.02268697704773989,0.01507497467629087
0.017511737153071184,0.017277527290182938,0.017994620532472652,0.017546886941544812,0.023034315695603783,0.015391352308324658
0.017447720376037305,0.01681532958992136,0.017992801837208496,0.015486209557387956,0.02332072314677641,0.015787029056168942
0.019155029574826694,0.01804363850409197,0.01794226296229925,0.01610740853908945,0.022513675658601604,0.016634708981594214
0.01879168187875855,0.016877720873655005,0.01800823162605324,0.01603710342975679,0.020932456441746846,0.01668896602428134
0.02072303832839618,0.019843126898256944,0.019781947571115524,0.01584859800421406,0.021002604572765014,0.018349008506683362
0.021300755876701206,0.019576551790068637,0.019535264424450176,0.015881764790613206,0.020266427059033823,0.01819898972752691
0.021398329712092854,0.01954994715023327,0.019562373324084184,0.01579360837115202,0.020481143476769142,0.019128495833288246
0.021863431470546677,0.02000654008157266,0.021177622429062622,0.016784873163232083,0.02097330827191012,0.020770861465014476
0.020796018010173282,0.01865873511538389,0.019825760308968047,0.01579341531041831,0.019000037412937203,0.01981574883501448
0.02119127940196328,0.018933279405821537,0.01914855875705981,0.014661739037865046,0.016673163203252933,0.02001880079028128
0.02130865860996474,0.019107410375668373,0.020759763075436168,0.015253148960931572,0.017842521248355538,0.01965504320784721
0.021570737501026997,0.019298471690807176,0.02217311927911732,0.015054927561055824,0.01698084334105458,0.020600578108646853
0.021007338342903623,0.01881782362322693,0.021856813181353494,0.014746975419291866,0.017012283270287056,0.01967501834678814
0.020667921813886023,0.018756292515879774,0.021861343646278935,0.013924152819114794,0.017203505390782046,0.019103070912457793
0.020669400636313857,0.019260508269405476,0.022496891372784208,0.013837659718472629,0.017213484609538608,0.01893068923035237
0.020445427786890732,0.019259780709297455,0.022059272758164928,0.014482972948603099,0.0167166982925426,0.019332613159621946
0.020039600518708994,0.019071895695722332,0.022521061238469864,0.013126817864032784,0.016070749231497417,0.019026688469176076
0.020192556307359666,0.019084710641291063,0.02234214137560508,0.013133903179530827,0.01613556964115221,0.01920019997639124
0.020127685661606023,0.019087435432281794,0.021957048332090504,0.012573508268836483,0.015060968206311927,0.019384610862300596
0.020071402898519757,0.018881708915883453,0.021846539051828595,0.012536837659162622,0.014824004297144946,0.019520576647182916
0.02009431355194185,0.0180128319865227,0.02179773345390056,0.012575915177201795,0.013676824006689363,0.019380991815072374
0.02022545870938733,0.018414183751590093,0.022220271981962244,0.013019918446210813,0.013763668184378098,0.01913132294201271
0.018930609209415878,0.017642644499394962,0.022238583875978674,0.014927467426641108,0.014997458359113215,0.020276779471277612
0.01899455187830519,0.01857455056866022,0.024444854532292604,0.015544235359621447,0.014728868958945067,0.02168571960946451
0.01611310213521586,0.015922538794391677,0.022127715380851405,0.014758482121826831,0.013948531129839473,0.020211020778209583
0.01582203180881513,0.01587206764048372,0.022111192819790893,0.014701772540720057,0.013904892952818363,0.020042649357424294
0.01737415935344162,0.018322872288579917,0.022519358867204266,0.01574848549064655,0.014935412692417783,0.019160033173196676
0.01707321613423095,0.017680394373074018,0.020622361858583644,0.015012003150722661,0.013933781035300517,0.017157614667574733
0.017117343097828207,0.018061183156722904,0.020673164748538482,0.016622803802891824,0.013932111256029571,0.017231136188286235
0.01448215451305547,0.017148453680715887,0.019887364971165205,0.015982735389896842,0.013602346187806964,0.016417828345269565
0.01397931920084485,0.016915820122904286,0.018296729018779143,0.015487684190375463,0.01246284222319533,0.01662828340003194
0.014806380432902963,0.018495620878633736,0.016557008597232564,0.016731052019375418,0.012446643240314031,0.015941860243562186
0.01520028934026393,0.01777004172112499,0.016676474784485865,0.016759376989792647,0.01251255849140546,0.018173351976895628
0.015339248394751846,0.017772405886115585,0.017662883999271777,0.016759585991286352,0.012131914968472993,0.018175478188459968
0.015447591539704054,0.01801820410111591,0.017173098201403912,0.016578777588122436,0.012254473341326792,0.018421245282080143
0.01545062325080758,0.01801741496348284,0.01713062141874642,0.016305980990667306,0.012406346771281144,0.018395020649865368
0.015428835248522337,0.017381864145074064,0.016299498023003674,0.01638183345906427,0.012752011054485255,0.018625863345839575
0.01507602681352965,0.017227745099489888,0.015729105605494058,0.017557642018580177,0.014144865446621854,0.01827709570628081
0.015001908367408138,0.017664637598030174,0.015925338598930895,0.017537421327356768,0.014163035639031015,0.018131276760062744
0.015119923070944886,0.019419116740719243,0.01598472787234037,0.018309225915052543,0.013909007091330314,0.019085930345523007
0.015164410723286188,0.019458527074711723,0.017426235158596308,0.018302810470944102,0.01390208687630708,0.018782111185251443
0.015201133245892867,0.01900081013287304,0.016934483137698363,0.018176199617067193,0.01517034084729497,0.01864413623263433
0.013256696791189992,0.01868158710528779,0.015847047692065384,0.015759054913932022,0.013626409042803522,0.016274213312562825
0.013258354092980025,0.018080715154275458,0.013380714918581383,0.015632132667835676,0.014063655723674596,0.014703239135448059
0.012765201973394811,0.016893383995349752,0.013308264627611553,0.015091446330652772,0.013276988263646167,0.013553288451311186
0.01208388600986046,0.016901864099488993,0.013106567125461654,0.014877579579847443,0.012815239564390325,0.013187848330581836
0.010671782720845971,0.01606773108083536,0.015208853839654892,0.014822500338960575,0.012899681790091457,0.013374779587201877
0.01043753900866481,0.016464329645485103,0.01561991996880434,0.01442169193464863,0.014137821252116831,0.014355481957683795
0.010781702398075188,0.01619586443016916,0.016114604986449125,0.013586219457801354,0.014306548590695476,0.01442711562536579
0.010995771464005596,0.01612953058764135,0.01627627917818871,0.013504741397804575,0.014577985880973796,0.014439284082030872
0.011319180929226626,0.016066443776252704,0.016283749524616815,0.01393540527961978,0.014417724365323365,0.014792201921953513
0.010684948053783935,0.013646967619960497,0.016195975359405822,0.012942606353145028,0.014632435539169751,0.014827469485132413
0.011190724224295888,0.013724467745347996,0.016358256184026514,0.013292207293696998,0.015586354698466991,0.013106389763928026
0.011583885228239516,0.013862067344672768,0.015800768723703583,0.013513108189412934,0.01558823779557921,0.013345198598550255
0.012630118437225054,0.015303620268393645,0.015764540713703527,0.013584631953800039,0.015685676622287335,0.016412040445543133
0.016847471874266693,0.01705058057999007,0.016632715843611885,0.015276991383733254,0.019321479039376203,0.017777846841512193
0.019123259880555382,0.01762949819554478,0.01776641592143189,0.01751093636772004,0.0205081893915625,0.019114015948314033
0.019263772413417788,0.01795877262806529,0.017749234615335042,0.01600383964644849,0.018979593940290956,0.019404276667515295
0.019096752952823096,0.02036201653178068,0.01792367017190919,0.01643829397436745,0.018972095640376958,0.02045198426960736
0.019469954284723843,0.01929974845359791,0.018432620460027534,0.015934938863988855,0.01890403667980654,0.018876181452280864
0.02015516456390065,0.019274775294430276,0.0169695009202694,0.016260497500339064,0.019334886475218378,0.018922421316412637
0.02006647071389012,0.019470382340836076,0.016815500310174248,0.017226520870934025,0.018782103705322267,0.018982094798802578
0.020108931670227436,0.019589277393787668,0.016770885433351566,0.017160433127102394,0.018979307392706823,0.019212531764619355
0.020196574374313162,0.019348483907711277,0.0164436386581541,0.017011029108871582,0.018838514339092442,0.019214124512599778
0.020237921378753583,0.019336492341674946,0.016749754894867155,0.0169691941727241,0.018768981206608616,0.01918612583751782
0.02063316935953454,0.01960637947695966,0.016745398548039872,0.01693331620011118,0.01936083345739391,0.019331722428845354
0.02059751260087761,0.019046768216366836,0.014654280990669571,0.017003734402432226,0.018504403091214032,0.019055486065671593
0.020377728459934706,0.01920827531319909,0.014093310081165924,0.01650663744060562,0.01788277396825653,0.018530956726422312
0.02059325160018817,0.01925292810655918,0.013731656000973726,0.017087064469023795,0.0193365351470061,0.01840588660930268
0.02167217317799732,0.020115156800880083,0.014383696248165512,0.018270872874808674,0.02133664828368238,0.018899257734246798
0.021342046663938602,0.02022809204990853,0.014044394640117504,0.017895703474844833,0.0213088015067876,0.018795651680705454
0.021153555044601202,0.020388047396262217,0.014067067612482356,0.017784005537853476,0.02112187380284308,0.01896110101096238
0.020648458498880147,0.020878277043677427,0.014342903519307481,0.0171669140483358,0.021439625453169367,0.018715948906718287
0.02042950651020084,0.020870325823129948,0.014272916999747103,0.017233681224549244,0.021660126122355204,0.019595307965349477
0.019310498174986812,0.01898120402390262,0.01395961577673303,0.017225939066559667,0.02117263436094588,0.01705055102470109
0.016255851418910446,0.01786847881373934,0.013053877347969017,0.016552482859156014,0.018253976393156717,0.015420884977211845
0.013430402698055626,0.01899611025085731,0.010590469240870006,0.01378965993099491,0.01666705158856135,0.014706664937611542
0.012929779672749844,0.018454546539768985,0.011695696863537434,0.013451701486552113,0.017417884393101535,0.014110610726465704
0.013753746965871368,0.01562845426831091,0.012035996347065717,0.013705939425088106,0.017424128330194386,0.013407233381588099
0.013061864755382931,0.015460804260612328,0.011772531468250342,0.013449518533431244,0.01761364255897825,0.013519079400960678
0.012406294038844818,0.015463621086633924,0.01191916265497917,0.013448155302200691,0.01798758007908658,0.01353397937194957
0.014038595707734063,0.015272266024675327,0.011698224086430384,0.01275415528348268,0.017996459468846454,0.013728876765992992
0.013958896697603036,0.015261287432775003,0.011504034759858964,0.012826094456024291,0.018159723424664487,0.013816346884037331
0.013766414157137913,0.0152565344936781,0.011582187669958648,0.013200819880790382,0.018361697213504283,0.014246994922087775
0.013827333981982633,0.015413613558526959,0.011150908737652853,0.014170607707238651,0.018485728853864535,0.014325748040237039
0.017251870314462583,0.015940893394372546,0.0121568189443269,0.01724259443562779,0.019588721659433938,0.016329168068319754
0.017286885930357626,0.01606475634535047,0.012354350668155607,0.016946095450398723,0.019588661303435378,0.016429812030360928
0.017351609838263077,0.015662631358770603,0.01230548096075332,0.01693123968050436,0.019440234345025093,0.016385069079749882
0.016395039850612143,0.015673086660462104,0.012475618805606315,0.016737958449357243,0.01747172010513716,0.016397700864879735
0.015421911138753262,0.015484609712591075,0.0122232706990562,0.015827748801483493,0.015541675649350738,0.01633685271205209
0.015839531300542695,0.014897479330962202,0.012567615094921481,0.015533195830458951,0.01615160383711793,0.016675997754805147
0.01610223479950478,0.014224028886208955,0.012732905064748978,0.014985160948452208,0.015801142562365107,0.01648116688933982
0.016120127336598372,0.015108265822986635,0.013027885461518207,0.01615993979005076,0.015951084160775574,0.016450088326513183
0.01599201854472532,0.015155643892960303,0.013022057392369297,0.016101763509058703,0.015932335029646298,0.015630955167689916
0.01637124773156841,0.0154240380922378,0.013484042178301564,0.015209774854764399,0.01592715754719375,0.015099555045896907
0.016433197571339236,0.01544021848141906,0.013723078954791662,0.01521422334154943,0.01583510096754221,0.014937712070202369
0.017275005683013753,0.014085703388935951,0.013654957115888452,0.015102517660212948,0.01605401592588953,0.014142217893687659
0.017578734197398017,0.013347510524619927,0.012557454812954328,0.01468030763768599,0.015241691793595764,0.014187567732790542
0.017327272417703266,0.013479367049193954,0.013331112941242116,0.014910687617444785,0.016329238767538917,0.013940413581234112
0.017681831740080246,0.013909900142872788,0.014333857439228243,0.014684958799822012,0.017638477729928694,0.013812055887396082
0.017677480487760806,0.013886445922062531,0.014271506262947459,0.014688838533506615,0.017076289223437117,0.013872913157042048
0.017040846525916538,0.014382654834672244,0.016058217797225705,0.014676617035106854,0.018125207292549197,0.013752961753386344
0.017326833090651528,0.01477126015454782,0.01679736113977966,0.014735758851941078,0.01824378383758,0.013850455661861969
0.017074226536287127,0.01472825796369563,0.016531679755671255,0.014918711274681263,0.017943543708959855,0.01313056266657173
0.016894740835856997,0.0147103575912545,0.016341345964692805,0.014491353618053194,0.018114638381923325,0.013090298839450787
0.01566187076591899,0.017909085045822094,0.019008068997781482,0.01572606380285687,0.02184766975611947,0.013987518825376181
0.015583011980198928,0.017801679543799635,0.01877567780976913,0.015942977386220043,0.02185657111339933,0.014042833008799303
0.01601305169610308,0.018084620047505783,0.018857907691731537,0.015884362448317407,0.021841768130344347,0.01425754431062615
0.01606109355448986,0.0175882127746973,0.018960659823654934,0.01552502065112678,0.021779108775652714,0.014178209195350233
0.015700408305010287,0.01803373040645934,0.01969962670021642,0.015822182912013344,0.021536764681059965,0.013481246660319343
0.015433885729080995,0.018201677703918506,0.0194613452915386,0.015888695123769066,0.02135629699520367,0.013394633862703842
0.015650807870152904,0.018256632838140698,0.020246080283639757,0.016050949388292678,0.02266705996418703,0.013454793789273136
0.016064657537858885,0.01800233313085395,0.01967764685262203,0.01570191218038176,0.022209614249936928,0.013802107479110409
0.01754830804318325,0.01879726800204086,0.0199624018991818,0.01552291801635362,0.02202585565222567,0.013659712446626778
0.01730076363517766,0.018223039639687636,0.019703961572035234,0.015527646839086605,0.02246405883629927,0.014225530099208416
0.017179063252353646,0.01811470129728936,0.019598903979092072,0.016900795737849868,0.022480474108707717,0.01409121688843083
0.016661453775796618,0.01856462554612382,0.01979633917653292,0.01681804572029604,0.022277813479823404,0.014181430366214295
0.016085450146266545,0.01881084927801604,0.02011537807106978,0.016810978266209323,0.022827634209793526,0.01464532240927664
0.016224574865339816,0.018994779113777876,0.019436258586944567,0.016844621510956285,0.022195421384996035,0.015346903920887731
0.016702434251707535,0.018335281651219212,0.01890914429415322,0.018338214809775856,0.021019175546108146,0.015265108428341988
0.016109398027548804,0.01834672304321026,0.01894069925320131,0.01878940487287421,0.021106049963113976,0.01518217524489307
0.015627667164662663,0.017844214632738144,0.01875941126756307,0.018906215071188403,0.019613692135981357,0.015191104757695306
0.01570576664104046,0.017850386417061947,0.01712074231135247,0.01877993630354327,0.019291477612172366,0.014479062039925961
0.015557859042704965,0.017730586301832413,0.01697022898658367,0.018413722265575902,0.019274132736641466,0.014561648850399258
0.015526681634822497,0.017408046575153668,0.016501532281248364,0.0183293709685343,0.01814095699556466,0.015397102627054614
0.014527194029725096,0.01449391977692166,0.014995980004204382,0.015897121722861327,0.013741849528139307,0.014192290811784627
0.014748669268420708,0.014572873238681084,0.015140258332842261,0.015778913094390883,0.014559486407566352,0.014006577290014626
0.015179602164498315,0.01382812580099046,0.014390700418773567,0.015930385974990535,0.014640495397680623,0.014194516704033487
0.015251029472763434,0.01388394610351188,0.016178757836459525,0.016963842816411286,0.014999026096054552,0.014820646812924256
0.015280677504121976,0.01357259920685312,0.015889813498201618,0.016481946047369456,0.015448133438833745,0.014691275257713058
0.01584083094106238,0.013106236970774662,0.01593918058107384,0.01711665361075026,0.01588144390159403,0.014676275149968158
0.016274776767457498,0.012990731932358888,0.015686227873163556,0.016945696789102425,0.014550821672998124,0.014756465000155981
0.015738113069955238,0.011910421405245935,0.014862846067435653,0.016353114104794942,0.014192656116823058,0.014028047568554242
0.014773608678023964,0.011492792829463661,0.01482762742811104,0.016948175185615973,0.014432353487900685,0.013934399499124145
0.014589684431867075,0.011859637759041383,0.01470324223081575,0.01795257627791384,0.013305953278893855,0.01295261471034767
0.014410843121378358,0.011858941425374912,0.014598916719661216,0.016361539875693786,0.012972463750508161,0.011848073498331998
0.014596296539159774,0.011178207409926675,0.01465173571213714,0.016285905270624713,0.013128830424751811,0.012089360105817524
0.014515317768905488,0.010844786481964514,0.014671366508286147,0.016332102657298314,0.012577186640601793,0.012044696342925815
0.014383499817081131,0.009574263759344663,0.01506737592731989,0.01581438990900234,0.012594113404084952,0.010923368484903075
0.014073539909701177,0.010174467229096883,0.015802201489502607,0.014984786929619475,0.013377583641556829,0.011071568400296636
0.015486177726841183,0.010358192987634287,0.01592992068511668,0.016338558110366903,0.01589880909430417,0.015477712800905768
0.015700533728910414,0.010360431158565454,0.014275014180982105,0.016333324763685673,0.015914833227252678,0.015565680888274985
0.014986848495922656,0.009593817314285982,0.014338443062675704,0.015911423555158007,0.01534004853649179,0.015825158503006396
0.015048814931002205,0.010017992825582364,0.01543868067258977,0.015754448314974415,0.015578418200366208,0.016224825380659426
0.01614861963777531,0.010393971617793854,0.015213462199733092,0.016980603464700685,0.01756574632116126,0.017272865188805712
0.015734209347748666,0.010011893002041503,0.015124454983785226,0.016793688223925463,0.018542438486938054,0.01682289844995709
0.015661514169478644,0.009903823631980314,0.014970174266284119,0.01647938882220242,0.018362595802584147,0.01659022883485609
0.016439017356004452,0.01078137291644893,0.015592427704756967,0.016218503545479747,0.018478361291726458,0.01636322095061287
0.016122969055356613,0.010685138104504254,0.013454925735511986,0.014948238042574948,0.01802166995271674,0.01607556687831546
0.017980731159963594,0.011037415254333402,0.013866203021251793,0.015337763583580745,0.01728695465235741,0.016034992860534364
0.017386850927399583,0.011367830106837144,0.013592996266620066,0.01448569234791547,0.017074213693670102,0.016046062452140856
0.01700328311068579,0.011370468328399958,0.013465584028616515,0.014582179913142597,0.017199732471404664,0.01614395941924035
0.016905683382150146,0.011505048358574002,0.014492846221038446,0.0148460520230307,0.017161256778661597,0.016500059780734842
0.01754585448606822,0.01136621750756088,0.01587785437716024,0.014502856196732439,0.0167619062775962,0.01694743673625555
0.01774082494070691,0.01172057172167655,0.016279593703365517,0.013258034468347104,0.01698313597662245,0.017554976700384074
0.0182566679952688,0.011826596715772651,0.015692826997020962,0.012764939145357026,0.016945858790682125,0.018062582062119803
0.018417066128051784,0.011747499716341094,0.015987565883606513,0.012827244279584328,0.017547682507095517,0.018071958074209325
0.018230919798765826,0.011795657619672658,0.01606422393418204,0.012759036068624535,0.01750283311042968,0.017933099427663683
0.017888077744769252,0.011701847929175814,0.015520752284729898,0.012258449928093577,0.017089267757483047,0.017388640287693012
0.017886754594108163,0.01220286443582581,0.015263361354318553,0.013671804930161359,0.017130709018977647,0.01792973137167958
0.015452726632194349,0.01161744178751221,0.014786810584125796,0.011357436247406571,0.012331737219730984,0.01270935525827822
0.014816907042069625,0.01186846808108591,0.014693527073433927,0.011209776580466662,0.012178228929603742,0.012864288547507558
0.01486434452709135,0.011897884661244768,0.014360717927645076,0.011222389471197927,0.012224359095272712,0.011381896389061386
0.015246017058821103,0.012285366676256536,0.014805728887256855,0.011460354247517159,0.012503399543476708,0.0129170152593512
0.014828364752175433,0.014747163964243028,0.015284366257624488,0.010900512147128323,0.010867235351369601,0.012468390765999643
0.014905364099991445,0.014760363099053478,0.015212751269620548,0.011238498615800225,0.009928220717132183,0.013025693397271308
0.014885339891513983,0.014343497768315729,0.015218846155392774,0.011320555646913217,0.009551002419415613,0.013013387544703985
0.013610889576575266,0.013680017990095184,0.01479806714173801,0.011974536903917374,0.00980533154636087,0.013061331811953925
0.013828554378434773,0.014377446565890893,0.018891216975503815,0.012998337606324215,0.010366021982967093,0.014132023247862181
0.013025307050686195,0.013970444831881463,0.01898255695695306,0.012786344270067019,0.012232953955556928,0.01512795603423413
0.013145173416418571,0.013742922703318127,0.019387644499135766,0.012981695309485489,0.012547534077460206,0.014865135501477392
0.013131988714796676,0.013916455085981539,0.018991945502862036,0.012925068263076149,0.012411130357435643,0.015073790513943737
0.012702962782283366,0.013902702477566031,0.018609884032411032,0.01243333293314648,0.012164130676408398,0.015116150084889993
0.013664683004982069,0.014069557727324706,0.018387918514308384,0.013394127407940248,0.011853894105470691,0.015182750352236494
0.01424113699248438,0.014159033849752287,0.01834846567527459,0.013884660467281167,0.013715879795536208,0.01506490568799015
0.013574130164899922,0.01577016860797411,0.018407255585162614,0.013906979611558398,0.015447855756999035,0.01451822857023968
0.01543218363026581,0.02052796314702863,0.01992799627707831,0.018016371528512463,0.017221340315334874,0.015715021022206593
0.015435735769300334,0.020939604349982377,0.019729981918836275,0.018057694678622487,0.017185035791835532,0.015732043658118894
0.015042812250425726,0.020933107174421827,0.019728187013657267,0.018079465004178903,0.017559113250139907,0.015839258013939973
0.015022247017095132,0.020327471772242305,0.02034823518822422,0.01809948809292584,0.017925985013362924,0.015320924492315275
0.015582408955160897,0.020310924723017758,0.020107421770882483,0.01815614352393993,0.017889849217130042,0.014971871937798855
0.015666291855734052,0.019968410978704724,0.02014145931593275,0.01862982787671468,0.017920406297888745,0.015006012759904064
0.016338841401860475,0.019965020810740797,0.020111211362141175,0.01860772409733388,0.018035722586238194,0.014905008706297202
0.01612983107803486,0.019423855471246494,0.019720023023670333,0.018215378613844417,0.018130193995349278,0.014413495600317265
0.01614439637695675,0.018336155623912748,0.019576604387410827,0.01809659359725557,0.01806789457137307,0.014501864537008328
0.016040120915114787,0.018560280770098435,0.019431281210798935,0.017993594865480227,0.018198817696327405,0.014052263194722346
0.016601013176659376,0.018578728123348726,0.01943806314216966,0.018185574450678213,0.018302390599451268,0.014049112944247018
0.016598151035162344,0.018601556650532668,0.019473056017491792,0.018207842131798976,0.01795088301284782,0.014071413976890183
0.016424260704341352,0.01835549138680585,0.016568282278159072,0.017892566856051006,0.017572542630704034,0.012921562289955538
0.01484966273667227,0.01837880744941612,0.015655373662175488,0.017659844176895964,0.016407087403613164,0.012153745046763606
0.015222132598408183,0.018366538242242828,0.014972818841093118,0.01766257037093807,0.0161688132159171,0.01201862771219954
0.015274962687590253,0.018267526723001186,0.015000303583232929,0.01767410486448589,0.016254975205483253,0.012014021724127728
0.015161436717396476,0.01829305383466584,0.015014817478415828,0.01771994553982508,0.017543007643751465,0.01197340685484875
0.013872952327906692,0.01843188397695564,0.014649147874736966,0.017018919908914562,0.017595282138231336,0.01148944601343181
0.014632538595649619,0.01824479815397421,0.014502406159411039,0.016948431279954393,0.015883813593672677,0.011078759885362463
0.014973651592422244,0.016768691486797823,0.014733064379464754,0.016902019960329754,0.01466771870193192,0.011169590197680093
0.012154847655822176,0.010031010783594635,0.013370076679995836,0.011057950714042874,0.01152769937780454,0.0097025161086937
0.01215848064147397,0.0090748968846028,0.013139487979803533,0.011626323870471333,0.01231519043622137,0.00964660871402372
0.011932844305205758,0.013351259430182531,0.013215647529974527,0.011748728511926291,0.011717486084547854,0.010337107196927767
0.012430739916958363,0.014960880623753907,0.010662086204767949,0.011234890569567503,0.011690830021914268,0.010405559145381878
0.012115360863630395,0.015015932774489024,0.01056041525233207,0.011229800858834437,0.011886769084744639,0.010401815646679998
0.01453056300606245,0.016345832887583563,0.011266028938219807,0.01472629251785359,0.013248062779001254,0.010441980253423586
0.01377959319090999,0.01635915775779939,0.011403522137862939,0.01568793134827926,0.013122824837202542,0.010374651985850407
0.013811929369640173,0.016438707621289295,0.010372513481346827,0.016064025630204825,0.013167826907678008,0.009689472950662607
0.013753654012318858,0.015948061275819204,0.010227238386745172,0.01573525352837832,0.013741332043117326,0.009311913883553374
0.01428682585787376,0.0158107319750552,0.009670200239529261,0.015737806673578224,0.013873256047476032,0.00964435291736285
0.016375944477267958,0.019013839588939593,0.010656801668343253,0.01818671558590536,0.01790282879367868,0.012344348184351171
0.01641441083809228,0.019492741940964987,0.010266323053406051,0.01814177910852917,0.017938714411672788,0.012298728844892517
0.01752429049499301,0.01969720315824491,0.010945120687398816,0.01946894135451884,0.018880169136669907,0.013267597452402847
0.018697526662070592,0.01998841779734086,0.011058752496454818,0.020007264723711973,0.018969008642075732,0.013669159800289425
0.01834556634138059,0.020024809410177653,0.010743563229240683,0.019930788815712565,0.018968518686443395,0.014108191949547159
0.019416169712171055,0.02116709542113957,0.011838970559994923,0.020721255253348125,0.018922808406007623,0.01471124592944887
0.019446910217495776,0.021306237500666812,0.011510460156974904,0.02062968972063631,0.0182322601491541,0.015271783451516417
0.01953737607353076,0.02096164866204172,0.011514057476592371,0.020746691932364884,0.017939878457629194,0.015382301791588698
0.01795880465168573,0.020678294258363355,0.011485243199870989,0.020700789508007456,0.019772660467182093,0.015422166047773439
0.017884485097470468,0.02071153723675432,0.011426970560826264,0.020622327819589562,0.01962342702087754,0.015422939678935713
0.01800384752180796,0.02070909309634972,0.012778343900835678,0.020570364907788553,0.019310666632225047,0.015230284747416214
0.01803270691499512,0.020546564143858945,0.012826533626930764,0.020525679722282912,0.01905653197836879,0.015229148891342342
0.018010011025124985,0.017889506326143983,0.012558168726795108,0.02084175751623136,0.01907028962140273,0.014016813496918223
0.019511070918657152,0.016856917130148977,0.012878992768952208,0.020927863029522504,0.019342203389695705,0.014507142926119982
0.019493027485700164,0.01700538575455445,0.012939034914933735,0.020935275584348812,0.01933686413444673,0.014685093324999192
0.018585340040762493,0.01623131624197535,0.012373519793936399,0.018684539090940925,0.01839124082269596,0.01444255361925412
0.01942509854744112,0.01675886230861071,0.013091595808341926,0.018744660928507375,0.019384443272851416,0.016201084575861027
0.01949557144130472,0.016536752213384923,0.013792700673946475,0.018807251153974816,0.01918756462968707,0.016358214758997496
0.019144964958717432,0.016486151412187035,0.013988355680310094,0.018766889191394253,0.018879384775995295,0.016235394283642547
0.01894575450175973,0.016456179411927875,0.014064158517702659,0.019614695207357983,0.018925369790756957,0.01644637395640068
0.016269371034374567,0.013139869737199035,0.014084665589584168,0.016752215582441946,0.015573709340969775,0.014735056182345118
0.01626987441922223,0.012741186857914736,0.014101047493541916,0.01676575286938307,0.01629050549229489,0.015607938445677084
0.015779780343968503,0.012132106359840827,0.013563991704076427,0.015893759687941954,0.015428971644891647,0.014764042275263985
0.01433615935059668,0.010929855078764315,0.014324017843712155,0.01515720840807663,0.015275327318409252,0.014582229493660547
0.014126247288062888,0.010729468801014198,0.0141980329028634,0.01485774091295169,0.015266411106569218,0.014189264053810319
0.013270078577108171,0.009952898264108742,0.01376559942479395,0.014524307345438935,0.01521481502216802,0.014077794977124282
0.013991239231700784,0.00979416204395481,0.014171151152905516,0.014573909729660215,0.015224158240045721,0.013510989883181721
0.015370206741912319,0.010355320722872199,0.01538253391410081,0.016030974503207635,0.01634428246677271,0.014301520015353803
0.01537469526450956,0.010547063554853095,0.01575360232708348,0.015991807533570403,0.014951405513497003,0.014536936583657971
0.015562354239294788,0.011307835553662536,0.016195364129820772,0.01662372099796758,0.01498155053332877,0.014627785627462591
0.01624687536647802,0.011359742823975404,0.015747022450168374,0.016633599762648398,0.015170419790233564,0.014712153142536648
0.01638015353842061,0.01214044704013164,0.016563543955427477,0.017284500673648156,0.016539072225354338,0.01646964533452213
0.016341465649960824,0.011900727421350066,0.016582084832923664,0.017269245073825316,0.01669707717161052,0.016485389831314187
0.014210532095200921,0.011794421003514749,0.0161039039663572,0.017693380885362653,0.016905939179654928,0.01608646473349118
0.014560391417099186,0.011414000192358224,0.015597224054540712,0.017250508983837544,0.016718638551791135,0.01577328917001331
0.014689897332586173,0.01100548116580576,0.015593729838211052,0.018190921188802726,0.016787875474257457,0.015990231747292954
0.014044126234641225,0.01037735856812004,0.015132931668855156,0.018190798674572083,0.015746705251133822,0.01444049707774406
0.01486207221811574,0.013121918912048785,0.0146679301758266,0.01817839143292591,0.016479126561746535,0.014586406602043227
0.014953960946072731,0.012790909372699139,0.014446218261154926,0.018232652829388723,0.016502159348006848,0.014482846529426992
0.014954615457750937,0.01340605220037276,0.014329602900755696,0.017536463044161517,0.017093686604389542,0.013553787472491296
0.015176821305115322,0.013389009531718817,0.014456738096563294,0.01790637017546882,0.017025928219393183,0.013585987592126012
0.015245277126078555,0.013104496865033979,0.01449700407486357,0.017537599932261234,0.01634512782650549,0.013912764479893659
0.014785162182975403,0.013351961300427477,0.015533987512025607,0.01681545994789971,0.015937476017879565,0.014057309133476505
0.014780334668458567,0.013318446391949184,0.01470936258230937,0.016930294146147225,0.01550989622657427,0.014885860380056813
0.014789727541961097,0.014681306004228192,0.015053546780047375,0.019074169486984545,0.016336569424350796,0.016127652351293608
0.014192128038487732,0.014869699120486284,0.014982193877739422,0.018704242293246513,0.016869053516985647,0.015547181928578362
0.013957988401497083,0.01658853473811446,0.014487921352995207,0.01918292827738175,0.016860260207925522,0.01624556174342076
0.012233895866625882,0.015965507056268438,0.013190544036595848,0.017777381773678085,0.015520158248511468,0.014944050181072806
0.013617982978984113,0.016215129375168866,0.013064493031880958,0.017472721288033934,0.01530951746106343,0.014034498279454098
0.01345389711646653,0.015334009869432015,0.013214489526650872,0.0181053287263871,0.015617740175789417,0.014032596371122764
0.014002607023800672,0.015379552170367997,0.013015670443424904,0.018062007164652664,0.015608420284545272,0.01403254001642803
0.0139712812465158,0.015139213900114782,0.012342336348695391,0.017145413362553343,0.014171802138326426,0.012790912854150247
0.014928490375382221,0.01503423818547249,0.012383313913938663,0.0174137420611716,0.01420839144381885,0.012647821181478764
0.014690136419836977,0.01643123998495762,0.012322082256318319,0.016924138292335793,0.013084314096421527,0.012594352406594898
0.014209712550144691,0.015950264781087586,0.012591352251998325,0.016979323710087448,0.013117019762933576,0.012647077750949276
0.014338308426134646,0.016150699279442356,0.012685779606164124,0.017706790703956594,0.013088521159554042,0.012703070323179683
0.014395499188461945,0.01570359730162794,0.012822765780775462,0.016702712472611427,0.014300218825436598,0.013229608248727974
0.013635617090095161,0.014694427502592833,0.013435316355354285,0.016681902911178326,0.013690813234658367,0.013485963415065477
0.013893345301267419,0.015941114101948043,0.01345052102604764,0.017302540490040312,0.013735455904808708,0.014406336695447641
0.014377733720037762,0.01697395981667071,0.01393650672324835,0.018265357783502443,0.012196120027124049,0.01593335325529549
0.015514620169022423,0.01700343587949152,0.014444140321974967,0.01907133650254319,0.012664692805510122,0.01682526822912482
0.016159333431288975,0.017937543922466468,0.016149859624346563,0.0198486588727212,0.016543162410396564,0.016374806799610557
0.01630505301292275,0.018709377377277684,0.015266595559838793,0.019853223772638158,0.01792980623448806,0.016519232044966064
0.01630730115195045,0.01895824934936126,0.015094554612770397,0.018845970178648714,0.017975909279073474,0.01556753663750274
0.01616748809207549,0.019155120517652946,0.015086969368416452,0.017250094379328503,0.01759298865624605,0.01496366110547802
0.01723348589049399,0.01970268179117284,0.015486646222471387,0.01773878106662708,0.017166958047642653,0.01578751354937515
0.016899931008255424,0.01832963978431601,0.015498377460855533,0.017338716538550108,0.01719314372823208,0.01504537205150281
0.016949192164757772,0.01886292018939018,0.01511804587389263,0.01769729690278334,0.01708102730703051,0.01506083371981007
0.015177806117063916,0.01874611256250617,0.015091190165691038,0.01785826996921119,0.017133661526114452,0.015010327427012722
0.015117888979716344,0.018586859110896813,0.013506754453196237,0.01687272105130394,0.016785497827434024,0.016730565268059067
0.015575909882409594,0.018717908966280762,0.013979661296223828,0.019164543621082147,0.016943210771048035,0.01733020770473156
0.015671285834354596,0.01874161941370094,0.013683698368406558,0.019163887763538088,0.018008458065674905,0.017435218140980285
0.015165791903858862,0.018915818821668234,0.01473360426801396,0.01853586967719985,0.017639545577276223,0.01737354780099813
0.015421496879542565,0.017186560310495258,0.014735173629636328,0.018271836757810377,0.018620651094887485,0.017547110132556488
0.015686915881346707,0.018923272953552756,0.01657580569042171,0.01915964097535344,0.019104950869382444,0.01847615662937993
0.015774341778218536,0.018319305059889136,0.016920933525711963,0.018260097411553884,0.019109345896672635,0.01864367683107178
0.015203065016520531,0.018923767692999246,0.01753496055798667,0.018949790352566737,0.0189255444220931,0.01901507019018117
0.016447902928795097,0.019594743557058772,0.017024775257782992,0.01896650814175108,0.019128771173107996,0.01898586008570091
0.016242791596934064,0.01890917216544008,0.017188389224051966,0.018410150937187977,0.01905880430102289,0.018687614147934666
0.01577315618562015,0.017615267814701935,0.01664181935959112,0.017130201122853187,0.018819161958649244,0.01772775091679059
0.014303707324571315,0.017656083556846808,0.015153346634080868,0.01489509953904785,0.018193634874346182,0.017016473706009984
0.01383838629617327,0.016269789370802486,0.013359854588533539,0.014323467995492924,0.014638761888718847,0.01665377289731166
0.013955134528853047,0.015674742876832255,0.013590376197767831,0.014163561541623931,0.013244520242380908,0.016187899358100423
0.014627893800962811,0.015476348502453404,0.013600836328125079,0.014186391163446794,0.013167091336848506,0.016189762865222803
0.015991602509108912,0.015800408065484033,0.014345575841700568,0.014641486561516325,0.013284175023001683,0.016889910941896992
0.014767229189509882,0.01481445533808731,0.014283565129935383,0.013461677721184185,0.013031208282568051,0.015976941399870156
0.015117631045590227,0.015140994561659293,0.01474734789513172,0.01398120688168566,0.013396063099209968,0.016902786341305553
0.015108503140785944,0.014667122140362868,0.01509710421625013,0.013896282933287122,0.013406485274022805,0.016884701673401926
0.017310840267983536,0.01498342966696241,0.015543283515768704,0.017042220409865867,0.014522690597130431,0.017573498826778732
0.017154069042668637,0.015204378312563677,0.017289114192354575,0.01699454336145548,0.014550392108768474,0.0163950502630488
0.016705321443620073,0.014864957587740635,0.017169322012769852,0.014860615375178032,0.014216328567450935,0.01595262283032361
0.01654914767503689,0.015533539156368932,0.017311911383424576,0.014975302171559663,0.012772905542708397,0.015937484902697186
0.019229643142021746,0.016044115692967598,0.020210309992542138,0.01727384018409623,0.015105764405774762,0.017402840326209583
0.019015731870648755,0.015749485754522837,0.020408892222452787,0.017094544774735987,0.0139943496680122,0.017898013045453343
0.01923335651911238,0.013439963969025902,0.01836536194311195,0.015534005690314706,0.013530036914606584,0.018164823340325712
0.02323158734377,0.013991784481247438,0.02062027769399474,0.019096712138640257,0.0166094002274522,0.020773886654637547
0.02409870375451324,0.01410429594716054,0.020938705273297553,0.01885065023382511,0.017980238887264,0.021320268917083884
0.023347335869995992,0.01323800740642893,0.02108135381439356,0.019482225646479043,0.017603669172266807,0.021664725947111767
0.023744034149058783,0.013364283759204705,0.02126710315053602,0.019141925942876274,0.01797322396390841,0.021755267177988494
0.023758870945089643,0.013771143548165405,0.02123828386045708,0.01916869783833848,0.01867236125841202,0.021830556735199295
0.023548987966893246,0.013805929105443815,0.021780046668592876,0.019095732600307065,0.018602710846488037,0.021734149972713307
0.02364433423776878,0.01402504233768389,0.021841285943974914,0.01991088058436576,0.018659526138028588,0.021741438306377356
0.023760632070915732,0.015563127330540126,0.021906720063072132,0.02022590725597292,0.018898934493574306,0.02246566214333132
0.02303525289880235,0.016013110820188314,0.021881986828732696,0.020213264319208116,0.019354872747491904,0.022352665288865765
0.022426350120482913,0.015480844920924526,0.021482289564119985,0.020236242033971365,0.01918156020618871,0.021701374990921084
0.02233162085357776,0.015962462236128523,0.021405102635860835,0.020237222042196763,0.019182494714596068,0.02169710477282529
0.022259087993630192,0.015418448336087687,0.021255390643228483,0.019466668180408476,0.019043223688109814,0.0205196153983025
0.02220153804055574,0.015610310863739823,0.020766253365601357,0.019412501871134448,0.01904527120184824,0.02051223321966843
0.021616834659306854,0.015516529341645924,0.02069660662556882,0.018464670890826658,0.019482400990242673,0.020406872558025337
0.021681587603716967,0.015415318142120304,0.01963711488042503,0.018640712040186306,0.020237664115003016,0.02042245507537671
0.02220914041100922,0.016640297000086145,0.019741269035497912,0.019922052293699557,0.02037178821431763,0.020429446593323623
0.022131731461274166,0.016071532748107638,0.019649097557765192,0.01981584479722459,0.02039418287568744,0.02076219161029275
0.01918865205452163,0.01550458170900959,0.015700162910564367,0.01796525700490803,0.018869120336201493,0.019617446125704995
0.019056003541246126,0.015744081394675244,0.01642938848606497,0.017990240124754926,0.01846125262521958,0.018773961275027055
0.017456740809842084,0.015413674937299298,0.016195941980417357,0.017909973905071885,0.017265563344876424,0.016148088509177264
0.013514374992525943,0.015807363171282344,0.013665632409205647,0.014968548083142245,0.015498420822265086,0.013526408939387155
0.012797395215058552,0.01597890317429409,0.013643674634658605,0.014677077892510855,0.014560708590682406,0.012946448965143532
0.012840228822944378,0.015916053419629272,0.013349469364332766,0.014909492419824942,0.01447731149971904,0.01229751227062538
0.012250920562534766,0.015822074117117065,0.012886459187518661,0.01509539323543492,0.013898012899508228,0.011997457773864174
0.012723698804426456,0.015532051443087705,0.013070775110235779,0.015144303126583923,0.013298668468796187,0.011903436377410313
0.012794069734027195,0.01621478929011671,0.012248466632796275,0.015124931472343518,0.013380570980807195,0.011695477429507656
0.013429679220293865,0.016364703675414406,0.012590058347080187,0.01404500365331339,0.01419634217668098,0.011933566479675048
0.01411015098082863,0.015734716320727614,0.012276783204903132,0.013512676458843536,0.013726605215861045,0.011870743485236271
0.01482481916517653,0.015480139700668858,0.013537587803848321,0.014605305917359012,0.016031625110919972,0.012763687545136062
0.015354582071015688,0.015339528496855822,0.013343057604262229,0.015161941402534308,0.016888516542209894,0.012641191225553941
0.015555811760083858,0.014608658276084614,0.013139324158340173,0.015435766724524388,0.017270774867373162,0.012887644984945544
0.014773120245634349,0.014732835970115076,0.012890893701948486,0.01573425587528829,0.017122011878668117,0.012942876436761466
0.014780714578903694,0.014635377395507543,0.012832886550703242,0.01667692238323099,0.01720853651693823,0.013109542065731027
0.013782106598295528,0.01459142727903875,0.012767608544453092,0.016043027871548394,0.016406384099016014,0.01288541562072312
0.013935522390901307,0.014621112768729043,0.0127768180750262,0.01584039740512969,0.015505695473016202,0.013247266883368868
0.014176151113093272,0.013865383850503133,0.01230968234440306,0.01438143968910887,0.01568021921268713,0.012901199919294547
0.015077235455316102,0.013943971302829438,0.012298302934209039,0.01424931624136803,0.01567586499443803,0.012373321131074392
0.015145924357859036,0.013627699664779292,0.012286645394563242,0.014098347612214516,0.01525771574395003,0.012029762359381992
0.015529787613611139,0.014831672182685563,0.010813354178960998,0.014076167676202853,0.015659173791832025,0.012659543761732832
0.015530002638189447,0.014669670186453043,0.010667681897480947,0.014380632211877027,0.015707810818982024,0.012456197599475471
0.015726324296403922,0.014346369626356333,0.010682854781768641,0.015260482986837723,0.016519112592667928,0.014309681976693118
0.015601772377993088,0.013888780602714994,0.01063009834396079,0.015445574415890746,0.015767145735533998,0.013902489463753623
0.015479403160805628,0.014425872345850459,0.010734897968013319,0.014222519223682275,0.015927994445844352,0.013909971318232512
0.015149885038404297,0.014428367272878046,0.012449871994607233,0.014641903854392862,0.015942855935756915,0.014136104197413426
0.014494961584749989,0.014384298984230002,0.012037245446346441,0.015002288300611654,0.016002513001629963,0.013983474755367648
0.014630600308611677,0.01315454189152954,0.011899131148219867,0.01529641370018852,0.016311669866594887,0.014022162095070024
0.014360557629054527,0.012507986394787644,0.011762710309542285,0.015306476339876723,0.015503972054006646,0.01381309442412325
0.012992084165925536,0.01183195074246957,0.011881353191123987,0.01574125688540626,0.01546344115199215,0.013597673918958676
0.011809499621927295,0.01172845084330392,0.011034832943415094,0.015030107499281147,0.012998283570019047,0.012678716331888107
0.01056061408536478,0.013177799275383213,0.011433457319724618,0.01425669706486619,0.012963682964885632,0.013393493199144582
0.010617518657292496,0.013225357542803934,0.011223861633695778,0.013884336996117366,0.01214318057142328,0.013304316434029751
0.010855153680232243,0.013421239520729955,0.011155917259090051,0.014241198293416357,0.014254272718706686,0.013799193340579635
0.012087052662975188,0.013156895385273471,0.011198447162818306,0.012793402469668754,0.015048487884095898,0.013687968354931324
0.012288738591349518,0.013751670508482599,0.01146898020629571,0.012810506887223811,0.01475020570974552,0.014288919149225704
0.01226005280519829,0.013719009982596115,0.012290581079433205,0.013009198200003907,0.014730499075280139,0.01401509484110458
0.013103415285959596,0.014313854719337996,0.013451004537591916,0.012904104009613145,0.01631854610336177,0.014233977248200781
0.012706201107281382,0.014205560359855289,0.013416170318688853,0.013140121499317375,0.016402969173358213,0.014296721691069197
0.012738393650098963,0.014098406282892153,0.013421888555856907,0.01358049949265041,0.01650905772231801,0.01428442047722658
0.012149619388756309,0.013026685019642974,0.012484598826064121,0.01359596947606577,0.016413689768924048,0.013590255592572565
0.012229372323166555,0.013118798612004571,0.012526573388193803,0.013377352866536562,0.017109711921727458,0.013148710509395587
0.01226198012316928,0.01395264546245708,0.013252866087188718,0.012796074198428938,0.01671578258445723,0.01332075597505322
0.01357939547529323,0.0150647568373081,0.013247912268349095,0.012590596525593306,0.018294500608552325,0.01318323566912703
0.013625195490728794,0.01456678942444961,0.013090633778741739,0.012245502141763082,0.01835516979415888,0.013213936630329631
0.013709277787864745,0.014785569320747519,0.01302815522132899,0.013922334075458486,0.018328526772915923,0.012946775162942998
0.01399896369871072,0.015516866045688452,0.012892466169603187,0.014101824673238771,0.018259418350016564,0.013360352938039645
0.014537094984906742,0.016553842077574425,0.013697826412594165,0.013815141668678586,0.017934121178416123,0.013225945473578615
0.014842995167177601,0.016800590542567478,0.01446940467670791,0.01369796207797167,0.018061794442318334,0.013737403412250306
0.014791081191037664,0.017053915385729,0.014237804452366307,0.013237843490672203,0.018858084795695097,0.01285037846853993
0.015234738936817614,0.0170643299612941,0.013882909719375109,0.014059821555265509,0.01890495162041355,0.013325080010797881
0.01488277688072827,0.01626351075920649,0.013978222946546768,0.013964072740305318,0.018449364670851853,0.012251985317356238
0.01509458200097904,0.01622516047817777,0.01456066932595704,0.014029689775427168,0.018613409478966662,0.01228468940176779
0.015618331231473825,0.01635923178478425,0.014341031417949799,0.013536709710659024,0.017313660593384433,0.013027874688440029
0.014325003625272085,0.016444962128568073,0.014309124449151852,0.013762645240275838,0.017268765173275788,0.01318255025795323
0.015095661106920618,0.016551646075487307,0.014214953608258028,0.014699298471228132,0.01727912426965385,0.012599475832440244
0.01491368753560725,0.01676253423195035,0.013693224463820427,0.01482819398825917,0.01716288631908877,0.012674690576453507
0.013271432470525441,0.016844868440292187,0.012970584967663679,0.015169957381771381,0.015112416521843329,0.012401530117180018
0.013405356497492067,0.017457988593986673,0.01292265210648398,0.015027170046137002,0.016865585885614556,0.011890327618046502
0.013398600480259563,0.017934446596244318,0.012933968984091264,0.014612085479582933,0.016945166179382548,0.011842613374626327
0.013372537532402891,0.017848607400510932,0.013168020622553988,0.014009434545303085,0.016256356823725077,0.01188082464391508
0.012705296001334104,0.01765463032352498,0.013563326321443631,0.014142624008281545,0.015116180883895287,0.011703576097055914
0.013076040120861741,0.017057798732218295,0.013046658941828312,0.01383050238075666,0.014981771537688968,0.01077298964154715
0.013170452613193034,0.017313566598480344,0.014374961143759989,0.014109866116356161,0.015280634455392544,0.012973381109690102
0.014240364438962075,0.018506666969855732,0.014616232707963524,0.014176131742179928,0.015144738857196782,0.012780586050659279
0.014023257176138218,0.018839892733267225,0.013667402113221188,0.012479206954811372,0.015159056699267955,0.014549664810709307
0.015769084659999252,0.018640032148264526,0.01402264638991359,0.01236965172592611,0.01678565286173726,0.01420711236469413
0.015532677489880242,0.0177912792424931,0.013646376305874027,0.012366025033670772,0.016769404623392725,0.01450154367205814
0.015217515453557887,0.017670151796772768,0.0128357520098,0.012351718161319327,0.016873309677501242,0.014419263810809553
0.015272112860763819,0.017556843516532004,0.012971398322542453,0.012494817399610688,0.01767791279459326,0.014436737006899415
0.01757007455351602,0.01812186737615768,0.013815532070117374,0.011984730986433509,0.018655619716113823,0.015166655889931225
0.01848975929851099,0.018750673801865837,0.01489751050951372,0.013866299267285914,0.019952050721682744,0.017709148728035556
0.01845716118843304,0.018793046656078477,0.014648183614470452,0.013860649761591735,0.019814171745658228,0.018100518636471094
0.018489360989781572,0.018551776000556144,0.014789674173628673,0.013459205862114408,0.019694543453112036,0.017366225164689043
0.019166823659975993,0.0189810308569883,0.015267115913829133,0.013716434912333842,0.019364396830475902,0.018216156929693368
0.018633658222050518,0.018549677467648937,0.015794758414773923,0.013007751384932856,0.0198635734654983,0.018500385869772273
0.02003395492724,0.019294391556580727,0.016191442623282874,0.013798893681751547,0.021047800947223277,0.01890809761494053
0.019327979742898786,0.01854360142440754,0.01624122718367662,0.01324260210309897,0.021011294252307192,0.018854095494943168
0.01908151220445911,0.01802394039858952,0.016165720912524863,0.01342255639687946,0.019672365147884792,0.01892851437119469
0.02000966659264727,0.017559137749546188,0.01686395156626418,0.01353575373045072,0.019701353389233397,0.01908381561374818
0.01994995229212773,0.017486524128875303,0.016608433641562358,0.013853461480429138,0.020133172749225055,0.01914558706568453
0.02010898449797988,0.017487742017927674,0.016694114890702647,0.01377679818963328,0.02013579063506536,0.019134048710097454
0.019996166768569933,0.017886979070221503,0.016706692444207208,0.013501506065606057,0.020189168441007842,0.01917775172502383
0.01932341297932635,0.01819473050022653,0.01609403324995668,0.014043690913580119,0.01972094912565483,0.018371868971508384
0.01797933468752616,0.01715672797333486,0.016004894197969192,0.014748761047135402,0.020266209334513927,0.01836157595258892
0.01832167785161307,0.017197469385901044,0.015890795097576335,0.0146255734178692,0.020340151832743226,0.017567950218662514
0.01788744826282066,0.01812189620308177,0.015391616495971847,0.014699216181292264,0.019411725444248008,0.018070243878449684
0.017789788411353473,0.01830949355652143,0.01568196956890745,0.014620039626338462,0.019555052112237854,0.018023034262052585
0.0182248111755471,0.018485466586136323,0.015831777381334837,0.015684889272876267,0.020126187190482633,0.018219397232359612
0.017942524469193408,0.01905691537558968,0.016126106271287473,0.015549909363273724,0.018724917009584834,0.01835113411603792
0.016121094675412062,0.019021504050909778,0.015351100940749018,0.016350853115732596,0.017709535736092016,0.018208711134647688
0.01477004631678949,0.01768664899464209,0.013964620724582875,0.015099533187889789,0.016048672996598276,0.015927878263788692
0.014768454477337595,0.018020185993354105,0.013935196611906623,0.015927535710600293,0.016083452151382967,0.015714207068283085
0.01392826972387141,0.018764141751707118,0.013939162224372,0.016651260517335457,0.01611651696666581,0.015451804313147448
0.014573012081798958,0.018283494457869757,0.01316133022933241,0.01627438958185825,0.015807908049735805,0.014939121579354437
0.015054772522778362,0.0186418119907834,0.013383283848032702,0.016941843847388886,0.015443792607188122,0.014904524704705432
0.012681166324680748,0.018017052861766282,0.012382116301742085,0.016393559952313314,0.013775396264384157,0.013843334849074924
0.012888315820372495,0.017347083405367482,0.011823580155569325,0.016324701502193947,0.015474890432171932,0.013675242837472559
0.01292675270913813,0.017428475629997477,0.011788231846854598,0.01622869676579822,0.015068137764003908,0.013909042930225622
0.012115643571687333,0.018334552523397683,0.011327268961483613,0.016193935558775838,0.01512861410275644,0.013946867847189124
0.012612365286215448,0.01848063298842685,0.0116908193932342,0.016451511292663392,0.015832848344905396,0.013992203650277878
0.012656018075034952,0.018776120983202138,0.01234149628917315,0.01750475887922861,0.01773874790764866,0.014688195397240447
0.012697972067718985,0.018018418994215992,0.01227995194123173,0.017387688686176055,0.017554012289770424,0.014708277393431926
0.013620719499092777,0.016796969143505164,0.011758352061467914,0.016882447711131416,0.017058250328166456,0.014106424598017059
0.013831891185258476,0.016326669189021648,0.011143198679815,0.016106526037239968,0.01581754005166489,0.013970413821288894
0.014478171754293303,0.016445029441385272,0.012284300931268338,0.01775899054515248,0.015303450208705405,0.014651000679107783
0.013981785681048018,0.015895321112891134,0.012261495919796429,0.017805334824682297,0.015230010751941612,0.014611585584156742
0.014864943493456052,0.016552610715337573,0.012984890726931604,0.019329303922984525,0.016046699592245826,0.015037903522398045
0.014253361646602696,0.016562074356869776,0.01303153790289018,0.018926079528713835,0.015447405272628785,0.01453261356667346
0.014247984341352164,0.016004847988847902,0.012800341507071775,0.018911014532630013,0.01593272058195564,0.014410865675100437
0.014247304616093895,0.015442680115476339,0.014545810781455662,0.017820710553554595,0.015989769450233046,0.01372889017384591
0.014722026930927487,0.015611002073505777,0.01434566402291924,0.017768740840530393,0.016190484490482094,0.013422068459867232
0.01490499326302224,0.015272426076057164,0.014744557755462516,0.01742783670598338,0.016657584788536777,0.013898347177495243
0.015411831355091747,0.01374193350329039,0.015259417598175829,0.017583645351402485,0.016789337793810685,0.013925025259503482
0.0144570590748027,0.014266141570333587,0.015534840459667671,0.017625256726937065,0.01670172585676924,0.013358115209424232
0.013894682237796498,0.013980622643669656,0.014971279140178614,0.017164454063237196,0.016891184246428142,0.0130819032668651
0.013524413579198298,0.014540117532268854,0.015067091674929492,0.016784638373006703,0.016502155009656048,0.012754197369429772
0.014145660246747663,0.017987976067771857,0.016805692629596646,0.01673989024150249,0.01627224214201734,0.014503553135969764
0.014153003519963356,0.01787517922600745,0.0169939778205664,0.016827900406014097,0.016511195514258493,0.014225841646511587
0.014220896460906718,0.017181985492669177,0.01702173199704642,0.01682685697192265,0.016412633238281075,0.0146391360549452
0.014503456938695636,0.017906905166351458,0.017377285114087416,0.01652060746701075,0.015455853800811974,0.014292661552048823
0.014360243353744457,0.017601686824190707,0.01683099191678884,0.01541988336427763,0.014314949122266465,0.013841428595460828
0.0144694395537348,0.017765824232128018,0.016818042309523006,0.01543737462358788,0.013828435266272525,0.013767816255291793
0.015119286516631816,0.01896950597243645,0.01847688881384551,0.015400454152697328,0.015267054990220179,0.014804065391965514
0.014841501412120808,0.01966667579106568,0.018474931776553422,0.015185025998073145,0.01529322769997383,0.015070092081393927
0.01333251293468287,0.019114997506035982,0.017103457721034075,0.012651756946467935,0.015344718329542997,0.014606572016699508
0.01327494766566026,0.018739071596734713,0.017597464609159535,0.012155752976067124,0.014987432548364566,0.014203210042182784
0.01265642728858822,0.019118458516740048,0.017565683245414253,0.011066360244425826,0.014530645521550634,0.014068752681957767
0.012395643063699632,0.019197793642809727,0.017406775965049956,0.011381658464802642,0.014720981052066545,0.014708045066047665
0.01290528314637347,0.019411308778289147,0.019861362441489002,0.012531466270238661,0.014702918626223978,0.014734611976664327
0.015207762495211309,0.01947768742268986,0.019391199268780204,0.012679315252175147,0.015371456740462846,0.015969717926645827
0.015521044338113599,0.01991894285096026,0.019225244914151875,0.012693247866484177,0.014867028013765217,0.01566855380581808
0.015911654047676287,0.019813176283333473,0.019659394924701565,0.012634085764841537,0.014165097482668374,0.015300915253194387
0.01530853886087241,0.01982022422737186,0.019152970735196048,0.01115637009339466,0.015588784978803606,0.015442486726716305
0.015544591088708305,0.021487338762694642,0.021382270733273458,0.012703442711908102,0.01633740429819148,0.015828085734130293
0.015497666093369859,0.021535254875033376,0.021401825486151837,0.012719106604975886,0.015928537064645493,0.015033761968751955
0.015405463308882431,0.02096961771585263,0.021804749041213222,0.013464837351954468,0.01596767850562558,0.015238560086646497
0.014990297351168573,0.01805557062127375,0.021221007875812496,0.01624991469874017,0.015581785746070083,0.013667858036957956
0.015092837785315784,0.018105687636628513,0.021518325984164876,0.01727842061863875,0.015584612599293064,0.013739405508058763
0.015073909506585636,0.017909950738449115,0.02152434991367595,0.017347187920163203,0.01554616174518339,0.014094608425143122
0.014910848138687609,0.018529622462271113,0.021942900687625243,0.018138938831482494,0.01549181637837823,0.0162825185263423
0.014896334982185011,0.0184820720913056,0.02191786535005768,0.018129384666949837,0.015304625536335477,0.0159605969434865
0.014705462464680378,0.01868422825729889,0.022202177441527467,0.018108907551034847,0.015329696052779998,0.016961751044568006
0.014471100526152626,0.017649517247869652,0.021402803720135512,0.01808187035579666,0.015031675769561152,0.016317091707416943
0.014648113095801956,0.018398553031863364,0.022354196234726592,0.019842811006046637,0.017195476435432663,0.017630465659430654
0.01721365552427585,0.01861947280477108,0.022898430826234332,0.02045769259704572,0.01943463526136565,0.01877969523354599
0.019259891766255987,0.020253075007697206,0.023664954899768904,0.022202073820927416,0.021201082976270335,0.019809288865436116
0.019704000548873536,0.019982516624906306,0.022899170927747837,0.022052012774484736,0.022567939778193415,0.01986323007238991
0.01982280366062687,0.020389232752712205,0.02290804977224142,0.021990388076898116,0.02242825391479408,0.019376393406727192
0.020102883597241848,0.019902135668553665,0.021628466860972393,0.02204962034474409,0.02353611025110281,0.020178749811815715
0.018943121969918847,0.019876800702549415,0.02103901984679904,0.021292031027252144,0.022908774511941545,0.019074975337470518
0.018517597917904666,0.01959651190221479,0.02114266645124098,0.021142216399946956,0.02300962162180534,0.01912508506822976
0.018751530565046078,0.01953710347739847,0.02074741507931511,0.021140138785899407,0.023027915215322138,0.01908070690768803
0.019371059556689125,0.02023035357532365,0.0207482723573716,0.02081301447010722,0.02306520335190933,0.018890558184898716
0.018603830883946272,0.017560645949893837,0.018119962010701714,0.019301511118669554,0.02203667734955114,0.018300739168916516
0.018575212195228178,0.017283260077524547,0.019264685390516553,0.019402247866535122,0.021722336207385746,0.018145724158137092
0.01832659556749206,0.016731586779259622,0.018161379340023872,0.017846830247719127,0.0212356157628188,0.01817794282122432
0.018724709442103627,0.017234227007938287,0.01959806035167627,0.019151835720121507,0.02136922891861058,0.021577734986530712
0.018835486144362226,0.016948469999474948,0.018693659932123022,0.017224327081425676,0.021657757637637474,0.021362486219973942
0.018576996082102504,0.016777020983044188,0.018733625502907865,0.017187464009928037,0.021794865765752767,0.0212536732010396
0.020867080022781027,0.017006242894056965,0.018286528217493513,0.01715203035699148,0.022850268196936644,0.021114893596500414
0.020965061154147403,0.01753748567820435,0.018482525072699693,0.017251309963460724,0.02284876412214954,0.021087447359562254
0.020565698461974244,0.017133687370652982,0.01766589149713954,0.01754802698962167,0.022702368740514164,0.019824095966289115
0.019463804385461907,0.01647444676587914,0.01687594847116091,0.017543060853933735,0.021352340565813956,0.020186806049037605
0.01961489433274613,0.015512928674504888,0.01638599789185782,0.017853419583229394,0.020470006055308507,0.019585221939132612
0.01820254259821323,0.015129865052641737,0.016119222630508908,0.01733196130489086,0.019096906910809983,0.01878535253637146
0.018313736662682194,0.01557055353482764,0.014723916006232934,0.01515146725666916,0.01800994455372991,0.017980576589331755
0.01774950857855898,0.015238996682584733,0.01559595270460408,0.015270180989486539,0.01723633962660241,0.017681523945923743
0.018629338899933744,0.01566873170990056,0.016209900146319806,0.017333483521712816,0.018251574953326303,0.019265012914667968
0.0177799466499198,0.015278325512186304,0.015587029238328737,0.01630054483255745,0.01647236296769865,0.018849548704353004
0.017193902220331358,0.015514482872188763,0.015435553821766843,0.01616377905873904,0.016394493923904376,0.01889355657850994
0.017781612281236894,0.016127916786806307,0.01592009051468604,0.017142956858792118,0.016567263990562835,0.018979185325409813
0.01717510931462329,0.016125621418807013,0.01578632425477805,0.01711477301340978,0.01671105173448941,0.018978270120662194
0.01625977696482273,0.015119117282329685,0.016776639935454515,0.0165521968102033,0.01560822048454976,0.018815701734202824
0.016219559569568588,0.01535576465906327,0.017205268205093844,0.01653412730571147,0.015910603910623156,0.019386978060247265
0.016107622450464692,0.014954039673367198,0.01608734920682128,0.016339765569589187,0.01636632184233311,0.019805780914447076
0.0162067008884686,0.015728630803942722,0.018134131621494267,0.016739073440503686,0.016179244117247388,0.019961209317124588
0.017387361346042924,0.016071247281048508,0.016133313839831572,0.01532279607353559,0.016708654198185523,0.017000202583701166
0.01841116945105366,0.015861724636267595,0.01676705032024582,0.015711824001075802,0.01662350368948073,0.017226916242386297
0.018298277096181797,0.015924553425236552,0.01666662184789469,0.015524037191525081,0.016696276723442725,0.01571701826981753
0.017761445479016754,0.015905959330567435,0.017354978596848623,0.015618597525256489,0.015748812117628994,0.015572170752346265
0.01883067840170767,0.016284899717670036,0.017771859746979934,0.015436174990762922,0.01577445857622517,0.01547045295404233
0.018707870377185028,0.016120050920767875,0.017772102551750216,0.015407438453923866,0.015607323442947471,0.014706463173215716
0.018979834584649673,0.01622702208164988,0.017819875328162173,0.01558489065202976,0.015203998652042885,0.013707478997805115
0.019006017756322015,0.01606228224630555,0.01774155749369313,0.014526476064269787,0.015206528227653225,0.014314269143334585
0.01893985263314751,0.016295383034075715,0.0186560564070964,0.015025614251880893,0.015147657412454744,0.015201805606259477
0.018069702036182172,0.014934877515819924,0.018280261060846823,0.014951560842402368,0.014329652811905277,0.015637529904084676
0.01790473549425525,0.014939116056384134,0.017775468359365616,0.0145807879493349,0.013405045791518001,0.015747290438107617
0.017423104379105835,0.013360402399935098,0.01702828270472915,0.01208394190889681,0.012257678742886722,0.014036218989240082
0.017670266282949557,0.013239809268016508,0.017226378188182106,0.01211946147028023,0.012053923780972723,0.01345770064952773
0.01736668945039375,0.013347824394425703,0.017345768940177798,0.012885859158360153,0.012708032228928369,0.013443436809476468
0.01661296374703011,0.013307050304278513,0.016931634735614893,0.012570151760901203,0.01370681803019275,0.013316650041299883
0.016885629667063855,0.013303518963783295,0.016925554341912966,0.012616794468842821,0.013483332791805244,0.013627442425710365
0.01690528599961924,0.013545650295447704,0.015984126419812828,0.012745259515234402,0.01348560711170637,0.013891203969941146
0.016545155767233217,0.01359357578212887,0.014973624950239977,0.013170356480684242,0.013179073792290816,0.013525900171484953
0.01713657717974471,0.014392268897804107,0.014782004399174278,0.01281582219531234,0.013586732097247922,0.012451790842818807
0.01758624889985637,0.014093987425487156,0.012854849641170748,0.0120707158158459,0.015168232976134018,0.012841623860446825
0.017322054431705997,0.015059514506222811,0.012729789321899812,0.012564359106404674,0.014767516339451928,0.012806082035965373
0.01713936100658045,0.016721236466854507,0.012718014728808392,0.012127366534097737,0.013961145449739162,0.013390639721485319
0.017980936315289894,0.017735311912422152,0.013572470120725105,0.01371295532779149,0.014183452150026433,0.013538417262607962
0.017809245229573948,0.017474531286546136,0.013323148112544295,0.01349558836532386,0.01408416407508028,0.012780328732780425
0.016373528133817677,0.01747577152759523,0.01286257886723385,0.012889935994548529,0.014121071912927748,0.01346844827096016
0.016037238839139024,0.017475660001650625,0.012968326557165052,0.013102501346840241,0.014105508161348826,0.013322473249414636
0.01660884029432962,0.018248846761885585,0.013008155178296793,0.015248651244458426,0.01538168045558107,0.013724343057766517
0.016680997505686426,0.01915503012925604,0.013345889443316931,0.016065534095589248,0.017167774926451926,0.01444947130622676
0.01687796083762712,0.01892927377807566,0.012517177760846673,0.015709128454302803,0.017068096619669793,0.014185109436152745
0.0171941181425188,0.018409624497239426,0.012525748609191601,0.015804413781633695,0.017003812143760812,0.013925613293819871
0.01724605614580378,0.018635907051564045,0.012435387224353616,0.01582495343874152,0.01661345740348761,0.013877933760064565
0.018024987152782456,0.018648824198347125,0.01304168526810329,0.015680364475259428,0.016668151697298222,0.01391958039157726
0.01796245423450495,0.01858196290691698,0.01329081913876591,0.015689598814263555,0.01687130646640278,0.013838454551493904
0.01813589525220111,0.01823956836454754,0.013342637686589645,0.014953719276315754,0.01628541687500557,0.013828040854434
0.019103206939044604,0.01860446753602042,0.014780123866051896,0.015212574819585835,0.0175959678341258,0.014932457855681359
0.019583212362941995,0.01892436249210854,0.014969495562775544,0.016401559104608367,0.01849621230925088,0.015666463047260413
0.019516475172445324,0.01860382256390316,0.01511322587722224,0.01649942407242674,0.0187813749603935,0.015714591088283252
0.019679411357219793,0.018927833871606698,0.015327793532637995,0.016282787703769366,0.01900863338417799,0.0153336822973832
0.01930644588957593,0.018123565765467038,0.015665232495332315,0.01599682270083086,0.017809698113927814,0.01595833288814319
0.01851350486617272,0.019570986675407766,0.014327768199405606,0.016157496087707245,0.016804644827914716,0.015461991907132914
0.017443581817839206,0.018281209139917372,0.013961026829690965,0.015421531026150091,0.01693227368499995,0.015294138045703417
0.017172868845930223,0.01621833280035734,0.01431341799756889,0.014927772096000594,0.017995201495548393,0.01459625954115793
0.01658724485562439,0.0168861816245924,0.013606495983239555,0.015527945983047806,0.018868068964506345,0.015510666254139376
0.01743714434193013,0.01714268719138913,0.013702934967052223,0.016472649869052683,0.01897967319737978,0.01545910141091216
0.017693510486281556,0.017869625036067326,0.01527800806464811,0.017262787409655252,0.01902408930465405,0.014936844629580882
0.01885577607397569,0.02033079941071346,0.015914951053526118,0.017656914299964133,0.0193116201415562,0.01535061643574125
0.017726398924368576,0.019222524177411836,0.015381973101020322,0.015075345028612373,0.017845736151697975,0.014594394434461862
0.017723750227350128,0.01904522107033224,0.01541405080213413,0.014574233001842556,0.01682009160763281,0.014010690715821146
0.017412384217142782,0.019017211058750583,0.015391914334883442,0.0146668567299336,0.016638790248745646,0.013474595790588776
0.02056133161994465,0.021269468380848512,0.01976760139462765,0.017688897660999847,0.021810069606549503,0.015624843914981246
0.021397426956628923,0.02101277988452669,0.019755761393361198,0.017648420655924507,0.022342011436461973,0.015903616372946947
0.02048504917485182,0.020873588020082417,0.01988345968923898,0.017644061496456368,0.022257921104187613,0.016371954636180734
0.020836057344247063,0.020719869921811677,0.019808485286704817,0.017632054456839272,0.022606970070252353,0.016242275144785136
0.020506262468107557,0.021431036569841303,0.019681594842877622,0.01753676982104951,0.02240153239869673,0.016241018686311563
0.01995964708550769,0.02051508777748595,0.017922824152530235,0.016912297845210977,0.020384954907074083,0.015286446315084782
0.01971157785379535,0.020931664884742397,0.018306043174926574,0.01666240901830822,0.019959922018483654,0.014276865182877768
0.0197652439395587,0.021905781408391084,0.017886643628807087,0.017530709140844876,0.019836037643373806,0.01416796627267523
0.020080323980441985,0.020992793827605157,0.017922164200239732,0.01740782025010198,0.019699624978915493,0.01418307733500531
0.01989187401584593,0.021023892329807278,0.017937284907220675,0.01754772067639237,0.01976499059304026,0.013606412895860008
0.019817589306433615,0.020418777090291853,0.017932406036020063,0.017552505096939345,0.01975956442396695,0.013646718995558174
0.019821954329780914,0.020926623171530965,0.017928874547817143,0.017285269761707796,0.019710845048095962,0.013712992740435356
0.019821415648241584,0.021011806147743176,0.017818151257715097,0.01729263103548924,0.019114716171816475,0.01376073125227791
0.019441864077543513,0.02092878020941639,0.017570115692550608,0.016552767559614896,0.017994211995738425,0.013470191628024177
0.018402272959871985,0.021024210308612148,0.017348030653510395,0.016153759472772627,0.01790634508758221,0.013602647516405188
0.018255929019504312,0.020358261961459574,0.016167679846104625,0.015559690629122033,0.01877412601756912,0.013408408966449025
0.01720753985600859,0.018223071588817887,0.015276055534617531,0.0149765156198747,0.018556145685908305,0.013371009474669442
0.01793546268461478,0.018222236363951688,0.015199344825084936,0.015091376158219134,0.0193029996223668,0.01355396618541286
0.01796425615204737,0.01777925962366239,0.015002127168584158,0.01506514171789819,0.019299554182000602,0.013351438930861766
0.017955881056073035,0.01834550549450383,0.015616838927756855,0.015375604072036697,0.01993471885973929,0.013498249533758782
0.013765539017964047,0.01558857351144973,0.010339176847496825,0.011657662545810523,0.014881478208146554,0.011480493785996181
0.011945524714586625,0.01561821297764891,0.010617124666761532,0.012050784538002101,0.014364157878766763,0.011028506659266094
0.011986368465489956,0.015630475886184363,0.010148382788794427,0.012499789183180886,0.015293296013300142,0.010432892162144325
0.011585082924167217,0.015623987083896463,0.010557072003399254,0.012572301582536385,0.014882695982596074,0.010358190571374005
0.011478236503451006,0.014603836095026444,0.009931418072909516,0.01260919491728509,0.014482830450027427,0.0103228878664585
0.009740813781746191,0.014662355905968144,0.00994040313499373,0.012970351563418536,0.014268756557443515,0.01055538434814938
0.01049475361249896,0.013977235121532827,0.009184460501471889,0.012073116593772266,0.014346561182377402,0.010567522586548469
0.010600581920872822,0.01287309192008909,0.009940897695613623,0.011534136955248155,0.014553328858352407,0.010058872554331888
0.01052582045083473,0.012916830187806932,0.009953700982827518,0.011375125491515243,0.014886445789950645,0.010616772792661811
0.010438895559949367,0.013119331607444466,0.00982246769570506,0.011828393876565303,0.01470359618087625,0.01121880131807461
0.010464442324928037,0.012645222146608395,0.009750754553033016,0.011058726400711382,0.01466660985841002,0.012477048554435363
0.010868723836119792,0.011935359921745154,0.009952071040322905,0.010905630263959602,0.014665617249281929,0.013016617686137547
0.011136085739842129,0.010505473161492085,0.010323148827765073,0.012276474731235264,0.014395389770425761,0.01315292985502684
0.011090024685089222,0.009295283049397684,0.011015603415418187,0.012218344381419766,0.013877148618704859,0.01233283402607955
0.011200592393826427,0.009575610092903749,0.011083260985239195,0.013694228666981808,0.014007252195921393,0.012528430977929592
0.01227131472830029,0.010149066364643331,0.011402271880290908,0.01407278046373101,0.012257960432093732,0.012377390465106355
0.012156035401699374,0.01028459694987767,0.011279412867779346,0.014690148698282803,0.011796914549862174,0.011577912210719904
0.010768583439456289,0.010311868651493698,0.011102660435780648,0.014721827930311326,0.010679098521229531,0.011254261635801748
0.010517437490151767,0.012774119963785498,0.013110284160969637,0.016182469441398842,0.011795591760147245,0.012190570654883803
0.010563745138005936,0.012003249718791267,0.01273285571917526,0.01608548621177932,0.010908797180309808,0.011967584375357273
0.010527598931705937,0.012163509368713556,0.012723245398752353,0.016132327133072385,0.010847384477924656,0.011661885290604818
0.010503519793757566,0.01185327306037172,0.01217585581069806,0.01583772860920025,0.010010825226572016,0.011590030784192181
0.011684272322918963,0.013428898779818257,0.012878947504341855,0.015541021788401867,0.01039107522191621,0.011891105703584834
0.011622627671392872,0.013579017910068355,0.013321600280676364,0.015467145839832868,0.010141019795200995,0.011784695080903016
0.01192580094169252,0.01387406419728011,0.013637885380475438,0.015545161891292016,0.010857341433025358,0.011935015721610223
0.011470359351911924,0.01459904790633553,0.013649410691426913,0.01504507680238425,0.010971283055328865,0.011665182292867698
0.010828218581076476,0.015470445938510841,0.01360915364513708,0.015033116634432893,0.01102111009817414,0.011898565203105652
0.010948533475826118,0.015084374455983063,0.013157443347208473,0.014426839036886841,0.01092297858232024,0.012197661939925122
0.012002201087452372,0.015149597900374968,0.013800751471472984,0.014611343443006266,0.01043017620425364,0.011990786796518106
0.01201916775539443,0.01461878312045923,0.013905383259859058,0.014113352803884137,0.010508903274780353,0.010945675515495596
0.011900102870471415,0.01462442198734684,0.014044493196960751,0.014073901559589416,0.011145202279473075,0.009811621582223541
0.015472830878858637,0.015826273559863328,0.01571506868010154,0.014142912766306083,0.012785401069878381,0.012346178071484703
0.01578174813673062,0.015772692420521935,0.01561483276796316,0.012751279904354807,0.012820006770983862,0.012663518937275159
0.015620090003039605,0.01570169447951405,0.015094403221018689,0.013365208516600625,0.012927127002256508,0.013412155308363339
0.015638008135961907,0.015924456825980537,0.015291699756085773,0.01209718453195543,0.01336024865704692,0.013762650563393847
0.017210862474819313,0.01545581107067472,0.014927124017510993,0.011587761490303801,0.015411433601056951,0.014181731642666777
0.01716883823877062,0.01578762661796924,0.014944599780781782,0.010944358939637562,0.01588370471812226,0.014113937171016356
0.01719689176446405,0.01596644255046441,0.014579171505466946,0.01118103594643172,0.015872822476433422,0.014078460493930807
0.017929094565236423,0.014356395563446861,0.013612705320923466,0.009944943775598342,0.01519055748025364,0.013399379928004005
0.017815563681942606,0.014315823118649743,0.01334786032122692,0.010857534325349244,0.015741178301531097,0.013884753687168978
0.01781744235486013,0.014253393609645136,0.013592456797386042,0.010974699198930645,0.015727406401042268,0.014658400088112134
0.018479547812750536,0.01664876660050403,0.016280915440764855,0.014624060009385306,0.01778820614314095,0.01772294956246388
0.017564927927769144,0.015629954126229084,0.015645415669849685,0.015469924924831745,0.016849791610782143,0.01756003821525878
0.017492839346288102,0.015666946138937696,0.01582909121497622,0.015861804465908857,0.016849080888634172,0.017559700260641933
0.01732577314767282,0.01554916558819213,0.01587438342261346,0.016302708072639366,0.016258846361490942,0.01748575430985893
0.01815384812789774,0.015034882866206571,0.015882482078762597,0.01691312330019096,0.01646875805080322,0.017536412716605467
0.018605752950553174,0.014426470534299383,0.01593269277521238,0.01806480527523916,0.01656011262064396,0.018985257024548174
0.018491942694630382,0.0144224378542214,0.01593683728400497,0.018058695793403974,0.016494517182425294,0.019413453276661715
0.017014737264615606,0.014335209271483424,0.015766177399175355,0.018109457455632444,0.01660122385287291,0.019245130025910398
0.020191689056098187,0.015052511363050131,0.016882110020690243,0.019131793749382,0.016829153679096372,0.020460019608132655
0.02063553546530481,0.015348309023270517,0.01746844609650712,0.019661378034548736,0.016458333442498706,0.020505587715985388
0.018440601821905767,0.015210581877109613,0.015968133356538045,0.019690147024650308,0.015029335698553494,0.01856561365701251
0.018323882792818283,0.015335978201405915,0.01607125394055484,0.02025998153739925,0.014916735290031067,0.018072185164646027
0.018771902401689272,0.015202970724093573,0.015721420995637028,0.019455331920083193,0.014947185763064419,0.017211184687296707
0.019608949725047498,0.015487255248675804,0.015921997744641574,0.02000493188171686,0.01478159067260029,0.01704651552457711
0.017659146243505914,0.015758165351031583,0.01587065551435838,0.019630368069947134,0.011448419960630292,0.01673239974298256
0.0177157523212694,0.01520386399748255,0.015781327988047704,0.02002190246784893,0.012160383826003098,0.016792241290046545
0.017797514976120286,0.014544456785432725,0.015999747866995914,0.020046800189483942,0.012159378448881649,0.01690386326008938
0.01624312101295629,0.014556036112180412,0.016279668798950195,0.019401764180655735,0.011686167504021025,0.01663736334294361
0.016154045068191226,0.014767865699414405,0.01636659079329496,0.018979491915556857,0.011382649215347084,0.01699336002332739
0.016087756553026127,0.01393229161058042,0.016078096610118216,0.01855404563284071,0.011369921758814886,0.01602591089318796
0.01716161749539007,0.012871876054909687,0.014403114433044747,0.01690806010024361,0.009371976361830278,0.01459202374237707
0.019757538286978193,0.013978913623676927,0.015624109600875949,0.01634623905889036,0.009972754092922404,0.015942313971712432
0.019604524620740204,0.013209046731612032,0.014917890182620845,0.016004930288909234,0.01048799771281966,0.015920728497871944
0.019519412038749406,0.013190560131863063,0.01501157868166688,0.01573001729136894,0.010500064978109113,0.01592428290915831
0.01797241556060616,0.01321188899869271,0.015105877247137144,0.015238585633645968,0.010165274171895746,0.01589055639983276
0.017879298637788598,0.013468807207430383,0.01520382789619779,0.013832017615079765,0.010459580115750784,0.014581024437331482
0.017832132291552113,0.01360325495686964,0.015246046970809626,0.013837923862421173,0.010309680705325083,0.013880177757403042
0.017816696342077203,0.013621982332980558,0.01412913088403183,0.013535610441893277,0.01025828936073427,0.013860643999547
0.015331016774571184,0.013209763607962449,0.013187671208211077,0.011395539540668114,0.010755759474774721,0.011969929043247247
0.015396155602711225,0.013255818595553597,0.01194672714026361,0.011029738302377409,0.010741360036066993,0.01278250756763997
0.015594992944331193,0.011486778987984819,0.013522396095647688,0.010906980036968661,0.011214448152390663,0.012842007699459949
0.015781294002748556,0.011461491502013492,0.013475216862141922,0.010752315035715946,0.011915112410718055,0.012831916835591147
0.016169348977835726,0.01137033000862888,0.013805032861643142,0.0108990171054815,0.012955563625285028,0.012421731740953222
0.014714262018027984,0.011531668881752957,0.013555473025503157,0.009349691600004867,0.012914231675186254,0.012414050948906855
0.013295253388017032,0.011443204866623254,0.014219329061376719,0.009736441932873062,0.013029708582145486,0.011226071247074868
0.013298891185504797,0.011632275238941982,0.014050964144450798,0.00945314108777808,0.012585851401492397,0.011217614806595484
0.014142945023885247,0.012767280958230404,0.014224208107377893,0.010805987699769372,0.013038862812850866,0.011346230524364512
0.013951147365964934,0.01295040783573015,0.015114500739089983,0.010178927239888905,0.013136351241978312,0.010707355831511245
0.014056734669370435,0.012746010679163733,0.014908028907209844,0.010751503918803964,0.01454243373506363,0.008909392949546586
0.014230482177431003,0.013102576366848497,0.014812694533277779,0.010501573392789523,0.01492867330166774,0.009531932506193707
0.014652659442159339,0.013256556109077743,0.01463658857065147,0.010472572221283631,0.01525479231979624,0.010385989438746376
0.012721901302052927,0.012101878457468391,0.01313108428518721,0.010471424885529847,0.015185624035486319,0.009432860548646048
0.012965588360778723,0.012241846153237226,0.01423199557098684,0.012487258733174527,0.015228296059616982,0.010115120807336892
0.014699916923628402,0.01301667432689406,0.01472469004707275,0.011983807439548726,0.015651598297905113,0.010421450232016308
0.017110264303573618,0.01498136016564873,0.016370626129942716,0.014250071120005032,0.017612634978828742,0.013087220083661498
0.01717420624677235,0.014806321325614725,0.016253158123203146,0.014250161513680725,0.017459751969835485,0.013024218582385302
0.01719269572657733,0.014826910024171419,0.016264458087013472,0.01470791917814108,0.017460567406522135,0.013065594789530562
0.017369460859693982,0.014812813371664952,0.016386760315727132,0.014712448238761507,0.01789945625625625,0.01412277796550476
0.017467905479265976,0.015052072530447005,0.01668919768657241,0.015195018684460168,0.017422505752384843,0.014114403107473333
0.017246471446861745,0.014968651603366646,0.01665499241834045,0.015658143874257954,0.017676452073970048,0.013258081963959095
0.01865494086255247,0.014949234791197906,0.015164618290303253,0.01525656069357457,0.018131920220875987,0.01355163844074869
0.018386901051288373,0.01553855223007911,0.01591626577101414,0.01564000837697788,0.017938310881410926,0.014230224762532287
0.017780704344724275,0.015558462409944488,0.015819997721538817,0.0157247675196982,0.01734952039626197,0.01432075233683727
0.01786321419816289,0.01519302380390836,0.01588631394173608,0.015617733270680063,0.01743683211752313,0.013935855250912503
0.017628308261330477,0.014760294024842479,0.016589033688745272,0.015062992871535771,0.01872333845856444,0.013887319290176725
0.01779151028315976,0.014659459165670819,0.0167187353667578,0.015878430003782463,0.018639777566525993,0.014077865765656157
0.016845534563174173,0.013479161847613821,0.017123777757461888,0.01536083924973319,0.01839480976320093,0.013725038414238966
0.01667173492679696,0.01306307664612046,0.0157775566393307,0.015778562956088826,0.018518191744253638,0.013739287492754722
0.01572679439667026,0.011662359141217745,0.015493659207730711,0.015350354423627335,0.01724295973148042,0.01224887844965923
0.015762073528889305,0.011579356930212148,0.015825739727158897,0.016038006358889995,0.0165313828940244,0.01259193887915208
0.015894608356447133,0.011788540563357224,0.0156703526065454,0.016269786895529124,0.01618639254630226,0.012645582917291575
0.015792498349096493,0.013130733327769204,0.015962661794665413,0.01767220289970756,0.015745474029784767,0.012713653702373045
0.015106774860802592,0.01265116620123525,0.014774253416377444,0.016478511751478363,0.015018009851060592,0.01133438653251963
0.014210257679919715,0.012190340176675979,0.013998423429217342,0.016447371241073785,0.014955917326592781,0.011290631137846074
0.011990437150782865,0.010226011228778807,0.012029166628804934,0.014839237408700726,0.0128875146727143,0.01025399858084855
0.012516825799727134,0.012948297579818684,0.014814353072506121,0.015405143807559236,0.014757667633897062,0.011459115073635789
0.012536698274395255,0.01290289387382782,0.014809459016958175,0.015436059190893935,0.01479389581693812,0.012300236791025255
0.012260061587027735,0.013083996579631855,0.014592519865304477,0.015519928337572016,0.014324779856655073,0.011464274672119216
0.013399924710265741,0.014116229216423528,0.015215600100652253,0.015050643699096145,0.015303341768686547,0.014029966090251693
0.013532128641700154,0.014177188273566933,0.015270067301463724,0.014549833284466865,0.01596173700784968,0.01417450633056442
0.011740040457745309,0.014489220751045986,0.015007497584996934,0.015084870177003787,0.014858867395462074,0.014055184284596612
0.012239929844678326,0.014793707913157336,0.01485163575232584,0.016840162670959325,0.015502205149757201,0.014810494394621712
0.012632468084531416,0.015447574185590352,0.01504587035633566,0.016890058414179576,0.01468724060953392,0.014636603907517358
0.012695343184058818,0.015428944710650074,0.01506829090976006,0.016870027125132518,0.014668851345683687,0.015118633943966779
0.01309254040977778,0.015408033531696614,0.013849704473355295,0.016905957013382197,0.012994832317722256,0.015305439457269018
0.012701546681446858,0.015292524485728305,0.013843001218785128,0.016432979186426173,0.01288016145314094,0.015176035905143314
0.012740935217611523,0.015501384172632271,0.014095566228698545,0.017896672302006568,0.013369191851597927,0.01497541235524203
0.012691214011772839,0.014766909688963614,0.014203969016467087,0.017878227030758483,0.01327342601767426,0.015500051699434454
0.013164513509957324,0.014812836773329575,0.0144981493463526,0.017877842143055208,0.013371965345689522,0.016042054419263572
0.012867219739001038,0.014753386086070413,0.014064311195165073,0.017310054905751045,0.013142721574749352,0.015367980151516525
0.01313383453538523,0.016208007640183427,0.014391922191152139,0.01752549838892792,0.013273910189453474,0.015624799639205489
0.013725998713410261,0.015644145477633282,0.015090619952523764,0.01633508466177156,0.013279037875808657,0.015879837976422027
0.013950681772044364,0.016088047303957326,0.015222973656004085,0.016151121659372866,0.013714324325761586,0.01579341650480086
0.014664736880514753,0.016831330694096914,0.015154603272145361,0.01633677319108855,0.014234508937169741,0.017008876114912492
0.014763233615600477,0.016694610247905393,0.01545336895370108,0.016180033504354093,0.014355739016283346,0.016935583869792686
0.014519517331521582,0.014805857674445061,0.013023728465238638,0.015349380871823795,0.01287609498738558,0.016729839979119445
0.014566761741883717,0.014792713456896865,0.013019207890922275,0.014471786824704189,0.013655626088061092,0.016241956841068068
0.01520072909262528,0.015388269149509604,0.013166812845813834,0.014707255306491815,0.013719209483783468,0.016192199817960818
0.016442209996651306,0.01466083957592385,0.013043687428971648,0.015370465268656257,0.013209651502115156,0.014823145571528728
0.016909236496749747,0.015565545276440907,0.013107938143504213,0.015277720989963517,0.013075737885055037,0.014985977720983257
0.01701229173614731,0.01584031750404804,0.013190192940734377,0.016434075604283747,0.012996044329526963,0.014949142451850136
0.016636007451715226,0.016085602115966616,0.012824739846739161,0.014779769816047464,0.01217543859778267,0.013517417537987617
0.01637680557537203,0.015578678494147798,0.013554535513755536,0.014737370122524315,0.012435085466997106,0.013516960824743834
0.01628062889634064,0.015718215245800568,0.013531297593413451,0.015193278607840796,0.012315122817979115,0.012897926761969098
0.0165402586282031,0.01605522178251882,0.014286241075858012,0.015166660803729004,0.012594627767456741,0.01278661857684511
0.018046178690780377,0.016278688861308538,0.014215376122408946,0.01540899551823223,0.013134521595530803,0.014182745681820198
0.01772036772367636,0.015914736546399407,0.012899339732610295,0.013744820957829888,0.012334265045233828,0.014152681498864575
0.017942481521417745,0.015913816057001467,0.013359345163078955,0.013450213990237568,0.013241941433790361,0.0152823869554852
0.017698107013802304,0.016012572244274187,0.012942314294596054,0.013534870582071238,0.01312738551675047,0.014755395013598124
0.0182735455591462,0.0177980505721756,0.01347099956197845,0.014628944474219498,0.01354182594004478,0.01651108459743438
0.01791691001762289,0.016723832065409318,0.014616792780216608,0.013827755042070575,0.013687043870167783,0.016502715225841746
0.017613229897817155,0.01675625839513,0.01490681149595539,0.013491665042122167,0.013740971205438818,0.016316001715614852
0.017392233308084912,0.01662527583421142,0.01592792860723153,0.013821658094166977,0.01369927211427753,0.017701565593352557
0.016916514909454422,0.01617806549076532,0.015951771454811723,0.014007197273385213,0.013547943207371562,0.01648061346874997
0.01687515434932888,0.016671806321346735,0.017146907788648295,0.013641465929198621,0.014282540243177447,0.016605217805184026
0.01846268103740897,0.01743970327844966,0.01711642149336493,0.014465998615264266,0.014320725297260981,0.01649014120756355
0.018408269894042636,0.017226685129603007,0.01723150969626898,0.014393897943540335,0.01351394979308429,0.016422941636265113
0.018364770154139908,0.01663561824656877,0.017017659006829246,0.01372510385948666,0.012945234880834574,0.01646176135504297
0.0164288167128234,0.016432450178866836,0.01643112479082764,0.013108767441787137,0.013529140542941992,0.015955698906838376
0.01568563487029119,0.01583698150658808,0.01639549252930322,0.012717490862742546,0.013753842242679955,0.015742061340650162
0.01662438281788276,0.01640903087815969,0.01638040702420859,0.012034338748093088,0.01405876807773449,0.01584344386348151
0.01721205131978145,0.015372104038030859,0.01662065693787281,0.01201325485608432,0.014073206138906384,0.01585669622317908
0.016944081923486974,0.015370632617776069,0.015769293536371,0.012020917680473028,0.01439249825980961,0.015857515850759136
0.01715119798877684,0.014975568452954367,0.01613022520237151,0.011407787981277657,0.015176926113179617,0.015843681942186928
0.016534898038754738,0.014689139483692416,0.015129126306681664,0.011741209134151548,0.014687306150947625,0.015766483182783037
0.015397380353323243,0.014777969065617798,0.015590012858087598,0.012085592352932115,0.015201552044372017,0.014830611880239822
0.015409763320025556,0.014568839658235588,0.01601072611178256,0.012251026726907062,0.015157738356879915,0.01497994075635414
0.014961309068752792,0.014891405050012622,0.01601332935017366,0.012268252542426684,0.014721235918870035,0.014656785621397198
0.015018136949046253,0.015147359503822901,0.01617338246784764,0.01209228630542513,0.014924851473906013,0.014675152258222177
0.017016335551945646,0.014477311143241514,0.018897075112969404,0.014284269167726491,0.016514984690762177,0.016790613056515354
0.01765971946863698,0.014106684436903985,0.018543360535234945,0.014340306963292259,0.016270033040992095,0.016843195767523987
0.017618382654563183,0.014080871744865076,0.018188273651819943,0.014951280187389959,0.01649279505085188,0.016892615915152707
0.018598756676989965,0.013181324184025307,0.01777475153512282,0.015683084984976503,0.015767554604608998,0.016061663955643197
0.019734809836284357,0.013498977454465018,0.017788124137247122,0.015833095447143758,0.016013817626714104,0.01594852880704762
0.019656481829202686,0.014123880190561992,0.018113646473822437,0.016983200057330804,0.015999077924994432,0.016726680674117412
0.018927201842540767,0.016892573099405343,0.02053496715537949,0.017407793494402312,0.016245366563118514,0.017617700973480997
0.01884992592668627,0.016933579873015088,0.020586675767155234,0.01754609958012821,0.01605350302408981,0.01762181612209238
0.018384938421145205,0.017115354680163335,0.020843653663329745,0.01756181586658294,0.01607495961411801,0.01778471144296368
0.018281608239076805,0.01723329866563758,0.02268206222706553,0.018030905517874358,0.015748498744249405,0.01775467500699318
0.018493648792395637,0.017286878813103344,0.023325679672444234,0.01828397356376562,0.015232269234385459,0.01765130328779665
0.016860645987149436,0.01619730257262089,0.023250266427482014,0.01787837105680093,0.014930287257930457,0.017481328020415837
0.01677348672839321,0.016669181685722564,0.023123979915231588,0.017926510939741472,0.014965972134197949,0.01759161083029921
0.016756838853141907,0.016698984282631772,0.02315093120942958,0.017803394931960967,0.014896416272002758,0.017750324308248792
0.016822886346883628,0.01653821591041826,0.02268308374703216,0.01880739023192466,0.01367978640077225,0.01790078862046347
0.0168747104745747,0.01646093686931288,0.022853160042813386,0.01832776748891422,0.013688867521165249,0.017808114633437077
0.01678914226241819,0.01615615695535846,0.022919292536694013,0.020267696443295253,0.012546012028306547,0.01714499685051446
0.01650155998656079,0.016208130200481514,0.02213829810563251,0.02064750280156838,0.012545946682662913,0.01723911677235995
0.016302270478420696,0.016283595048379923,0.021466854912165434,0.020385117050586356,0.012636637949518817,0.015339501250613185
0.01598472643241655,0.016008689287790055,0.02017025656569462,0.02013558802195508,0.012138645058805018,0.015452515256923998
0.015238847018998984,0.016132425749310078,0.01849815532402158,0.01844103464969549,0.011141654863553275,0.013279296168540023
0.014991224849260713,0.016354530529682294,0.017910953745460104,0.018435723094465437,0.011149813052324502,0.01270496240392045
0.015337690757352172,0.017762887274860615,0.017901759672139368,0.018412460434581942,0.012484891807078465,0.013333565044911056
0.014238626164819178,0.017974349488088022,0.01776835424097239,0.01775380559563577,0.012479973042286081,0.012835802513906666
0.01229166347434248,0.017389725809436922,0.017430123989109588,0.017384956532447014,0.011918820198748254,0.012565207055286918
0.013875717946477604,0.016965470029243167,0.01693286211181537,0.01619883675356594,0.012071182781918233,0.012064242730095426
0.012372618187676435,0.013630894095542223,0.014970519513029528,0.014801212817125297,0.01282090258204017,0.011057018584352332
0.013180775316446021,0.014523019101205358,0.014657984899813714,0.01456584430262246,0.012741787844956984,0.012281627754163143
0.01483001567710951,0.01569374597502471,0.015703292344005665,0.015096597837916802,0.013421342598133958,0.015420161181163551
0.014813979408932976,0.01678432021463499,0.013140258759786954,0.015559542663711241,0.014621149170532758,0.017749609437433797
0.014815827602895553,0.016732060745681652,0.011777149658000013,0.01581290313763483,0.014615015106629289,0.017728149831448957
0.016016123521048135,0.018494556905303133,0.012413421608588668,0.01879302211096099,0.015798788198140346,0.019301456390513498
0.015970120622775762,0.01834960345879288,0.012431654101295094,0.01800447686800158,0.015617564473198047,0.019592536756037136
0.018534018556550173,0.018376494089778036,0.012009016808024275,0.018402322195295598,0.015133900792784725,0.019607449948900464
0.018758634532768756,0.018197543624477848,0.011586904728390189,0.01905571320070416,0.015069546621627227,0.019295543516237898
0.019193959734122915,0.01805875285253991,0.011880241063935638,0.01886934612279389,0.015931637540263978,0.019394837836669402
0.019509387390029952,0.018253320475445534,0.011688852541141728,0.017280112247936137,0.01601164686484049,0.0195429915551468
0.019516793771729726,0.017790276879195342,0.012602110856048935,0.017983459849768398,0.0157241657119623,0.019840435985930757
0.0195219673746576,0.01779337172987304,0.014503451843138013,0.01782321545616866,0.01606203250650498,0.019678966661159335
0.019685100871945884,0.018950377935572044,0.014457771643163513,0.0176154462867367,0.016061667585250655,0.02028082722564731
0.017965243421077408,0.017682181656923462,0.01373187782223059,0.017486243767894392,0.015068830348887135,0.01880676639963674
0.0184104820897986,0.01694042319689242,0.01392452353378214,0.017217690507134634,0.015524450950455591,0.01936416756854047
0.0182958145730999,0.016784216444067992,0.014119520631325008,0.01730719649620422,0.015184297018958688,0.019321869620753374
0.018201260312292345,0.016757758156670036,0.014140683845195744,0.01738841868250886,0.014786957782805176,0.01927603739014066
0.018588281598516724,0.01714435919021094,0.01523979301651321,0.017627382440997003,0.015343355147204656,0.019937005591364108
0.017719828348728026,0.017211729630892566,0.01537542611697303,0.018103726507372367,0.01526480449560315,0.020502522488276564
0.017748066450375296,0.01802623011235237,0.01535873696157387,0.01794009430206042,0.014942560111735184,0.019957526100466146
0.01796452966423425,0.01675477708726051,0.015489169522547218,0.01854738722791248,0.015499284481400519,0.018749204480027273
0.018492163481438544,0.017598861349697216,0.014686986878824504,0.01874888561516566,0.017046532625975372,0.017630425077893183
0.01849652919202591,0.017036020373389582,0.014539910218346488,0.0178823505648036,0.016473163213042458,0.01648105053229802
0.018433846558811272,0.017169591436439126,0.014483567137199794,0.01773564673943105,0.017120309965914546,0.01777663439799638
0.017674553016452946,0.015774329604082406,0.013812932398249744,0.01461294481852947,0.01621581777815733,0.016269178064969175
0.017108696090748377,0.015500755735228059,0.013837295172835778,0.01469442994702177,0.016220360498992812,0.015892276756843914
0.014912143400245702,0.015477806155859284,0.015796625986065856,0.01492665538405474,0.015553651480914832,0.0160307090977276
0.014588570652375768,0.015522986724121711,0.015855731003019947,0.01341372830497566,0.015607927520018893,0.015979297471289254
0.014270301581393956,0.015518529157741327,0.015459158245617116,0.013896788105601233,0.014819171102025389,0.016164439261465113
0.013965427794595645,0.01510408265273134,0.015187770347943526,0.014897442576443147,0.014895504242585796,0.01609028191792012
0.01411111182710692,0.0150929019912616,0.014013185081768288,0.014073030402420148,0.015027542123597212,0.015784561318685823
0.014867822856470595,0.01508384496320366,0.01219690859083362,0.014714995997063128,0.014984447785178497,0.016216949055402483
0.015649268474484373,0.013409052020852668,0.01227224610534763,0.015039664256781006,0.015284252609751353,0.015715585449592194
0.01563023488657918,0.014102518280585286,0.012322600809201304,0.015011188219918462,0.015068134747448302,0.015647111383803137
0.01571303575844372,0.01400491086954072,0.012175992665158794,0.01566974228794901,0.014617018458906061,0.014653707833651799
0.016285145919111406,0.013994789559180293,0.012644308883085306,0.015870565539004847,0.014550199952359582,0.015265330858817424
0.016857739424977366,0.014029732384004017,0.013368264034548617,0.016589632738479194,0.014699983837509395,0.01606919361173188
0.016984024852119226,0.013696469321174349,0.012168221039703653,0.016779098552417788,0.014427626740614896,0.01588564138706018
0.016941687088887752,0.013595594087913498,0.012044025809623951,0.016423339340325277,0.014463425446955806,0.015384185329670756
0.017400246586860464,0.01273768658646516,0.014502150944323803,0.016580626815424437,0.016574900750243673,0.017525246428189527
0.016198912884724862,0.012745601403715555,0.014379924982161322,0.015048060447286269,0.016997078009202558,0.01710038326136964
0.013384053816107813,0.010184196179476307,0.013938762574188935,0.014004501341014747,0.014578077117269186,0.01659010355406781
0.01322614290642418,0.0106062385191597,0.013922266811779774,0.013261013441304124,0.01536323112822866,0.018021704689351957
0.014401077096458144,0.010322198508105292,0.015894613014906925,0.014952991069053505,0.014396072691215137,0.017325548134909184
0.014539862955119812,0.01020725094946972,0.015858323673493536,0.014929582065293627,0.01427215833392199,0.017484549347994642
0.01449890110020211,0.010296002532944175,0.016231387017406465,0.01498091092279761,0.014795547038190363,0.017953977996928862
0.014621692683731346,0.010936911233335057,0.01490572658918983,0.013683169070439418,0.0158250384208345,0.017982431182523424
0.01461548417303889,0.010755296939693862,0.014862339254733726,0.015644834514010532,0.01583225861344238,0.018027203091557125
0.014274684488737924,0.011585287344989672,0.015475173149894059,0.015861194197967447,0.015867411261577084,0.017698023065901517
0.014492596635955372,0.011759691294411765,0.015529000517499133,0.015060876878215284,0.01635703131838248,0.017858189894343665
0.01481412081705469,0.01171234153493676,0.015983281346880776,0.014990027525421258,0.01608059822877297,0.01758068031100361
0.01404997807708874,0.011878094062237608,0.016294570438720412,0.014526215585482276,0.015939496935775968,0.017279124131223126
0.013278455163954908,0.011873957254856111,0.016526445801005478,0.014387260555587788,0.015695637646837946,0.01727046857978831
0.013299871621659425,0.011495879894993734,0.0164692586280245,0.014353635289876846,0.01545176658496639,0.017196968642778494
0.012869686331181494,0.011804204627940572,0.016471952377235435,0.013413983864404531,0.015570217264343354,0.017459723319050494
0.01186761295766706,0.011169483587632763,0.015754335515699946,0.013131366655557267,0.015407681564695531,0.01681459659942223
0.012754050450594917,0.011204723903347806,0.016142790239184655,0.011934461100996966,0.016378201566900834,0.01652234960651903
0.013443071235891306,0.011065552579831649,0.0164244004167964,0.010961624395584929,0.01593052142902116,0.016635235054762
0.01368467915009884,0.01361227037048752,0.017410471794458485,0.011548141616349617,0.016321758379133633,0.019340774428322056
0.013143004477187014,0.0134828853933143,0.014889244387437505,0.01098685056424952,0.014218874609539724,0.017772886065627946
0.01317694802593073,0.013975779213991471,0.015123680637448107,0.011166290999150489,0.01265906666950541,0.017836683081888766
0.01339890969926889,0.01417344444008486,0.01556522576220481,0.012831209310089199,0.013993786520252705,0.0187117932714704
0.013415433226644893,0.015712240825843382,0.015390272051803879,0.013099532761975244,0.013213293590013674,0.016676042372637867
0.013133078091907885,0.015637256325010188,0.01429326713841653,0.01247958698044796,0.013166892802858838,0.01595089009340052
0.012949390202298636,0.016998956138381607,0.014473148327599404,0.013124447886395427,0.013750763866836702,0.01689946591313297
0.012948238503438883,0.017683348649254676,0.014264488396505605,0.013071046126657472,0.013248702495535707,0.016529756382885927
0.012935820336679015,0.01757637856988678,0.014244361575027335,0.013860975772726202,0.012875221828860983,0.016270002905827616
0.014481767523762444,0.01776382967188567,0.014744516311585866,0.01320678511109878,0.012907966052776094,0.0162446894436347
0.015419010273063808,0.019318461339408496,0.014450979052562095,0.014143447421339432,0.013704631024925347,0.017461719608180326
0.015363595283719075,0.01943337059353563,0.01443708961336986,0.013956832701229303,0.01285666757087308,0.017388848111835664
0.01592077601231319,0.019648111794458866,0.014795915815611965,0.01544547333180274,0.013758528855772825,0.017698899870298875
0.015812837549796087,0.019638521226270376,0.014529960455611494,0.01559779552650938,0.013732846900424141,0.017877292672730215
0.016289639485018197,0.02089488143734174,0.014273746793082815,0.015638974873569255,0.016916665985925946,0.018720405170112725
0.01620414832264818,0.020395164030274818,0.014428227502488991,0.016087331036199283,0.016520616016542543,0.01979161687574161
0.016188066554085508,0.020825637939466287,0.014374790960232937,0.01636896494947076,0.01674096630268293,0.019675533698252035
0.016352458625789077,0.02111928124104117,0.01438937307528985,0.016966971866092997,0.017269606747343166,0.019657599073312115
0.014763036900196739,0.021019739188679103,0.013124326405452844,0.016593283042223,0.015087113953005145,0.01925567498479442
0.014889515568565579,0.02101443402901871,0.013006452318352592,0.016837312770729067,0.015095847941124766,0.019147637371316306
0.014470431177712281,0.018700318897137996,0.011556728819470225,0.015556023059367244,0.013952054894440097,0.015822357829381777
0.01448848429013024,0.01784356696779364,0.011210776556153193,0.014830876965993417,0.013890067388966552,0.014788804118782032
0.014518968960424648,0.016359825915395393,0.010163139204951443,0.01395075097997822,0.014579487544998377,0.014188817064910845
0.014453444437807472,0.017061265976430387,0.011054830393217757,0.013463206069226356,0.014740532051101166,0.013631710439834868
0.014729517927878261,0.016707196063695286,0.011393225606202801,0.01345953820671359,0.014959414452129227,0.013911993540617031
0.014984362065585738,0.01795979661904785,0.013244486309527462,0.014067232857918012,0.015789734326398,0.01410507683892204
0.01626955944253082,0.017001473063307564,0.01357410303787236,0.014807315458319047,0.015971529036709797,0.014715974280626473
0.016453924094482264,0.01806341037755772,0.013404381407329092,0.014749133386722766,0.01583554231146539,0.015292179071140456
0.016387220351475065,0.018240770809672454,0.013244304575243743,0.014495300553907459,0.0157043969027101,0.015305666977035394
0.01490030628932689,0.018568667154992564,0.012790621357728276,0.013962376604054517,0.01624259120807485,0.015307570282124063
0.013713986457359854,0.01742037709221593,0.012427438691917316,0.012904308942612774,0.015852579103264916,0.014099718607664867
0.014662363765737516,0.01727402123079273,0.013068731571179487,0.013019834299206626,0.016203583044697045,0.014064235055860394
0.013989747259223024,0.016827937917624262,0.01231988448933008,0.011109801826960732,0.017228209614687344,0.015258650685725865
0.014341297217971467,0.01744940556110432,0.013075485722207287,0.010923731269909013,0.018516499504689865,0.015147094257094878
0.01297361090282736,0.016907756863033835,0.012800357394222061,0.010370525193547869,0.01620476859924338,0.015258431987586972
0.015386437619325864,0.017239809373606918,0.013986259432774597,0.012824757581072571,0.019894930135581,0.015062212021568206
0.015208533036002133,0.016903675703154656,0.013974767625123058,0.012525645026261882,0.019796701400173353,0.014615469804665307
0.015207827778076721,0.016421535033883227,0.01392603384087778,0.012004648875780042,0.020362607569332808,0.015384381018381296
0.017002254767184574,0.016514101156869382,0.014884551272154475,0.012094616487941467,0.02026528706923473,0.016352213094980184
0.016741408283058885,0.016403914656014346,0.014612500193141767,0.011958170909474996,0.020296693974494327,0.01621197213009713
0.01673795751629383,0.015556912724917766,0.014047306178298847,0.012112494593010571,0.020747125293436003,0.015824392059059608
0.016263531506350997,0.015661081747772313,0.013134694781988771,0.011986881835848066,0.02036378042768147,0.015883478658967897
0.016923253296646755,0.01571400011611612,0.013141261962935453,0.011914682755194009,0.020220033788584075,0.015927222646302853
0.017441996053310486,0.015556015820113208,0.012838134029113666,0.011966906378221594,0.020310194781081068,0.01583962757465612
0.017708750079298754,0.015863545801220725,0.014888196865555812,0.011973569292101744,0.020359172509499028,0.01628085154537814
0.01816724452238043,0.014966932261708038,0.015644286439343985,0.011633240752486347,0.01994499096868718,0.016634348989813644
0.017268361267839476,0.013480420651099207,0.015396810111386123,0.011082020970703627,0.019894610070975375,0.015644702935843434
0.01726604964970323,0.011046102206861003,0.016160433074486887,0.012709325711296366,0.020476851447589324,0.015352942562565712
0.017258611925023322,0.010995437043399312,0.016211210433721413,0.012958982916245448,0.021387021573596315,0.015170999360504547
0.017827311478527688,0.012195861158554862,0.017227336665756574,0.01598678674141469,0.021092839157206826,0.01685922289320316
0.017372937867980748,0.012514282869096702,0.01797955190402765,0.015991290755338217,0.02108861477223027,0.016852857149049466
0.017254076855382387,0.012508847312880992,0.017903674456211386,0.01604396699760576,0.020790729918279047,0.016782761366644663
0.01743203018228833,0.012335494806773064,0.017946952792462844,0.016048392463216994,0.01935482126138274,0.015128719796147331
0.016925505180544316,0.011832954785112395,0.01756669024057686,0.01619909444379323,0.018310911040050743,0.015293134200979865
0.01695927348432657,0.010866250728930063,0.018063889603385907,0.016226960216043244,0.018452951225098414,0.014738957468535862
0.014852349603308598,0.010409589936746564,0.017031300076177935,0.013846883395594516,0.014082299202341761,0.013213621671663305
0.014845125840655605,0.009866738715721498,0.01712227613133528,0.013718545775806345,0.01395681735485787,0.01317554632257701
0.014831008070774076,0.00986773285011635,0.01741363028576285,0.012949699095055838,0.012719000619442259,0.012369112269977275
0.012452912775652714,0.00995635526000095,0.016486552160679423,0.013914891863255554,0.012700565296531465,0.011544919756693897
0.012882200933303422,0.009852833438277342,0.016702484850883756,0.014647660570313328,0.012475168471707597,0.01163073597321379
0.012899666827801219,0.009881673366286751,0.016689370740740134,0.014610366982950587,0.011172969846894358,0.011814068636065642
0.012726618607598196,0.009762699512494326,0.016623621909946786,0.014630191143854934,0.0111559051746697,0.011646904005621916
0.011977606667033529,0.009906222514731998,0.016632991224195256,0.01462746975955146,0.011060703428686116,0.01163061878700977
0.01107952082404107,0.0099016620478558,0.016894685337316053,0.014614635449033289,0.010887192124437789,0.012176721582190285
0.011998518843566343,0.009573704654714098,0.015283571355212197,0.014989660231129655,0.01078414249959872,0.011385038614396808
0.010278940011005154,0.00921058510421421,0.013504739921295533,0.015007110737928918,0.010842361563120063,0.011087369754284525
0.010853390890836128,0.009394181511737728,0.01375802318663347,0.015594854773632948,0.010855664363015216,0.01111983752646836
0.011657298113374907,0.010381450872563142,0.013166112501826121,0.01593089080214538,0.010400998877891676,0.011382282586568777
0.012171546458214314,0.012079657725697314,0.013053374347475215,0.01597799719273864,0.007701619463271202,0.012034407114437685
0.01102107337695585,0.011324259114363952,0.01207311451839081,0.013891417325337406,0.007866830770379269,0.011069904439529732
0.011020049732818237,0.011038925792718063,0.011952795362746644,0.0140370097457711,0.008409835089295757,0.011350837516383366
0.010495960837868523,0.01190672826955122,0.011444899818202792,0.013766455239063636,0.008816572754713394,0.012137316828091806
0.011392115870011528,0.011896227707340914,0.011588916203459237,0.013831714465166966,0.009019818017976206,0.012057059073223055
0.011693845097853442,0.011963352955577928,0.011698849520721076,0.015129947318275916,0.009911093382815437,0.012154313618574776
0.011451302779472695,0.011939506033801828,0.010783492499693464,0.01533149113460447,0.00980564485568725,0.012030612322930182
0.011580752803119872,0.01259178228410515,0.011267634312896138,0.015377950483162182,0.009789570071464412,0.012241590857517004
0.01217240372706078,0.012561865982565685,0.011259517444810742,0.018455909434427552,0.010157056636250855,0.013586409191603381
0.01262392217306225,0.012703674844161347,0.011080356187394313,0.018416556157473757,0.00987358479659985,0.01465570451230277
0.013452671434871296,0.013476933384402135,0.011801539387662223,0.01793830520857798,0.012104562894057749,0.015096557281722283
0.014285355825179017,0.0134658799718956,0.012113057036700906,0.017645285662681077,0.012166560441899678,0.015366132677607825
0.015206653272583531,0.014091557846664597,0.015584019478755224,0.019411510280412964,0.013459264347439432,0.016402951869094202
0.015178089950237728,0.01547441306021831,0.016092184508819236,0.019542299104801212,0.013373241484810271,0.016238518410951277
0.015181221443865571,0.015562614980681377,0.015941069309727055,0.01955043442346946,0.013938442829339594,0.016157703052184738
0.015524590766005231,0.01546129168596923,0.016122011321635543,0.020188166828181475,0.01387858626455935,0.01600962343369928
0.015013063520394413,0.015472544210219317,0.016129023029032043,0.019955416497782524,0.014360094406132435,0.016054784543813552
0.014883340448332501,0.015378962301502298,0.01617969666381865,0.01982900268162005,0.014396386859823378,0.01636948531916789
0.014470538879473747,0.01547813846977201,0.016455694081005095,0.01922579338055438,0.01458632218223633,0.017388807808396974
0.013263934711396207,0.01539261771016286,0.01615674433762173,0.017183363600127302,0.013222318087113315,0.01667038900564763
0.01322525191662414,0.01503740371010024,0.01616849437810383,0.01724855418505921,0.013214512133292033,0.016445377937112145
0.013279734612595401,0.01565956930714583,0.016784673408367454,0.01755062701623666,0.013489110783135107,0.01674996456655503
0.013609742139908742,0.015993193188808576,0.016542152826217436,0.017427938716718116,0.014292504821243153,0.01660012975022122
0.013543413398807937,0.015899669444907533,0.016542898412884456,0.017552751903087506,0.013919096917490477,0.016123138849872782
0.013305881551968242,0.01589657402757863,0.01617625028006294,0.017488860041899108,0.01306332413223006,0.01807795293989677
0.0140565440964682,0.01589658016377387,0.016586867080030696,0.01728755820176603,0.012910971080787457,0.01769451671554878
0.014036273100476886,0.015929034098392646,0.016357674070234775,0.017229516850917035,0.012565149212523103,0.017804472490742625
0.01487243618990377,0.015273169970703222,0.015921588939590354,0.017677242296958894,0.012908011011833361,0.01805272738483969
0.014777605691101635,0.015704481694658053,0.016446888724816883,0.013727071350935769,0.014709494924449142,0.017338787813082103
0.014292277439932327,0.01570390091095315,0.016597045703850895,0.013687929282811219,0.014993390161297344,0.016806965868990553
0.013576579565402128,0.014702670137481888,0.016454611451170477,0.013655424771140302,0.013929603484284224,0.015594156937266181
0.012471083504664056,0.014728758565941644,0.01659247052905281,0.01366583664279221,0.01392737894891856,0.01543832604203512
0.012452030352645336,0.014292451301826355,0.015164775009211828,0.01344349440307911,0.01318322425404038,0.014861821956754017
0.012947028044621082,0.015110361262466745,0.015263324527580172,0.01399945114626627,0.013782194184906674,0.015621005463818618
0.01332785671400121,0.014229610373938878,0.015174096797433999,0.014187597408953843,0.013241660994547568,0.015603797435497927
0.012826959425509215,0.013992408337288157,0.014940292618226785,0.01379674497904586,0.013568041646848397,0.01552452004750476
0.01322778574361089,0.013753540029812312,0.015598472640007993,0.013974590916582763,0.013142899619985313,0.01534426365643597
0.013391716195908739,0.014546158772761353,0.01572022195555721,0.014045071135319923,0.01324472824283921,0.01456188842941766
0.013313091084259529,0.014546266033495526,0.015330943105246103,0.013998775334561763,0.013336094943003191,0.01383183056994904
0.013994147651323877,0.012812861711562885,0.014354770286516688,0.0137225906830387,0.013142654254043694,0.01361540402129735
0.01484211909267709,0.01709121995221103,0.014351521035159836,0.013372892004671748,0.01421795224714037,0.013746206698443246
0.014831628708703432,0.01686055669693524,0.013522633160278064,0.01326447281142412,0.014349932607578178,0.013405682066980982
0.014645749174356593,0.01745991718387668,0.013741789653876518,0.01346535672502705,0.014155053789994812,0.013569134428195934
0.016125859981203146,0.016956186203968167,0.014353809302532411,0.01370109387299389,0.01527265347863801,0.013594944195185093
0.016326996790666553,0.01702363777935675,0.015424685712678653,0.015021392198954136,0.015269486098939692,0.012060610441926578
0.015349381183054808,0.019570792995102004,0.014757534191159055,0.014506503413374233,0.016218922074340388,0.014611029985129503
0.015304265578460596,0.01953357926305897,0.015008189975599232,0.015405420698887428,0.01625849977811333,0.01481669776478336
0.015039083381308674,0.01955373320012776,0.01670819198190706,0.014844681446193837,0.016538714002693838,0.015573803016073196
0.015491945637093541,0.019978033333742165,0.017081671521922855,0.01732607888863773,0.01600343007847833,0.017754798790580388
0.015578497586440941,0.01999466937939495,0.016921321993378296,0.01716953646332828,0.01562727754357622,0.01707237961129534
0.01547358756253021,0.01991836430200318,0.016724199090536025,0.017049111109921727,0.015463684656598227,0.01713545205059787
0.01527041362756204,0.01974967937073139,0.016346511900354115,0.01765357532442783,0.01536718870705603,0.017352897144866337
0.01564569767104874,0.020161835109483033,0.015531574236952214,0.01796531966479335,0.016376284840037152,0.017646460001954398
0.015541753869983695,0.018767323518317624,0.0153314174105684,0.017653270953878742,0.016155051287471325,0.01724136761351502
0.0155017615077712,0.018652853276989498,0.015299635583863167,0.017635130498149864,0.016360164595923928,0.01734339551612227
0.01567624767698839,0.01856073710658296,0.015098734752612848,0.017239463775686803,0.01587556456410888,0.01747894258485734
0.01564108292831841,0.01861402005103012,0.01497078141810783,0.017523429672747403,0.01677920796867133,0.01787531533387752
0.015600346058015892,0.01807187288335212,0.014708616213898237,0.017481981952655195,0.016756818988944575,0.018227246310454682
0.016449538939764745,0.01806480981824518,0.01487421871586927,0.017533871530599432,0.01676092876539622,0.01867970804703209
0.015011221680559385,0.01829253865201405,0.014485134323030868,0.018094446148377838,0.017100665599918474,0.01867475153513608
0.015524085170437674,0.015040264913054642,0.015032067959975108,0.01861585458486227,0.017124072955090264,0.01975639924319063
0.015637083804604716,0.015208144298398668,0.01571280520045778,0.018675408817409297,0.016951526394636502,0.020073576721301112
0.015666804178039118,0.014402793578534856,0.015036203668018635,0.018148263224756513,0.01673399934772654,0.021066913889395904
0.014284968193189593,0.014464749137752536,0.015007081408651328,0.01841836562107436,0.015701625747007713,0.021191023327083586
0.01408059653631621,0.015171551851642371,0.01648380673292545,0.0174991100853294,0.01558944689611526,0.020577262582073545
0.013925232379251574,0.012119521026064782,0.01619515767393538,0.017726352561051477,0.015378779027451318,0.020640583023512647
0.015496606466881701,0.01386399254640143,0.01836570053266108,0.01715617097435068,0.015058614539097067,0.020833366889125588
0.015367677443919814,0.013895076317030734,0.017214947131985164,0.017209449661836712,0.014537848108218784,0.019825571958697465
0.01469317068388389,0.013050509630559646,0.017045353054652428,0.01470162297843936,0.013973391584360473,0.01721813671465729
0.014776642566752388,0.014466343672250904,0.017404298363165874,0.015642678501018168,0.0145599315632072,0.017404990191300866
0.014707023455518067,0.014559138813045405,0.01738959103620443,0.015627135990439987,0.014819127523655787,0.01748574260931291
0.014449015235061613,0.014450619593682622,0.017035067700894253,0.01479628406848802,0.014867934973233403,0.017081643091787665
0.012856889451790633,0.013585521910803896,0.01659275656767009,0.012409068932122293,0.014091357920337428,0.01632449344517871
0.013633894703128214,0.013428756728205017,0.01659169928711886,0.012635621032280666,0.014211677591160616,0.0163876298280809
0.013687008192143142,0.013341601177685637,0.01650462564521034,0.012533589996363767,0.01414227642608363,0.016500710698825836
0.0146051827187196,0.014135150488763485,0.016504309295342953,0.013142719168047405,0.014541901275324804,0.016990892989235035
0.014486833807599176,0.014464350998174755,0.016682823043672877,0.012715584302992917,0.013278845008547783,0.01621829468370081
0.01472846152505888,0.014467402985770558,0.016435689995748178,0.01350168789773243,0.013012202230068009,0.016068391146175108
0.013964373404397235,0.01464672179171213,0.01615102870920916,0.013195329176041036,0.013096544815752117,0.015013490633686594
0.013950829717800657,0.015479859978316772,0.0162927890973251,0.012741799643807656,0.012964737375080866,0.015066661035670005
0.013152331957687302,0.015417711466668808,0.016332746240043196,0.012034919730274133,0.011952292980169256,0.01441469006809897
0.01373067611251756,0.015123802299518927,0.015647822184341246,0.01123207351866513,0.011964423364929245,0.014307889920885065
0.013966020596552232,0.015020032900840741,0.015553192365893746,0.011123499306474228,0.012075710363285993,0.012897099614931247
0.014246980744510841,0.015027066808856885,0.015604373516486662,0.010866369225291776,0.01174212219573364,0.012819206467732002
0.015224602369797512,0.013400522907909157,0.01438157526008636,0.010952810994634592,0.012563903521885784,0.012943425538667383
0.01513479130118428,0.013901748987193343,0.01441296635049462,0.009770165871036006,0.011277176788341298,0.009113061337368056
0.01432950006733911,0.012977131653729705,0.011341282220828848,0.009803491445355922,0.012253768550466615,0.008974681092703427
0.014245405202485021,0.0129698124807395,0.011475659504843637,0.009853316450814609,0.011506162265925459,0.008946414773434636
0.01499294597138386,0.013690808385944364,0.011706067539289582,0.01146110270966643,0.011527586616316648,0.009064207918801198
0.014833972381699475,0.014362438342654181,0.010953142779104906,0.01119094738923807,0.011053470675454265,0.009230276004270229
0.014824883588226567,0.014109705523110038,0.012232408416997357,0.011707542940807902,0.011051129672598733,0.009433927155801356
0.014766292057706513,0.013962264302088878,0.013077841686430582,0.011653588444821089,0.011098737714851202,0.009381394233395814
0.014476174257808104,0.014503875915871838,0.012051806192292737,0.011612457252846075,0.01018056892099548,0.008942200650651808
0.013865724783146554,0.014521692762032736,0.012618321890936236,0.01110145611730609,0.010130317086190272,0.009386425112579384
0.014073682093596917,0.015704487841337482,0.013139218936735645,0.011404138414902995,0.010077572779341867,0.01007735755596129
0.012706294540339053,0.01602573986832053,0.01336636303518487,0.011140044550118843,0.00983346608769875,0.009605413846389776
0.013688818220124093,0.01660535923408396,0.01322239379183192,0.012733352517597218,0.010192992451097881,0.009574950620139232
0.014180804316730543,0.016312917460982956,0.0135911192822877,0.012668978281046725,0.010497933196549434,0.010268245123597551
0.013780870041473846,0.017028621237960114,0.014157437005710089,0.017084829954814394,0.01028037939595522,0.01088025768230389
0.014119596323477772,0.016490930522587478,0.014392267465763773,0.016991133573315352,0.00981065079831592,0.011996296332148564
0.014077403739111429,0.01644902078446581,0.013379355612886685,0.016896181845806123,0.009676939245897994,0.012140767338285001
0.013830373184094866,0.01678383788416428,0.013539383170815945,0.016851926310806536,0.009762026506799188,0.012084873688478727
0.013799336884031345,0.016788696567680707,0.013617965179271318,0.016746587923179672,0.009805845347524354,0.012156883338779352
0.013776392290909338,0.016246156439347965,0.01458837828989123,0.016642633661344563,0.009664406720044894,0.012556737916479491
0.013202595562851482,0.017990408543336164,0.014327172760650698,0.016698504762583756,0.009502267273349291,0.012350134290855286
0.013864751023397761,0.019163368328951318,0.015411848348863286,0.01743747407411585,0.009944705753979897,0.012348677315438858
0.012679727560494411,0.018636999869494367,0.015334750162050369,0.017211089252015543,0.00770281659990018,0.011077040039659489
0.013259906702796252,0.01852578881309875,0.015316553852000408,0.017234831133976673,0.008024135795453084,0.011453038998974563
0.011644609540122077,0.017497720043585994,0.014756654177601422,0.015325912052929247,0.008192063673931667,0.010983225806655759
0.011509242898940139,0.016845202632498276,0.014655871980386285,0.015346499960722746,0.009883992622021507,0.01103812658920786
0.01739434487883461,0.01920190099539312,0.015208751093783881,0.01677918231150306,0.014823187188104511,0.014430126675381957
0.018308052705680405,0.019086641616364995,0.01440878543643237,0.01682695782340782,0.01573657591453801,0.014822299492494426
0.018316591023139213,0.018893008750889163,0.014284146985548613,0.017322611697328634,0.015726668488408906,0.014838478979951596
0.019227553194180524,0.01928887659662197,0.014578169762799865,0.01799950628953239,0.01595386938901661,0.01589097507309072
0.01890048072886758,0.017973518890685276,0.013873534297393875,0.016998557767116427,0.015611890055497917,0.015046862081363521
0.018782352690303823,0.017726942331456063,0.014058203837216801,0.016625095665005675,0.01561098639297538,0.015532934145222605
0.01845447914205282,0.017284936479038546,0.014046897489520855,0.016422223079423103,0.01570587030174076,0.015639491541659042
0.01832808621623716,0.01871013834647643,0.01481413596925432,0.018553626954934455,0.01685398291487797,0.01640324390432057
0.01834422145727387,0.018205055759308815,0.014943188454717161,0.015165198523012404,0.01706714488285919,0.01612107846624099
0.019570436484143496,0.017518407390043997,0.014575947528853396,0.015690535416146553,0.018299760952610523,0.015211596402813115
0.019610126640277604,0.01747127221876177,0.01627521850823699,0.015324706654076467,0.018624912945480476,0.014736265933956386
0.019780134008976376,0.01737098456451367,0.01581054854482464,0.015354442100052337,0.01853223749555188,0.014725781783418294
0.019883990788537635,0.01737830915997477,0.015861896275310556,0.015962321451242267,0.01850635527724187,0.014563046204884671
0.020062454119911536,0.017408099649176435,0.015804348198715526,0.01622042440360341,0.01879520477248214,0.0142267730791125
0.019916162766628536,0.015411080768228629,0.016030084826611744,0.017052568946916116,0.018699228121740366,0.014226993095786063
0.020098131552998832,0.015011195204564842,0.01687884944985471,0.01750043482552519,0.01878585155083422,0.015316440869196877
0.020466686366064135,0.015247099903821941,0.018499842642897977,0.01811245276224398,0.019351153339060654,0.01712666486020331
0.01995177676371277,0.015186598447515217,0.018511989988576966,0.018107606893345708,0.019418716529715968,0.017002338011425054
0.020124111764683133,0.015223964597136942,0.018518334197391267,0.01945455035498652,0.019390018068623945,0.01701966499319726
0.02012139280780763,0.01578847203914259,0.01821084086196816,0.019448819765747725,0.018464684983174703,0.017653068265648428
0.016440548449678332,0.013265564181317696,0.01734446470455255,0.01907610299683011,0.01501341906825653,0.01551448151078161
0.01504136333579211,0.013268674779227456,0.017324642784214105,0.019343893347642246,0.014910865871911583,0.015001610556530771
0.015939500276085525,0.013330775146479004,0.01763392300612165,0.019312194164783747,0.015415528716328581,0.015242352540045427
0.01385929772507235,0.012568824882654959,0.017110963830771337,0.018524240863393587,0.01504966719891398,0.013478674571319163
0.013851488295663248,0.012657940104673063,0.017202178751364063,0.01929867366280912,0.01518443312275285,0.013643338686960767
0.01376133054514281,0.012621584621140153,0.01674971682078407,0.019153869842104914,0.015485106874682103,0.013522994528722548
0.013771161863389872,0.01323010922874414,0.02057866410661539,0.019592625065813357,0.017353943531332284,0.015620312586240852
0.013272920172295682,0.011083570489125717,0.02000316024221059,0.017775589346038692,0.01588424646476664,0.014965858819592406
0.01342861590966138,0.012237526820436238,0.020009420358484478,0.017923474750856254,0.01672848551034737,0.015491837310864018
0.013110083830610558,0.01349969057856466,0.02004838452799994,0.018528670182417856,0.01552259638619806,0.01733871534990225
0.014556799005915532,0.014209889932110734,0.01816407956713529,0.019781040207689404,0.014796654223573706,0.017890611186362513
0.014476064916239467,0.014367851132144832,0.01820049982062578,0.01977521923643821,0.014853149660310072,0.017885821522631202
0.014557168658385484,0.01421186027671963,0.01821196904335382,0.019449132654695535,0.014824765458291611,0.0188479085657529
0.014238179290872508,0.014377304457499004,0.01759972118274958,0.019168373697336653,0.015219393772576419,0.018799860843060335
0.014021577084554364,0.01420385457556496,0.017362645839555255,0.01887151705746376,0.01523890999795869,0.01891406454816203
0.013149207879172535,0.014440540408645511,0.016939148103660328,0.018785669609977525,0.016055606091600613,0.018463624416942156
0.012242152114251417,0.014190484468759498,0.015728120371887592,0.017898425137603747,0.01620700734030898,0.016413907992310472
0.012223085497904554,0.015172567710390255,0.01614779503635617,0.01794439892624742,0.01608374884665444,0.01632788729583487
0.01191239635841099,0.015972394145902208,0.016754023715250137,0.01728037805080865,0.01599204764697197,0.0166990282680383
0.012119313596715833,0.017134661889922086,0.016935675524731752,0.01807348800242939,0.017231379993847586,0.017535903680401733
0.012094856340823934,0.017434816782025103,0.017823581087155354,0.01738663471703889,0.017511383810330825,0.017604777194107725
0.012494311873794852,0.018125822588644546,0.01795837337897379,0.016920290801321316,0.017312040949327208,0.01773955050654814
0.01142134010595227,0.018300765623410663,0.017181143373266428,0.01664553576016722,0.016500312987244213,0.01785600448083857
0.011568805108877984,0.018246460862390252,0.016391310160984537,0.01805234452624942,0.016898713405168762,0.017915260079250383
0.011933374380142968,0.018188623698721644,0.016416557933785356,0.017353042969567002,0.016119070253630963,0.019776775825048054
0.011942191119015864,0.018227790655688518,0.01662199925689906,0.01733880554970609,0.016211147020119946,0.01977743852592948
0.012248291435082251,0.01801886519127922,0.014311334970121522,0.017436686561683647,0.015279557361992524,0.018334416557837036
0.012661320598156216,0.01809133380519983,0.014441573302184738,0.017570373386109058,0.015091475974570372,0.018567419380542367
0.012659079943801062,0.016921235620430956,0.01402079659253403,0.017421996400114992,0.014762548820613014,0.018078732505834187
0.01055666250042334,0.01540412284216498,0.013862141367308217,0.01793382715940825,0.014075417284924948,0.016489935038036873
0.0073824595940583,0.014665815964096126,0.013553760104603966,0.016367701587976093,0.01406118499579386,0.01587395777699995
0.007470530413369232,0.014929165876164175,0.013855065434457189,0.01630816775763874,0.013375365165269286,0.01603340692611929
0.007281533796639877,0.015019075016790288,0.014269219755727385,0.01704552152444668,0.013657580868255085,0.015767394808284527
0.007845888085852728,0.014406493356753291,0.014147728304130617,0.017318425512884095,0.01359452131829429,0.016951629042247725
0.008877317685424067,0.014336683512841779,0.014218000421731986,0.018253570511959166,0.015833794581815334,0.017135058513064474
0.010315728041328971,0.014647280401792208,0.014767933182019723,0.015895288641187746,0.015488272825979374,0.01785042670134378
0.011176232975902122,0.015409270356900474,0.015544345725388566,0.015191130143569155,0.01541879367125278,0.018138613114170307
0.011836986200437521,0.014939544657813839,0.015530849952561127,0.015587060016204926,0.016151396863848817,0.018809075750482965
0.013649439470543163,0.013795564265510799,0.015793408672778668,0.017070505902074908,0.016657634151968,0.019587649465711274
0.01392084929342999,0.012564291798416834,0.01568837620484452,0.017079309571765174,0.015728968665524787,0.019064417957062256
0.013798808645139606,0.012237942546206929,0.014694759559941813,0.01717386213691683,0.015278470677074734,0.019045818620558812
0.013787358447514983,0.011356386642715627,0.014543447344473416,0.017509711043988272,0.015309901106339414,0.018777689730176995
0.013903681468991963,0.01105200873385802,0.014448355719203729,0.01745998202993682,0.01510536100520535,0.018762222187097683
0.014300691506002541,0.011146395348581509,0.013934210788537618,0.016863545214049827,0.014438750471972005,0.019082624930391832
0.014332368822667516,0.01132828446205482,0.013691131982998626,0.017127744778363835,0.01449781940368001,0.018027809401398316
0.014786500861317164,0.011614770155121737,0.013608855878590122,0.017875029921630363,0.014281298003805043,0.018472412848052188
0.015078905229547284,0.012423041165730645,0.014735124038943094,0.017859852267616896,0.01441682418249375,0.019023452364804284
0.015468305098806825,0.014458853382617244,0.015707474919283104,0.01780877105336779,0.015517624764644843,0.01888035162715118
0.015520956024049178,0.014896489255363802,0.01633991603862343,0.018259731465261123,0.01583827753831889,0.01915913662306698
0.015798888213940168,0.014756153035064787,0.01596269920038444,0.01634833143525622,0.015508806062587444,0.019179257974014152
0.01675011572574357,0.014929168963058192,0.015831196316129698,0.016382429073081586,0.01544787933042089,0.01919653976748011
0.016738194456288696,0.01488022668014123,0.016007339127916822,0.016584863592917245,0.015539785985185984,0.019042400474482885
0.017166817581256193,0.014800586034896713,0.017103358587498563,0.016857295303802353,0.016077068123099867,0.018222903400495333
0.01649475520085234,0.01492915514265964,0.016682130701390636,0.016501930704303353,0.016226753928767913,0.016998858973672336
0.015874760218329,0.014811099163694804,0.01668134787262635,0.01465469400322617,0.012505791832666945,0.016090067746434206
0.015219485203842743,0.014154074045427324,0.01599321295291006,0.014617076128632939,0.01223499384200085,0.014407657636277044
0.014100551136634023,0.012822474692308801,0.01445219026657245,0.013868972939857803,0.012500919499067738,0.013739106185114118
0.014039004548099563,0.012934642159128717,0.01499223006180881,0.014034701033796835,0.01228896542564853,0.01305633750038264
0.013688607586502586,0.013674906842631859,0.014795831993985566,0.013165817433476772,0.012249432029134576,0.012053780644230983
0.013709409948297864,0.014576809425864146,0.015697486572680882,0.012603536946759223,0.014352673555288648,0.01433324583357583
0.014246575854744816,0.016195527690828437,0.016318983782028177,0.012663605991662106,0.01649908619673216,0.014246132660339425
0.014049091799222289,0.015974119715949052,0.016328014701611694,0.012420296426403379,0.01625149997073661,0.014503576440676161
0.015455551626383976,0.016183652003561706,0.01665938807179508,0.013190725918701001,0.01640286187745581,0.015533343895422635
0.015396340807289242,0.015981041436391855,0.016711805007037662,0.011898422768975453,0.016879991822268965,0.015309156149062135
0.015386255154716786,0.01546331473276,0.016583915175668932,0.011693717317669642,0.016602622445588675,0.014387778894495756
0.015488953452785037,0.015476869613699828,0.01667645989245564,0.0111573984086535,0.01659182652508009,0.013936627659217082
0.015497462843143643,0.01529626210600995,0.015752470862697897,0.011002972602064343,0.016535822554544992,0.013295700988184752
0.015489293570731684,0.014064114104862944,0.015393967836400688,0.0129403773077263,0.015770853640002868,0.013966105631023679
0.015265915702752587,0.014097877099209268,0.01453158390973349,0.012769602770588945,0.015753025395721324,0.013066333935300932
0.01575985569166733,0.01410383217154416,0.014520218163093212,0.012774936028526616,0.015762271756701085,0.013068210540037262
0.015649376002173372,0.015253056284494687,0.01567051965894494,0.012560193678926019,0.015768965739334673,0.014586059602356306
0.01595742116161249,0.014668290036925631,0.01567790136666237,0.012577868870345454,0.01595430916830841,0.014809418942412294
0.015554808595744832,0.014558734710265895,0.014222504624953055,0.011129236921747337,0.014709646498437867,0.014734683782303967
0.015557900986812164,0.015157395579293265,0.013852214900255901,0.011399181160287254,0.013794517653279718,0.014731107315341153
0.015566145263767147,0.015445077999735374,0.013817776870348446,0.011549102601116417,0.0138349616447332,0.014583265761528031
0.01566921286712167,0.015822711162820417,0.013723774820105315,0.012275673310582828,0.013900981123586667,0.014615132829874363
0.015978985683660043,0.015745731773215654,0.013872324673943474,0.012268299106282361,0.013165242027679812,0.015025444471401063
0.01581640781735519,0.015724846342281336,0.013638532397471875,0.011871638572911633,0.013421381600184199,0.014981791273109151
0.014809076162130648,0.014692657356469596,0.013653403988858082,0.011947020086543384,0.013840346264920518,0.01629175498694787
0.014504003077159626,0.01406019919595682,0.013414747784522682,0.011838722587312098,0.012268500215813802,0.014497167018662825
0.014020940089031571,0.011989467811010178,0.012772231827259358,0.011900938381262376,0.010578464564551242,0.014600090083170645
0.013638194724111494,0.01199015107435712,0.013720291342568063,0.012335336216675853,0.010967877257109298,0.01433526649340971
0.010931117496890902,0.01173317312891337,0.013147656091268977,0.015783866604296492,0.010458374903767194,0.012595140570398978
0.010717324508972479,0.012009550496969095,0.013579541459610399,0.015922942093988066,0.010009226139982863,0.013115366386505154
0.010908138995846601,0.012711355667383455,0.014454652597311629,0.015819659464326733,0.010285004967951551,0.012910694408079616
0.009813837830696798,0.012527089731536713,0.014421292820471363,0.01685416965984546,0.010262976670529672,0.013628355010748302
0.00994413676127966,0.013208102566573916,0.014656973101649123,0.017009804086108877,0.010401969747865999,0.013598939604711046
0.009828729611286936,0.014025762819878865,0.014064240929670043,0.015557263264521358,0.011320557760750801,0.013533837765318536
0.010084450675981663,0.013923330880719896,0.014090475414449187,0.015067227426897586,0.011463211794438728,0.013425259273583255
0.009517784672904673,0.0143731865943291,0.01425724534042073,0.014706625946063371,0.012926967891107565,0.013428939924108763
0.00896014326908795,0.012897921874080414,0.012658463598719109,0.014615515126553682,0.012910474304055418,0.011523738122322684
0.00850941802156117,0.013052128346705721,0.012897539510562484,0.01459897611342208,0.012657651328746626,0.012054069228502834
0.009693570902053262,0.014218196388669831,0.012345493651633658,0.015410776528443205,0.01328366183762891,0.013266338120146815
0.012733343008665673,0.015585632551302273,0.014715131716051667,0.01651260227308888,0.013477104996942041,0.01343060275972019
0.012662778095150153,0.015430234759402911,0.014487421363455896,0.016530696614528478,0.01390351585811855,0.013414089415629212
0.013720692861777552,0.015021966698125487,0.014402959927638747,0.016305398886175305,0.01356520032841775,0.012797677585460101
0.01357460674423613,0.015040191023169931,0.014170904070609823,0.016301859127317735,0.013859986535608255,0.012699470686202622
0.014209038285434147,0.015136714308550013,0.014362541850911712,0.015972966088588263,0.014110677033347289,0.01256806213008635
0.014245250560663674,0.015064698619495472,0.014382641015586102,0.01560618142880112,0.013979891211543232,0.011797798889114627
0.01422311710289387,0.014956951974487055,0.013831189741553562,0.015877172603495863,0.01374785832090001,0.011598091540883612
0.01425653606778867,0.01498945469856142,0.01364569190175518,0.015893856748894347,0.01367347595904137,0.011640069405271125
0.016477672828306984,0.016442367854048286,0.013352859445303305,0.016337626001943998,0.013578371947921376,0.012328634932740855
0.016083288473999445,0.016564036137060246,0.013272894529260393,0.014963970189756506,0.014118793401758119,0.012976811271236174
0.01702696514732709,0.016616864997014834,0.013150759377190164,0.017406670766123775,0.014265755773076007,0.013556691386717551
0.016841307631899956,0.01609893532035946,0.01283660907557693,0.01709780278494432,0.013817182035974125,0.013561575984592612
0.017325333227910668,0.01604791517945526,0.01248570287878048,0.016062511052113898,0.013687140787568452,0.012601706352423926
0.01788318131989741,0.017425299087014047,0.012397060207384607,0.016971178208173548,0.015036476130720908,0.013385593546153979
0.019073421332296583,0.016861872920960752,0.013203521939528425,0.017584998455346276,0.01606537588458678,0.012938092646359147
0.019310906933819864,0.016841366686267328,0.01319678784606091,0.017651484533698535,0.01560434553968594,0.0129558410402641
0.019369144566609542,0.01644469930597246,0.013324340073812899,0.017708066920176655,0.0146571078209972,0.013210383958804351
0.019629622121331295,0.016984775310357393,0.013379593635178771,0.018550937130242497,0.014605862454675616,0.01274246769841793
0.01957395154139139,0.016871674024654865,0.012511774792507027,0.018473470089783096,0.014779422152654889,0.014425263263726186
0.0189272221578831,0.01588424340588568,0.012774054138496433,0.017014961517337116,0.014291222465799353,0.012903387881778016
0.01699929146440277,0.014090883157636081,0.011190419634137628,0.016296301209170777,0.01390363340077833,0.013682324919969945
0.017106045560857666,0.014172899679598098,0.011909402203311693,0.01595522131538474,0.013107086832245481,0.013636092506366899
0.016504070985423013,0.014064862059644117,0.012045760462666541,0.015984691188498344,0.014168329242755316,0.013782225799187229
0.016506893770609172,0.013984606546254014,0.013527528813164326,0.015890067383531388,0.013822625949688508,0.013870177565444487
0.016019294934324805,0.013650509842670215,0.013757247414026405,0.015811883912487515,0.012867426014450295,0.013840796941461979
0.016205678697890132,0.013637889501234929,0.013765584991139558,0.015786943548437012,0.01292007553331788,0.013806771688237999
0.016543838979105125,0.01346989189314524,0.014062776131066382,0.0148286205234926,0.012667772286188678,0.014125020987069706
0.016645818545640057,0.014561879184754668,0.013991446183598502,0.014794007209059785,0.012326128143042053,0.014005895028805582
0.014146510675150551,0.014267595578561073,0.013553368455650467,0.014123576128107778,0.012299721153112377,0.013308277719759141
0.014234657081431554,0.014086445210719228,0.013646706172390548,0.013505548074943714,0.012570528745618573,0.013104642482668004
0.013275449315783118,0.013796804713508162,0.012584439527778985,0.012999199085610568,0.01259390125925945,0.01216787975703695
0.013391907277347747,0.014897664219135279,0.013056920301468582,0.013591435046600535,0.01343801231900696,0.012993277708262228
0.012908528023386247,0.015114259206472575,0.013155310804642313,0.013329192033557404,0.014039274547868068,0.013928371332095377
0.012115361899066339,0.012901913716020732,0.013061363795136526,0.01276419606564567,0.01298250856959828,0.013232554411918493
0.010397981008546,0.012853647886964128,0.011844845356684208,0.014416634474351502,0.011978046669724905,0.013236716144458198
0.009679149748766668,0.012815469756128597,0.011822713338001768,0.014468837767945745,0.01198429524325903,0.013859581885560591
0.009907434802648555,0.01283146882060193,0.011418972667151311,0.014565409468384962,0.012013636173126277,0.013784475945159882
0.010840516430518986,0.013658110287817942,0.01125599120350018,0.013623695028574393,0.012110143002813671,0.013685447310701157
0.010460865683015363,0.013671552943734207,0.01133877643594946,0.013784113387223062,0.01155917691684729,0.012047902149788863
0.011840238519183291,0.013701889342151758,0.011105069971399522,0.014089001293831706,0.012512352935977128,0.01228230037569188
0.012900818033663839,0.01355036060993288,0.01211261267807686,0.01435972486867159,0.012834990039136043,0.011985634216055297
0.0137602273666174,0.013594910049981234,0.011689406157408018,0.014301018514694197,0.012934820424405713,0.0119240005872206
0.013761594443518287,0.013598048685461949,0.011722703610130699,0.014168948005554323,0.011289521530335066,0.011854157359855514
0.013720192570765965,0.013595180092578664,0.010216488788227108,0.014319374623513643,0.010936781005224144,0.011867962782932989
0.013697491889967528,0.013622287564566501,0.00966965794097894,0.014317862742555424,0.010759900392287523,0.01289313482445688
0.014910312513107895,0.014111406340883443,0.009695899309974373,0.014335844497756892,0.012146214539258432,0.012854665879756077
0.014631911055209576,0.01426793786965647,0.00942900853348885,0.014271603590396743,0.012144775094734498,0.01261135374802561
0.015551034008625272,0.01465002343809959,0.011746583720966755,0.01573035057584959,0.014792613752672799,0.017528440501810422
0.016765971386316882,0.013145351665499655,0.011059595290652167,0.015020383732759377,0.014896594923029837,0.017475852991334664
0.017311744557954183,0.01484730671899456,0.01276695352274069,0.016412225485948177,0.01683181068574577,0.01773360540718176
0.018365761539970642,0.016491307190767353,0.013002094898133452,0.016902043038374094,0.017295108133774006,0.019037356196943165
0.01866764033924702,0.019702130332446027,0.013779513923694201,0.01745951834517732,0.0172317868348505,0.020489648587062502
0.01863119938991,0.019515891907825666,0.013634232798119686,0.01772341016282882,0.016324996961787363,0.019679689250086004
0.020456966589620113,0.020019711109172163,0.013981206042011755,0.018081783664139067,0.017301705981211408,0.02039497626681299
0.020057049187350923,0.020110104143592357,0.013818981900645202,0.015696144774264294,0.017150931003686972,0.01980075216222377
0.020928109416296737,0.020611317195578155,0.015225744937571076,0.017221259688996102,0.017592698620894676,0.0197767643304834
0.020832858872853296,0.020681650301744008,0.015324693796210187,0.017260634589632232,0.01797190533988502,0.019787021832852164
0.019994440855528022,0.019025902760065046,0.01559212510428765,0.01791669063131142,0.01906032494326608,0.01985560343094466
0.020026152102254852,0.019141924244299,0.015645460730030553,0.01811947163054157,0.019023628521896447,0.019629087616096608
0.019879614660644786,0.01918435958314752,0.01569583280350658,0.01839395028691885,0.01886037489245954,0.019610897529890797
0.01787218203540644,0.018997940287645,0.014260022998679671,0.017932753742562604,0.018227537967863305,0.018752884862148142
0.017939621117564374,0.01900337743990792,0.015075161846467568,0.01816553704015202,0.018458196476827258,0.01895015357314949
0.017757240658945142,0.019322539929476933,0.015065897375291647,0.019391235631216256,0.018775878737802044,0.020499096880853017
0.017537587451026074,0.019247134547320785,0.014949508032257976,0.019524655721981938,0.018456727485991233,0.02036823290376726
0.01726195050664286,0.01936402324272795,0.014786251180479914,0.0200180512997864,0.01843857347984262,0.01944290065836738
0.014353377053930094,0.01839253180888458,0.015170976145284763,0.01976642967735624,0.016490357230815742,0.01940592649989105
0.014314887054692502,0.018396068628583777,0.01520193176265463,0.01991577023757414,0.016749066518954095,0.019500632563133887
0.014852299441561169,0.017990502504918866,0.01401947525332356,0.01907075417994855,0.01652881132767729,0.016746117251230395
0.014776191239994895,0.018882487573036004,0.014649993950300715,0.019074877059826262,0.016963675109301232,0.016777680304311874
0.014929238003535676,0.018857137140329647,0.01327858015351556,0.018135542820990537,0.015578281216435548,0.016513755318225097
0.012474943607896978,0.01727525898312438,0.012973299618242468,0.01688178239811402,0.01460688731788857,0.014786262773710672
0.0128785975059271,0.013627129966625011,0.011707393594390002,0.015505545670246583,0.01429957479104297,0.012025491815220007
0.013010055015575778,0.013798843218806168,0.011801000132736886,0.015079506485529255,0.014985871640998138,0.012395885711536592
0.01115957197862257,0.013203710505737898,0.011348438463279749,0.015116554501489488,0.014217771896967739,0.010844396099507464
0.013100441211512754,0.013458164663137826,0.012593931817626806,0.015448005410367872,0.014506862470418064,0.011767064853837564
0.01228100793898674,0.012546139061482416,0.010583846468319542,0.013519401897096791,0.01398346648299993,0.011006620862420304
0.012702086005963164,0.01258880863574936,0.0109461507368671,0.015249658338759894,0.014234815829827212,0.011390146499957584
0.01255000604956521,0.01322360079995466,0.012193730432598223,0.014651988377559058,0.013088957428782143,0.013137689960196493
0.012626130694892967,0.013336222308442733,0.013043028107845725,0.014240339185855756,0.013578529948912524,0.013270037572206378
0.012421606953962211,0.013391411369405283,0.01343207186139885,0.014183295407976942,0.0135525458616909,0.01358136840369516
0.012464005690614751,0.015528140001334853,0.013476081043135907,0.014164808313244771,0.013555029068953462,0.013672184257365206
0.012502674122667307,0.015512938040489109,0.012732886757652004,0.014093319305323405,0.013439036908243093,0.014370316761272907
0.012794240701316097,0.014770672105802457,0.01272002518215693,0.01238206608556132,0.013484585482226669,0.01252930232872366
0.013053111337998843,0.01476160893174351,0.012640809611177275,0.012515398770094065,0.014648707643618291,0.012724060925033412
0.013428447596598591,0.0147446758163398,0.01279226180358601,0.012387178500527913,0.015407001071562286,0.012821008917769721
0.01334821316836609,0.015194742752768697,0.012422282329370433,0.01247395862337618,0.015429134250776919,0.013084452966424784
0.014251637588958489,0.016068465798002307,0.012401280330127471,0.012439186160652,0.017481549235638952,0.013748283479830018
0.01366485451543173,0.01585044061085701,0.01243827066496603,0.01283753839883302,0.016898658232450132,0.013143710560481843
0.013239885132058593,0.01433255167022846,0.01153941081056263,0.01313132518884951,0.01665314557418956,0.012871142796490338
0.015070325728595785,0.014104301438169377,0.01330713155301876,0.013533448511686839,0.0182779489290685,0.014279415063966735
0.015110369056979829,0.01380780791961534,0.013311446721374997,0.014428344636167639,0.018282462339729133,0.014703035459099975
0.01470480018890847,0.014424062737546414,0.013303238920491782,0.014815337326467858,0.018234236859942382,0.014669286163475698
0.014331202448560804,0.01480996533756602,0.013665654620158259,0.0152185665137662,0.01787621416184703,0.01538651383726145
0.016267864515000004,0.015555376517467457,0.014028648551293729,0.015196462130355467,0.019618837267167958,0.015604776210568558
0.014914043138720754,0.015447095961029266,0.013439558267491302,0.015212281797706286,0.019617278493555046,0.016208136507563142
0.015091202842672713,0.015788589337194146,0.01406476995416179,0.015230153302466595,0.020129977773867852,0.016187839993391476
0.014834766531366098,0.015609288298204411,0.016045572654911203,0.014397069647339536,0.019186152505182772,0.016195612407234546
0.015772877254350906,0.015397875788075057,0.015325858011972197,0.01464073912742076,0.01912687600342766,0.015333149304360883
0.015904790210100692,0.014945289206193835,0.014126764493049207,0.014634261667660155,0.018053061423177738,0.015101476026779245
0.015921050747425503,0.01496970801688553,0.014456805573230968,0.01399454168392819,0.018456824829990906,0.015565294174134103
0.0159095136513963,0.013429635330585154,0.014468705079202926,0.014256351832847647,0.018379727769670232,0.015292522507246404
0.015748075495146077,0.014135039727072906,0.014687605875535035,0.014428714020988068,0.01839964311391145,0.015097811064604703
0.015604998537011623,0.014435716331550415,0.014637882830489038,0.014780715802068179,0.017776090332009074,0.015475031082178573
0.017016283002888113,0.014865439864873044,0.015611976601809869,0.01430961649160863,0.017368403142855513,0.015619958043175381
0.01699455303881673,0.014607250199058256,0.01563223585050441,0.014171951160877048,0.017363000961456477,0.015597330007486082
0.016996001794232926,0.014344649858380387,0.016380800890368762,0.014106640483783699,0.017372236209819446,0.015576717187618766
0.017683124549008954,0.013295654991321777,0.0163951495056633,0.014092823444534315,0.015427963992710578,0.015184254356062656
0.01781264327185982,0.01320804072419797,0.016552520568786026,0.013445587291546754,0.01551809434939632,0.014921052285910268
0.0180247198781491,0.012814646251488112,0.016767741318094026,0.013505584147534763,0.015217067943260314,0.014931154956150364
0.016286361214610762,0.011767589372604947,0.016018980557894656,0.012293567714322651,0.012497723451137074,0.013673811237380894
0.01692966216578566,0.013289389629103962,0.016773930063051657,0.015047753938973856,0.01280234451503699,0.013447589620149872
0.017362051543002063,0.013662005845701198,0.017134402081845534,0.015856585115433603,0.013807601983938112,0.01383799415061838
0.01769754996425783,0.013948499126379748,0.016291427597659006,0.01581868999069168,0.014058809228595153,0.014143858013057712
0.016228955387099002,0.012910349707538791,0.01670144920398675,0.016211187975124938,0.011817609447111634,0.014176270540748413
0.015751508409472093,0.012932019322671177,0.01580933156759061,0.015632497472442913,0.011856608024557905,0.012652718691458635
0.015665293849341642,0.01327768793450568,0.016368631175306268,0.016548813954113336,0.016734816321867473,0.01392315090389511
0.01579477493436538,0.012974484779991507,0.014783051180094686,0.015770130036998443,0.016374660275042783,0.013737474666019026
0.014348412803357892,0.014979296742552179,0.015438440530634779,0.016366536719059008,0.01685444347679647,0.014795663331035807
0.014572435103157932,0.014962458043424096,0.015686617343113614,0.01657397005751011,0.016940739724166605,0.014902175760657065
0.014395327106690017,0.014805286286874976,0.015835097578801003,0.016605568522956905,0.016921543880574194,0.01481341003660443
0.014095777345891023,0.014638612699161209,0.016163438514816088,0.016435394015238,0.016939379934059473,0.014844705777269382
0.014099016648024206,0.014108179531899434,0.016500078028886544,0.01642233897795692,0.016922331777082134,0.015926546716580968
0.014088193855039885,0.014832668399155676,0.01725506984790668,0.016091409240216615,0.01714125117043525,0.015718296346834998
0.013363354738948282,0.014094233793544339,0.01734182094283838,0.01658514704676135,0.01760962224504661,0.015650303368282693
0.01596602148532797,0.014395046440693627,0.018510425660087326,0.016385948227293955,0.017614046716104066,0.015713824777207994
0.01795154344860301,0.015190618364518198,0.018322126555038166,0.016628044912705295,0.017997883125879036,0.016461678372287594
0.016115706892270702,0.015096898354879299,0.01816497923707093,0.01663896062791949,0.017494913965283205,0.016327316129069958
0.016553154299236712,0.01555885248420586,0.018730125205112674,0.017425801670343327,0.018069271338474337,0.016490156786200562
0.01606674724652567,0.016482869542796777,0.018515252037271897,0.017384921428082997,0.017917668074053643,0.016795703768964554
0.017999539725178596,0.016251146741813976,0.017274018466507623,0.017844201086447003,0.017836638805675736,0.015979504524237218
0.01630657804892817,0.01454459858740509,0.015837237992290202,0.01424031870511821,0.016706099987925032,0.015582292856642217
0.017055852441625982,0.015906682616215494,0.01629179356859357,0.014177494817439436,0.017404045242198015,0.01677640800762779
0.01705662189574264,0.015929211444282304,0.01630157323024145,0.014414223467933415,0.017542000791651597,0.016190635632416395
0.016742529818766814,0.01608188331508492,0.015441432083242557,0.014545165498256105,0.017921764252341755,0.016199359379333013
0.01681400822961783,0.016012157666582975,0.01519713411646308,0.014219823284152703,0.01722064891497196,0.016207016412268047
0.01709784109636722,0.015831702073425834,0.01510449729857825,0.013595153543190039,0.013366766635112097,0.015692876058726032
0.01713229994778361,0.016978948735013818,0.015125473393546633,0.013574667563009091,0.013412711089362258,0.01587888816561594
0.017163155650736128,0.015919429509888495,0.015152083918148046,0.013162158611535107,0.013044280564273791,0.016151501535869344
0.01911225457954629,0.017571712697696144,0.016599392850188945,0.013412228293449895,0.01399956031940999,0.01691432945835896
0.01943481308522223,0.017536855037633997,0.015569869158906275,0.013399807283793065,0.014260106497250557,0.016273219435224758
0.019413681275485904,0.017685931623165594,0.015497686862559534,0.013795819016501459,0.014864467397369822,0.015920303380144305
0.019261728053997194,0.017787044212639956,0.01453848483926429,0.014686434934895352,0.014895787680851678,0.013921260915459076
0.019133753026322628,0.017234658204756136,0.014735759440327612,0.015085274249803533,0.014800277955569782,0.01454480480298325
0.019456395162285794,0.0176565113948919,0.014022710745579267,0.015512716331240687,0.014893330770359899,0.016485233553170397
0.017528136065507637,0.01673595789508996,0.012410817340346958,0.01628611192771576,0.013986297051984144,0.016447764609398452
0.015329412291130879,0.015617970199597748,0.011795273062986496,0.01582386020575208,0.013152591938469427,0.01588993045639586
0.017573402716609548,0.017455333870831,0.014935799146748788,0.0186611394708356,0.015506267289377929,0.0176553972058403
0.017814950224714236,0.01818242861184366,0.01463995491514678,0.018486126952828086,0.016274564039650677,0.018937300232223106
0.018708072173826265,0.0180111766537498,0.015261516808877362,0.019675439512676272,0.017598720378160272,0.019659374696023368
0.017382244533633105,0.018608741324492098,0.015773257963165668,0.01983746124359584,0.019996360328035347,0.01981385732381842
0.01713040375325234,0.018208303241563042,0.01578651953155053,0.01962916127579764,0.01995149557269008,0.019840507150316652
0.016601226582356115,0.01690063737004347,0.01563734302905007,0.019528729520637902,0.019248360315935433,0.01855985562696287
0.01664992749758335,0.016695260852920737,0.01561495075485603,0.018817173667571522,0.018758340924563365,0.018545101374497663
0.01652712457187143,0.016660045650036537,0.015337041579077726,0.0188121523239237,0.018641594824577945,0.01875753466530202
0.01648372409554227,0.01678161922883602,0.016131801044486645,0.01865914998977099,0.018657177432125017,0.018849846300818335
0.01622159716762892,0.01784692056750823,0.017475205934484216,0.018601929947935383,0.019524081241289543,0.0189192582182026
0.01649190027540995,0.01842358807126353,0.01849479833825357,0.01915577986480914,0.020124199471787983,0.019748278805840635
0.017566608567010245,0.019419501476840673,0.019246092516337965,0.019755576956714743,0.020861282297696147,0.020825069104183587
0.01589849957462583,0.0178309721377721,0.018425094458596383,0.0192268837454783,0.019688204785715865,0.020211513402617617
0.015958580255009736,0.017833118823974755,0.0183744051718715,0.019280570564051344,0.019581317018297104,0.020636825214023786
0.015988008244142322,0.01787050440208982,0.019293935881778822,0.018518250114801897,0.018768451150412886,0.021381110664240487
0.01595644292610121,0.01819586578622597,0.019291680675998825,0.01819416294504487,0.018720789023149498,0.021580438293021125
0.01662911894433013,0.018622016710912036,0.018700314078969327,0.017724269087997277,0.01876097648058864,0.0211284029861825
0.015987428730265173,0.017935769543842427,0.018443146968193647,0.015269925487158118,0.017861694310673314,0.01873553853574439
0.01593766135660003,0.018599402796045418,0.018535566010769444,0.015120072946232032,0.017765201305919808,0.018545135608017176
0.01587512768260309,0.01859058243155992,0.018478455628664046,0.014822542499297979,0.01844739471725343,0.018485308128761146
0.014430228712392613,0.017585150675880012,0.016909037181412616,0.013514582156761315,0.017601961251469296,0.017533008147428517
0.013903930373995574,0.017004542594071838,0.016955719915672574,0.013603368824873096,0.01708718149067239,0.01756128530087039
0.01358674389891776,0.016792366806610986,0.01656564780132943,0.012457646286591136,0.016492436269558583,0.016979972492162432
0.012701628415727055,0.015912569436630632,0.01628336729249685,0.011894891711201552,0.013757000400475007,0.016644179447702558
0.0129286802281698,0.016020253606045885,0.016485334190298438,0.011852892811877954,0.013842886755449785,0.016650966855975145
0.013207951982896236,0.015462818139645068,0.01645442300979428,0.012277231677428066,0.01579916352804669,0.016606853283498015
0.01546384826215163,0.017984022379580095,0.017131010126342373,0.013849773908958321,0.016542848648865772,0.019272286465609804
0.01629015881348778,0.01813161643993066,0.017068694981548886,0.013175211476591994,0.01660023525429387,0.01920324212905606
0.01631400745922927,0.018369641075133,0.015798213832358892,0.013190746685742114,0.016685352400751488,0.01910590598882052
0.016336478363084873,0.017104531748440132,0.015663274127153317,0.013015582599109548,0.015326636088814917,0.019452028873097275
0.015897468804919174,0.015958285622318373,0.013811104682318708,0.01259588921675649,0.015536895940984088,0.018361846684076984
0.014108620213043249,0.014599317086939458,0.01113745246249391,0.012084158073690728,0.014756848922740134,0.01565138108760764
0.014142315971588363,0.01575760194222647,0.011209412312584006,0.011891773502064445,0.015558084155435033,0.016000806441345106
0.01394279965411256,0.015766228055412737,0.011227413497764785,0.011798251332951431,0.01506007859409399,0.016177992732579364
0.01392885379388694,0.015298911788313956,0.010487102388318029,0.012524716174325755,0.016270878795635747,0.015511096154239032
0.013703506806079511,0.014982046208305339,0.01140274834326916,0.013493598810468592,0.016317886142418338,0.015207118219923632
0.013765842785678805,0.014551334147931774,0.011532846846456087,0.013034587296982168,0.016325800388781717,0.01538656970413098
0.013764756554572256,0.014813206829664435,0.014187813806514758,0.014896660444399905,0.01699214963549519,0.01711329610851237
0.013821067451208547,0.014560446461384786,0.014291394067685814,0.016324122189195035,0.016065652973991564,0.017282424135613365
0.013784072852854616,0.014589529109637357,0.014370164607426437,0.016418105278241026,0.015582180227986726,0.017279385350483133
0.01396510913679947,0.014906628658888725,0.014852932385188094,0.01630130156603758,0.015543656560737975,0.01796006328051084
0.01396479144962893,0.015067537561850992,0.014522141315516504,0.016046278312179415,0.015534254331423794,0.016427845218836196
0.014182487129677544,0.015565108054574362,0.014833983098762497,0.018454219730568953,0.01715943835160455,0.0161332368787881
0.01469624462951479,0.017541372932273883,0.0146909671500635,0.018608601437254117,0.017136978837160304,0.016135085617411407
0.01487458754429956,0.01746376828814131,0.014511933054359653,0.020100273023263025,0.016766457899343213,0.01688514779109579
0.014752682488235707,0.017732461282085138,0.014055260758765196,0.019704745436416125,0.016307440359070773,0.018034926363888978
0.013015269941767953,0.015819107925073118,0.016545904244455723,0.019061175944106824,0.015039447318690412,0.0145352119068891
0.01092208919242973,0.01609698556761723,0.016371416093832754,0.01957836808163009,0.015051598462658302,0.014436483726072131
0.011251912868919366,0.01590016993717029,0.016202985140386764,0.01972309458252898,0.015378109815154393,0.014425035862619551
0.011343039527529904,0.015908416064465213,0.015281983200426135,0.01998740785930123,0.015600249160185358,0.01352138842049637
0.011360330986428005,0.016791039434395513,0.015336410902248993,0.019945633181293488,0.015416051782415301,0.013757532775636983
0.011318853875587568,0.016791151968324307,0.015546115041461413,0.01981916415545416,0.01550997301868324,0.01359052182798268
0.011132235076923782,0.01603497198096201,0.016364527431671848,0.019977444362087492,0.015045766451947853,0.013589890525651488
0.012757832710579268,0.016492463930616656,0.016348562225298652,0.02064777603187459,0.015139191035688974,0.013835063405461947
0.012660762611515242,0.016431649970150314,0.015834192859690045,0.01967429863357084,0.013441731651788745,0.013841362084868481
0.012662778192402658,0.01642955097828673,0.01588906970940304,0.020137011450085625,0.013441742446645784,0.01422963917307258
0.013473751975955255,0.016344923153001335,0.015954275171996157,0.020201025486336056,0.01348737343114312,0.014719831118343985
0.013959834559757788,0.01648540439579221,0.014926802572860979,0.019935896493144818,0.013258983842524776,0.013555866346975075
0.013632822014115193,0.015958828878295216,0.014938046629732337,0.018517145024304967,0.013148142397704959,0.014106348995632824
0.013659909206878807,0.015769655307892656,0.015259551475361345,0.018514938388412193,0.013151219912922507,0.014838426979144998
0.015174982349745143,0.015541418190339447,0.015232793789152394,0.01851999576479939,0.013807286644300767,0.01576844739024185
0.016612462503463297,0.015249421791157227,0.016035065635241402,0.018368924827211742,0.01353720676607606,0.015678936874529783
0.016045937706572814,0.014720880007892529,0.015975202639262654,0.017069016800590954,0.01005005890977547,0.015615326851940257
0.015544832179528099,0.012728714165988256,0.01599517660029385,0.01669005895277839,0.010387803848003333,0.016237000005175854
0.01754740185470271,0.014810955129752428,0.01760018620453715,0.01755102828017376,0.012037450031315433,0.016587535864925586
0.017849721200506118,0.014388728964751244,0.017184655256319598,0.017374049292429607,0.011059720146574145,0.01593837624329356
0.016410367759436596,0.013865224997691621,0.014864375461190701,0.017190420628819064,0.01106742384753908,0.01615541916871973
0.01643935325187439,0.013667200043620391,0.015345529496289834,0.01750105369732842,0.012129280112842878,0.016341832821959668
0.017346323367502515,0.013168731573571181,0.015286674368523592,0.017580262820899428,0.011953878366099947,0.01643611666715799
0.017312081430790292,0.013272609864174207,0.015722071361197427,0.017238631029773716,0.012698203911630292,0.01654906674942648
0.01854396477105673,0.012522067092932711,0.01646571103575435,0.017247272919190062,0.012266422461370984,0.016460829833704317
0.018458361625635758,0.012574173103170879,0.017139844781785343,0.016441304611162555,0.011921207142437728,0.01646524500617137
0.018711264240183156,0.01301789513120367,0.016483049364885358,0.01631423920240931,0.011971846676527103,0.016427773884138745
0.018216606154963653,0.012165453603538082,0.01654225315363538,0.015208502709161882,0.012013042912497647,0.016264886904431754
0.01800574003361483,0.012155169373632474,0.016546024916129005,0.01531462163336091,0.012587438198443187,0.016259152253924544
0.01795451970742741,0.013059013482575824,0.01683336400207983,0.016560075400551225,0.013371980373479926,0.01631927465490264
0.01779222187057707,0.013022296861352695,0.016728823593531648,0.01641487169206367,0.013405144603789094,0.01600443131614138
0.01770971798630932,0.012411851562343798,0.01672962384061931,0.01612986453729189,0.012971927752876488,0.015972271251534855
0.018479279294200585,0.013334568101849995,0.0163282294790322,0.015677623349889196,0.013014001563787247,0.015702926242063986
0.01847605117668551,0.013219845223644094,0.016672558125508913,0.015699934050814917,0.01308343987096389,0.014944856064132806
0.017390503746743533,0.014098281218482346,0.016657062961632278,0.015626743215684274,0.013186838176442058,0.012711381946988353
0.01605084604935111,0.013897306618745726,0.0159466719492489,0.015574970599893769,0.013746868074494371,0.01274852885613384
0.01577686639625998,0.013834881392268954,0.016127613744644498,0.015158440185086844,0.013803026779969455,0.012738309764134629
0.016571375255807538,0.013843144151389266,0.017152619790736047,0.015740723157357934,0.015067050704536693,0.014416582075366646
0.013975146892909764,0.011933366855517265,0.015069072404285977,0.012945831810398727,0.013700611873788661,0.0126638735752799
0.013791043323678105,0.011814810108133279,0.01686618184327812,0.01471758895278912,0.014526076061907726,0.014190422187548265
0.013762487112633455,0.01178767187285016,0.016922052569656898,0.01476628497366249,0.01433561735650462,0.012739801976019037
0.013724951763623419,0.01143072256997786,0.016723594220064225,0.014114727777773008,0.013842667003882928,0.012701177914223436
0.012820516018012821,0.013504360413711464,0.016943945831660773,0.014412608116518866,0.0139407531469488,0.01357184589334099
0.012992532758962737,0.01442102692468135,0.016663471805698535,0.014561094402372243,0.013399614659344144,0.013329846856516912
0.011510564791260315,0.014189807539131696,0.016465452923028347,0.014660468372206225,0.014431696769500076,0.013432698658042825
0.011597936078376423,0.01451356461501084,0.015803409044839928,0.014583680168934732,0.014827919065834059,0.015208081624487611
0.011959646032443115,0.014939573967035755,0.015703541409616828,0.014550440629707501,0.016496592995605863,0.01561065935804414
0.012012710989768069,0.014934626389384273,0.01569975379629918,0.014446982595267962,0.016325742682119036,0.01565252636596017
