Asset_1,Asset_2,Asset_3,Asset_4,Asset_5,Asset_6
100.0,100.0,100.0,100.0,100.0,100.0
101.71169206947339,101.87008372441333,99.34497164794661,99.615617845523,99.41375675377081,100.36932133240467
100.86291619308244,101.18505737873146,96.8299929317793,98.41440487595017,96.81025372042623,99.67124305821075
102.04568177932212,101.80789474005674,98.70071144753719,98.29505960513556,96.46187412188688,100.70394503751918
102.37538418220093,102.96754461879905,98.57258359834253,98.02294936700973,97.24197367154827,102.43999591318963
99.30799553237566,100.54134442441386,95.79587543530369,94.77776982448393,95.67135407406712,99.25738251011079
99.87351405207887,99.05466739503495,94.97480308260803,93.87790355569688,96.25111195676274,98.600809909952
100.00236409250759,96.48924785099351,91.94922001408945,91.69107351904292,94.00681811203712,96.93577442761381
99.18016975943839,94.99352012394617,91.49117952636092,90.30552126229264,93.49267148837839,97.9760342543461
99.07843457265204,94.81104025423097,92.27060154689632,91.41693826473853,93.53100566082101,97.5583797967327
98.5543563140047,94.50585502241401,90.02143671230583,89.5648799997883,92.98745216081488,96.36533519028558
102.45453779319485,96.38826994342779,92.39967997150043,90.31276942158208,95.8904225856543,97.44631005627957
102.17497362767583,96.52169201473268,91.99809406280997,89.90634441480529,95.13214145012466,95.92745140898313
103.85742539552578,96.86864003942198,92.61458603305014,89.98221345083506,95.19729253657363,96.47041344953983
104.26302914116683,96.85635596991098,92.89973231416083,90.56363609662905,94.59743354821116,96.69892268683486
105.77653604931409,99.41541427135816,92.5434598488501,91.7951702360969,95.53747886187193,98.25336467947425
107.26271728343251,102.01545936377289,94.34997340694967,92.72361243861835,99.09305111760398,99.4591241384501
107.32555151641166,103.05037422851079,95.0810301883414,92.16294004730705,99.98689610780714,101.08349234941487
107.96959459003874,104.33877714069735,95.45376490796482,93.08645476409612,102.01407662096426,103.66091028521278
111.0672376200916,108.64924701244153,98.42879239460241,95.81924758183574,104.91824763437361,103.46314965289527
111.24749482743697,111.08932061278415,101.03630824007477,97.26196532134132,104.73618587221158,105.33021552923995
111.57259713423599,111.08763590553123,100.3203255148653,97.72722952354997,104.3648590160362,105.29919328220711
113.24271663765259,111.59771015144793,99.67068533675446,96.97309836624635,104.45884624017664,104.55216929912885
111.53247607807775,112.26409913986292,98.84723997080175,97.62428902924401,103.83299188933773,102.99724993805609
112.40737846953198,111.93257913565853,97.22588618459527,95.75416095386913,104.14704538137212,101.45820384196587
110.27925402049694,109.43607199691644,95.40535506573113,95.70241192508296,102.53358212602546,100.43367315788666
112.85733136999177,110.79414204167479,96.10249070093937,95.92708487452887,103.54714809702055,100.84961466116717
113.32366364281026,111.44339630533203,95.30251977436535,95.66574345988602,104.82608066386577,100.42449941578474
112.95204561770441,111.92688549686149,96.64516114550206,95.10812315246051,104.86448688984393,100.30155912618807
109.47929799323015,111.00505902764878,95.94742468859909,92.48466490302644,102.49729239475559,98.6995343960975
112.02105238181305,114.17362815244744,96.50614297916943,94.96732669540212,105.18758066494011,101.19266092272758
114.29552089300498,114.26552008931755,98.39451515966091,95.81926088751062,105.41041081750781,102.3179250688294
116.00752603677311,114.43609491812482,96.58958087397542,94.8989984243952,106.84650429161611,102.9997420372079
115.93495229729731,114.52712993233135,97.54924009302566,95.43242437944501,107.57241334504407,103.47477807769026
112.97044953692799,112.27279284234838,94.39928941204859,93.44952650912496,105.66197489960919,101.51987342858675
109.84741240134845,111.87288993363832,95.70167902440248,92.68598693077709,105.76645751815916,98.5190446185894
110.67236371318968,112.6716417996144,98.57814914633565,93.74907626713477,105.80478997173093,98.76454118255938
107.95873237621845,110.63608900574195,96.46829454928168,93.95597030861815,103.5240274326357,96.97746680221127
106.99996388631317,110.61884493954753,95.36127069763515,93.71075711898524,102.93444217790802,96.88616048936149
106.47187308320795,109.94321546757492,93.76019779446831,92.38273828519763,103.98525527813281,96.75965887721908
107.17754323628107,112.50047960744166,94.31708417191821,93.05019419336162,104.82376582361064,96.92783027356153
109.68674047005976,112.67467638867029,95.36128409929516,92.98659819337776,103.22820783907163,99.32267375669873
107.80973417357521,111.66238096707487,93.57097008787622,90.62788179972316,101.11100159974848,99.0623707203866
108.8108214268952,110.76941930054838,93.10966569268926,90.17088995495764,100.19470210513862,100.01142829134362
107.06578324044007,109.8375094302105,91.14053473924989,90.32491834897135,98.21558928940269,98.22914296009361
108.59796708339375,111.9772038345071,93.0346586312799,92.6155892856593,98.87102346881817,98.44373816620632
110.75932557274496,111.00210506379452,93.28387083626316,92.06487312234148,99.93731065981851,98.68124429585434
110.1454105562437,110.10947147110282,92.64553693161278,91.34733554818959,100.64052632517566,100.32516822962444
111.93130166389147,108.33181494984905,91.37360207866766,88.38889754079189,100.88820666048518,99.84834588706448
113.73600502692834,110.07353742318514,91.86251257414807,89.18432933546013,101.07675543566515,101.01385735515822
112.3589346822864,109.66575277889969,89.51775041341328,88.46978817803414,101.09961967295976,100.17758415229082
112.31606646641187,108.61457604249576,88.27611423001467,87.2296972326366,97.49256173771859,97.6494515468449
113.06458827259611,109.24426377072164,90.48509910711013,87.38605982865832,97.38176386198091,98.63355334425462
112.79238501458461,109.27627400790527,90.58036003418613,87.69506350450109,95.89974806566472,98.26634335697041
112.26955165559107,110.38903000936364,91.8327858636585,88.12312587651597,96.43045700012864,98.51872331793886
110.95165930494983,107.9641568117303,91.14934596844185,85.54693230443668,94.76970427173707,97.090158603264
111.38365352420251,110.56118061945918,92.3939680945839,87.35239300042362,96.34210946993294,97.22114185185087
111.42674275684958,107.78009180998347,89.87726827423717,84.95292245834224,95.04054682761857,96.5251657452658
110.6569278039009,105.38457128423198,90.69294254290911,84.3743614107888,93.97877990725989,93.67117429613958
112.1088230883756,105.25182608569578,88.3369830669121,84.62149268247408,92.94893653467257,95.19115636999187
111.83688014600112,106.27200629523637,88.05090959977866,85.44167830086774,94.56015270987737,95.02571455850814
108.07970043895607,104.68976719478505,87.69978360397691,84.25672821119197,94.12903256258613,93.74334396924462
107.69390612355916,102.11171882682874,87.33630055781593,84.80057733308556,93.53506341983558,95.30140936897322
109.77723959366362,103.91188915570572,89.23623303274054,86.04922572964838,97.00664757333338,99.84422280059383
109.47052197169685,102.40546558207423,87.23488746160058,85.87834928339687,95.95753660082525,99.03189497901039
110.94346882385355,101.87018371251,87.38102577248976,85.4466688038146,95.82076188869242,97.55583145985807
110.28253102797947,102.25621132505768,84.98571449953626,85.37286513724125,95.21674468060529,95.92199835394193
108.36996843466098,101.05203609469446,84.61350585680813,82.83944628229604,95.36089167759587,95.18631905385718
106.7713802805581,101.12727597969545,83.82277415686347,83.4448906190962,94.67968100503126,93.20925919638916
105.35594754017062,99.55075315217135,81.15600279256692,83.04497565397419,92.95471221345474,91.46545428942436
106.89121145005961,100.68251127945263,83.60530612980146,83.97033184597927,92.48210817298705,90.93887559499098
106.79635994797661,100.62563432961161,83.57727206670697,83.50982645586781,91.0370942895537,89.60909100593943
104.74705065819384,98.53840640908393,85.67126134899856,82.80608288847597,90.18562844493073,88.62417578486728
105.88298015159963,99.27352513426713,86.3875864526742,80.4942754789644,90.54494424909771,89.52865668989695
104.4572505221015,96.80183969677378,84.97739347355822,79.30177242421689,91.26179784067102,88.3265507656358
101.91623965254746,95.4041483921936,84.61671388659725,80.28839023585294,90.27221340568173,87.98175962091916
102.94120989324836,95.61498939063091,87.46761796531096,81.86529611104343,91.0429237303277,89.09917753413605
103.92007553026544,97.67896724156213,88.50779014502358,84.30358616680277,92.33423894086037,91.97157332520297
106.42099311666358,100.79458798049248,90.5432041660075,86.35583937974995,92.49724982197867,93.61759045538302
106.16703677193702,101.94342026358639,91.49471403816221,87.5458002831237,93.67635204139948,93.59608407778394
105.99432127276975,102.61716980281012,92.34587225608774,87.80661447184669,94.40735084989633,93.42511553932036
106.84323639605253,103.15086074265386,92.23425630184722,86.96136633470317,95.94098832351935,94.22061518223964
107.4145100155957,105.34121558277975,93.37934308095247,87.74674415953758,98.53143712265799,95.27477833603524
109.1940538054668,107.06544296191801,95.06002763368336,88.58836648757631,98.3902380326202,95.21604299124469
110.97003365091473,107.89735012476123,97.52984924805173,90.90881904476211,99.00574909156228,95.62646540193619
111.92466537121767,108.21846091008193,98.83128592523744,91.26557575279257,98.63849458421926,96.37546013671049
110.87447565298848,107.51334678376082,98.52766694922934,89.56112036954686,99.04230338075274,96.78034463287943
109.9834493168612,109.22266135386907,96.71996595095501,89.95457788868313,100.76000039050835,96.99089213420005
107.62395059795757,108.28103846859605,98.4278467476093,88.35958005496279,100.0453051766621,96.51064859151525
105.63049973480746,106.97494846604742,99.0834025885246,89.70067933863072,100.52307938099736,95.80795698676609
107.92014488963173,105.16059457923723,99.44152327522744,89.89836875575106,102.21328594302065,96.21699646163736
106.7373961138813,103.71635607662662,99.6765195271845,89.3246342562758,103.12092451441119,97.45246400189792
107.85081999226932,103.4168016468115,100.53383960695945,89.22218684160252,103.39753618242699,98.12744427657506
108.63039533588186,104.32114647627301,100.27288879917856,89.9755342706447,104.86312803941414,98.7213330865611
109.1231766988481,105.4696688829659,99.4055814900345,87.82263216673672,104.88533417261056,97.85327475294373
108.47658982340438,103.35490235715858,98.23061852594743,86.70616433872677,103.41833723915909,97.12960706438886
106.86414457928461,101.31921349710957,97.76168960424422,85.32549015457154,103.62513004274957,95.46755001422598
105.14662102182503,102.34190296888008,95.23131911423111,84.32687301993128,99.65476719269014,93.85350861399397
106.96151672936,104.53259510147743,97.50209668746564,87.3235197040684,101.66639453006185,96.226873233508
106.79224000145066,103.45897229908547,98.35369896415708,87.65059100377233,101.7178082046678,97.60670123348172
109.0693454400658,103.40738068947107,100.12919332697577,86.41462402775126,101.78342615821312,98.62418440417855
108.46480683883514,101.85675291789195,99.28464701293086,86.22041321412235,102.93803724197463,97.50434363146275
109.71109465631787,103.35865594644108,98.1643352978677,87.95042950540017,104.09453405413907,98.68258761686933
109.72024723871452,103.8813582875197,99.68618482188396,88.21998030978455,104.60254384389413,98.90526619520331
106.91721650450307,101.31244524976553,98.63469396209564,85.9970349969637,105.25152946727174,97.32476758992158
105.58230792262219,100.96760577275751,98.01821134429188,86.39095761274307,104.85410424540856,95.43215832923158
107.38170109061026,102.71154849183414,100.63403535448883,88.75322722476047,105.2834614651329,97.64261365540703
107.17888443750519,101.42839526788978,99.97651868367639,87.6086882282386,103.5313612135924,96.76757727190508
107.71685537586069,103.56039371475049,101.62463337926211,89.3593984210713,105.34454814228985,97.73851559466377
106.5432710753031,103.02277864108757,102.02390837149471,88.8107623750843,104.58666923054264,97.64808031115702
104.35926839833644,102.24787553291183,101.03655370322831,87.42888375247306,101.73014953649245,96.59952512424005
102.40467438650825,101.09120305160408,98.59790938977243,85.68838121817996,100.49230970884847,94.71104024634292
103.14615391891485,102.05777916721969,98.86647208232917,85.94338934571424,102.76993047129577,96.57763831756115
104.0070593689071,103.84063263449644,99.25486890478774,87.1684487016862,102.31095735888549,97.29781713612076
101.32938677752688,97.50121571017,95.27483490746866,83.25467716446312,98.78647151661588,93.06578462568397
100.56477158309909,96.92336096030785,94.86381856500456,82.96404298182097,100.0685083250919,94.15994833744541
100.93813462848159,97.10348508217194,94.1149347109986,83.63626304638007,100.66256271128174,93.21768366523723
100.3126689899546,98.6290763552492,92.97931197860454,84.69328067881717,99.92125629095999,93.28077631931275
99.7773236561434,97.96066386004371,92.95248202977683,83.23818304391348,99.474321899327,92.73508078154008
99.0536060300579,97.61948321819231,91.07490710544963,82.33451038708934,97.54403024974505,91.84250401733266
96.23468389382722,97.27239033192552,88.7017570119634,80.51930771174717,94.42264582920657,89.62597804885569
95.98400748760365,96.36478493632178,89.93442447968464,81.36002447122632,94.31997888848578,87.6618893423103
95.81196802851056,98.60308203878688,88.8571170415523,82.65071515256255,94.42544079127835,87.74322890993763
97.26775753635971,99.45281261135774,89.69154756506092,83.68507358333139,96.06773125159505,89.690191820789
95.93148190255039,97.67183285543621,88.63070636495776,82.95644541547892,94.2637420023644,88.38418561356681
97.44235510313969,98.6619580616415,86.92338806249036,83.00979490484578,94.03872558527247,88.20815531524296
96.43317652810819,99.22678029534143,86.06360457020794,81.09791648905241,92.66261706148252,86.84759092632986
94.25854068622334,100.20111189146245,87.00064212788811,79.81866626709505,91.0131924460755,87.01566228490331
93.76175516687117,100.99257298454229,86.00392536678159,79.3448969658518,90.27033025942625,88.26307898549793
94.33437499706076,102.39130614301978,87.62506393796667,81.4872123088351,90.34105561169905,90.14633360349421
94.70632894707458,102.49220284519643,86.32766496180257,82.03996639350046,88.81518015973828,90.27372835321437
94.9945611840361,104.65376538306114,87.93630721156846,82.80693073479924,92.00285585177679,90.46721579280565
93.44206367124265,103.94767157123269,87.97029923953995,82.01467310595082,91.93492650999387,91.12185822750236
93.49498217528465,104.15485947579603,89.91365923513585,83.33261621344666,93.18800729866389,92.32876195506033
92.53901119800713,103.60150744582556,87.95813051959884,82.64953336677222,92.78196708021379,91.60059197448525
93.44302715404375,105.50245433274722,89.15657678364425,82.98310893271804,94.13348699557872,92.0187214243969
94.21639360793608,108.09004581622108,89.63159396847242,84.38978778692525,96.58517802445611,93.3898003713767
95.68529961916393,110.91905941072527,90.30325115502711,85.94989220295834,96.1465687642999,94.87389644684289
94.50794944764344,111.45770277351274,89.93710430657177,84.58081934730137,94.73543758675602,93.94733837665498
94.44066936028194,110.40738991887069,90.687461981467,85.03809535748304,94.39060538985065,93.69124900362073
95.07545034537199,111.8415907106778,90.17303310233038,87.60297137164471,94.79846983026692,94.60786160049324
93.6152659492714,109.86151357220153,87.42735649278224,87.38366048886735,91.11218850059602,93.11841093992959
96.11825407731862,112.61741673492388,87.53719262546223,86.17024741570145,93.94644450710031,92.87503784273032
95.47435645314218,110.20242861477014,84.67048822372698,83.44318223326981,90.67468596765671,89.99986715144907
96.73678555015967,111.8969533293436,85.76873289415481,83.05928384050108,92.55032140674994,91.12113500169538
96.79540008280549,112.40629429510085,85.72364280999697,83.35581317831388,91.84946030774377,90.87223591981936
97.39233678536326,112.90314278207971,86.55938043816424,82.80863141788971,91.61963158616726,89.37422817689205
94.56900926686424,109.16922350025277,83.45059674371373,80.40955631849542,87.56462129123946,86.47926562174794
90.890054392129,107.0605802472071,80.6826122775789,77.50312267033873,83.66631257046453,84.35786104828247
91.8357368447331,108.3679261042201,79.88140222244802,77.85005071754219,83.04407897668047,85.33688009945507
92.63383854651848,107.19640395920501,79.741340318671,78.81685198114496,85.03828839662359,84.71686908600874
90.82760336881661,104.32587574141111,78.38798243902772,79.61358065035557,84.37639764257557,82.21142577095338
92.67456050230966,105.41536070648203,78.67343494290415,81.00192212998853,84.63940255687272,83.6576244193729
92.20312197626411,104.9506170863419,78.62969210351443,79.84082687240672,83.9817405914906,82.37521486257265
93.60690857156492,105.0240526796076,80.3764326157273,80.07294882695834,85.34049584201438,82.58934953306176
91.94445161492713,102.52432316525427,78.91804973642749,77.69498549544328,83.44336734921558,81.18661873570548
93.13638377293799,104.27689200122094,80.67133668249825,77.30587374691257,82.83883060419893,80.3498631300254
92.25274677183249,104.87431857581589,79.14809310744543,75.85874941259135,80.70002727841681,80.3545331452502
93.10603005577694,103.70757215307141,79.8751800289185,76.0217095599237,81.8327948036339,80.41991720993784
94.61465829483883,101.35012762136893,79.10473708734226,75.32812540000474,79.75246690386746,78.59890570840915
94.41096791233234,101.1777242127042,78.59079884669039,75.29800662126966,80.71574564472084,79.80887820250372
98.18722840215501,104.04092943720036,80.09654656896448,76.2589787991413,81.75625089027848,81.14275070783499
96.44337935115922,104.11150026225522,79.00163770356008,75.50986761076648,80.50319107281592,79.96565476968037
100.40615934566092,109.15173833788178,82.51124728129062,76.98191594738012,82.45150079801046,82.91344537730139
98.1478732438874,109.88671018501914,81.9026549191459,77.03037569753428,81.14612451921776,81.36915196749999
99.12034605613881,110.13761833501731,82.11350045453625,76.85897590851546,81.69580919282532,83.07171767206518
97.17672808488372,107.83245598130956,78.80397430780089,74.62644234794374,79.5561300047888,79.63598656187311
96.69498521435902,108.49264742770394,78.89785695494524,74.21026450959594,79.65847189390163,78.77885219821039
92.58962052169512,105.91009492095239,77.00831299391822,72.39880867346135,78.37909112443799,76.57650419755652
93.94273349448903,107.66299687710053,79.73744981950264,73.62055338596028,80.42041698320851,76.3644202818084
95.61948188391143,109.47146408777306,82.5676075715645,74.20980258923196,81.03403856863244,78.07776874002523
95.43127606582618,112.26662114173787,83.68842786160326,73.75930456386718,81.45664216914271,77.85326010063537
96.33788864016215,112.4195505418191,83.79106370137255,73.74017983573067,82.31803642998347,77.76211582317508
95.83995008999939,110.46415086432512,82.07297412879811,72.87939869134105,81.63830592170554,77.89931111652031
95.68475547220741,110.95878068276023,82.72044310650305,74.03380173224461,81.52298618421091,79.1047364523109
95.07486537948004,108.60805139741636,80.55129023234478,73.57737015044864,81.856803520505,79.29036585578191
93.64916699369556,107.20608183850865,79.10431757514729,73.15948165401711,81.05079761587794,78.0527388369216
94.41619819906134,106.81859257060334,78.73959246989476,72.96680192947208,80.65889133068984,78.8769946771467
94.9734492600027,107.2508138449269,78.59563420839554,72.83393469520159,81.29599805324654,79.6241751218637
93.44311401190342,106.95057896981172,78.04439944616877,73.33432136516448,80.73904224106414,78.01029154721155
92.42533097356967,105.38008324450225,76.45227414610585,72.1342660797958,79.63082313849074,77.22653453979234
89.58789295214675,104.02557689851712,74.6201269765588,69.36697787277187,77.15595519920693,74.32844448514861
90.6504583383787,106.7601274974023,77.94877570814761,70.46190360267475,77.28070653130379,76.7596162220565
89.46588004310752,104.23854107438635,77.6796437025124,69.44320535703721,75.69754591204521,74.96313387314235
88.00783503521419,104.74365043202455,77.26329548448835,68.93371854558487,74.57597571665319,73.99981827922034
90.6574337707496,108.86496837576588,78.56739273421759,70.30950668144472,76.24847303062012,73.92624681486377
89.66877793116795,108.64764209289041,78.04374018425443,69.0101915758029,76.3466272832954,73.91489445877689
88.81618422030428,110.58125064519781,78.52443748912884,70.98039108324133,76.43454058600953,74.43093172692328
89.12133461745728,110.03415464260269,78.52795079051783,71.7593189044781,76.81472880359074,75.30664959074151
89.18824756493126,111.11627860178949,77.88615651828201,71.94420627803153,77.71262440154,76.15746835768743
91.61701209434607,115.39795433595233,78.82728692893276,74.00623374025444,76.81743885841728,76.84135026603785
92.83710667917829,116.28438157141929,80.07623495441372,74.58620770895148,77.3565084952383,79.84887226966984
94.02476522022545,116.33288108696604,82.01234876373218,74.5610562206567,77.22783466894336,80.18849737152148
93.07248892541143,113.85831271851076,81.25055624022134,75.16389816024468,76.2810298175588,79.24071083649017
93.06519752003928,113.66951537143737,81.74018542714133,75.71957263969156,76.69439688243818,78.09776864813531
93.31300625070833,115.18142626040762,80.67758655567647,76.6291688671725,77.60090384752367,79.09183394851154
93.04268658709277,114.09989304685858,80.8711532926559,74.59083276557033,75.25481574700972,78.86795063882404
92.4215413857712,116.67485762027225,82.01763302514986,74.7119199318561,75.23777443332405,79.03116013102331
91.26448460638797,113.04078731482727,81.59724227760206,73.05735981889802,74.9186941361655,76.78736065477864
92.60985852901635,114.27664525539214,84.4839442210794,73.5341547198431,74.4613666800945,77.68731820706307
93.73987019894874,114.38219791909026,83.39752652308165,74.69398052999271,76.38504517783092,77.88744654306652
93.54499976603539,113.92518393339523,82.7278914564178,73.90778958214072,75.68846263346347,77.96077254920695
94.65859355845188,115.24614072301354,84.16736328127662,74.81248947258017,76.80928691966653,77.77041842823894
94.76822265003466,115.32299684852576,84.90529258872364,75.33662883654509,76.44402238983092,77.72464475291326
95.96320006506032,115.6300609634675,85.27923413809516,75.99994931034828,76.90703197856658,78.45251286405922
95.45730332513983,112.95917189546452,82.56392038263492,75.2070404801489,75.21465856789999,77.8541223173826
96.75563657958656,115.08146099929394,84.36503224214331,76.87436698405139,77.13198039053493,79.92344691522582
95.40725184534708,114.38908131109478,83.18380218188007,76.40833788641422,77.93042285266125,79.64962747280008
96.6792682067278,114.33906907140705,84.33062410616022,76.94618573523594,79.02656567763782,80.61840738574058
98.31293172576608,115.11838504770198,85.7567100665603,78.41755610659152,79.47145088047095,82.21042041142897
97.1091384207971,114.9673648794451,86.08434956085284,79.45495615461385,78.23845589455037,81.92247571907198
99.14885341548171,116.11271783239522,87.78313187924574,80.86518092423442,80.25477617503007,83.71249728567574
97.78368955954414,115.09217486131386,87.45282984955325,80.25723861172358,80.7270655355008,82.9500551278887
100.60885362719401,119.4312352336199,88.87923813102871,81.16059745052894,82.37215160052389,86.98172281033716
96.09181448633501,115.7522633088356,87.17467570035494,78.9336145128574,78.61210607905224,84.329850417793
100.2158846624042,118.57822483629634,90.44750427791611,82.2549850792152,81.27878752527943,87.43103588944267
101.86571499051922,121.11282963618545,90.97764948916199,83.05667626407396,81.66602576394216,89.42125148195481
102.04127397413025,115.72181188059035,90.19485795904139,82.09259501927193,81.70283373066754,87.41108177708117
100.10001332895779,114.09014286492454,88.70985947617955,80.79301729096423,81.65818904632681,87.53274226909836
97.9725341314895,112.94046234709207,88.86346330118707,80.02058664524189,80.33326695370215,87.38333775880126
97.7130748886155,111.47264093378266,88.03630413663949,78.08318399053066,81.35978700324756,88.58239338844068
97.22536988586252,110.2313656258897,87.4526087223883,77.40113151279579,80.22855523003263,87.89852775199574
98.67503488041075,110.21604094557067,87.29342381612777,77.35721178689715,80.96853935682705,89.26262096559455
98.30698958506883,109.97206569046183,88.8311190898538,77.59480646440963,81.45017058225787,89.34492897208834
96.36611490987532,108.00194687607194,88.89227493721563,77.22440780971638,79.96220096369997,88.98523018819459
96.60857128704804,108.06548565296487,89.17516432392583,76.27633248537418,80.26243001008237,89.44068662535014
96.80740175923012,110.38875186926471,88.98326041432546,77.23326609638723,79.71356185124493,89.58850041824745
94.97359047762616,109.39301516745662,88.36703772616514,75.68344160918367,77.13034011471672,90.10790391181754
98.10375088966933,112.02740296708514,90.57324026896805,77.91957174657908,80.4261901358551,92.48420245060863
98.02003376020454,110.4662794694007,90.8042534768486,77.11753114648019,80.56128035582924,92.13178165821554
97.87392603068943,108.98193119010999,90.72262019820617,76.10113252793911,79.74858297334674,91.34178166571824
98.41678008320206,111.26695110721164,92.88002697466213,75.92697768846773,82.19738458694424,92.70760604849828
97.99081849792806,111.80033737353261,92.91016288653776,75.08691518951548,81.07997816861935,90.49753122385674
97.69016610654074,110.13431432533831,92.77013676779373,73.65862048705466,81.40727060998991,89.43310164357963
98.18837302167798,109.99776119705584,93.52357415331345,74.23196190577588,80.94542575252741,88.81145906293654
99.40730931857013,114.06291706326923,94.45710877696777,75.49597993897547,81.28130085940496,91.45882051101997
98.60603813548222,112.16676465305,92.53540963313777,74.68984786329395,79.39991355734436,92.53761789782597
100.54384539212172,111.97484519615749,94.17031038078947,75.33147712764783,79.05417086971937,94.36827425947287
100.30411678284148,110.92992503079624,92.94313031065084,74.80179044411271,79.83881365925649,93.97117533124731
99.08150788989133,111.85802017094953,92.38742814637259,74.98502414959427,81.65973381923571,94.91988240482924
102.13049069461593,112.73573610568126,93.18766224973957,75.70669869397105,82.72412868057714,96.64324397703948
102.02624841474643,114.24383932798229,93.20756797900096,74.88628181658368,84.44884149504614,98.54645857534508
101.39534102720965,114.33390467943046,92.78515075420316,75.81339684759253,83.45929108560217,97.23646080215381
100.76143261068066,115.800876850036,92.45708221743244,77.51639553897806,82.68273493192508,98.41395070747919
106.30811657958114,119.56846467653371,94.68090336200645,81.03667527605732,85.80670448237159,102.59119126764234
107.43698375848447,121.42516816675563,94.04985179854593,81.80277587556546,86.1158662789082,102.47109430129007
107.21813606389003,122.4038959443056,94.44341983197707,81.32416351699723,86.63003214035842,103.18725210274442
107.66389473831929,125.01503115207201,96.10217151097234,83.37956575587337,87.90474532446973,104.25697454771878
109.47431523757658,123.94106428430882,98.19472189755122,84.3287194360084,89.23441413076884,106.89548462998688
108.20474167238758,123.84330097433872,97.31081694444786,84.18043015678485,87.93871233990347,105.71171806455445
107.19912538317008,125.21065791942904,98.67503823435287,84.90514518639374,88.1181676663422,105.29023105811504
107.30097148696122,122.63253648077193,96.66517932245965,83.02633617172032,85.97198259787962,105.28254690807788
107.91117287737536,122.57264460152963,96.89151631549487,82.20517833379965,84.83382488776948,103.76766180148977
106.57094780006834,120.30589710665699,98.6899443562158,82.01478614327095,85.05160923719997,103.77742418795853
107.72104276010572,121.69210679439581,100.22041263845978,82.69382931889064,85.00005773911856,105.84496469365357
105.48902142758757,120.0762231561867,100.22973273897311,82.35829296436863,86.22471145235406,106.95546809987083
107.85573399472086,120.14477749913996,100.03657599992742,82.85011449164993,85.20902063487708,107.0729545372444
107.33375449560582,119.39035534592615,97.91493810394587,82.25604044963625,83.22621196573827,107.21364479380833
109.54672994210611,122.30842592607377,101.0118843840782,82.95200631544627,86.01727152314464,108.75048959450672
112.06695893480519,122.83803734355736,102.39176473303021,83.12418422577345,86.38422842479453,110.2442097023013
114.2368060255181,125.51872687278303,106.36627521161876,83.85310333488023,89.14630057176149,110.18238933679314
116.73203311314492,128.3312751640865,109.60515081878401,85.87303412709511,91.21252307442244,112.56019897193862
117.20067187118285,129.32280007007574,110.54031171873456,87.47247547742923,90.9708187408509,112.58416245890936
117.08186776659299,130.87648027224103,112.3135283431105,88.03172568098442,93.10556862700403,113.59505174004869
113.13523817005327,124.68773949551647,108.24703726174207,84.23177253298117,87.73511129899622,109.46592413814196
113.04731527659365,126.23526473590734,108.53119899594823,85.56104805606084,87.48596981431099,110.64660614471035
111.43218580968367,128.43121813685863,110.2584000305517,85.27944303532217,87.88867797943409,109.78348547799727
112.30861502336505,127.8714804618917,109.57326642108617,83.82188931420073,86.78660963982036,109.69283013503087
112.1869207348114,125.4747305120876,107.0961698944826,85.3118395639117,85.98248332436184,108.40687865307575
111.92331422641006,126.96660466933146,108.00752297620214,84.78086215132552,86.31881422734635,107.42466601915557
110.35085357348918,125.53844005759576,105.67452218371906,83.64937329161997,83.33315987653513,108.35903870291445
112.3198518928979,127.8939299462566,107.62379845119875,85.13652323162522,84.10979110970985,110.03707630173106
109.03578411696034,125.09791912347117,106.57091926242353,84.85101972624143,84.22281168668489,108.71288029520012
109.59325498841001,125.61368005527044,106.90562570628603,85.38219014192065,85.87865160206368,110.94943567345612
110.08349668714663,125.30501617531384,108.11192637431073,88.17970332314927,86.27031251370803,112.89226741736474
108.83199778613616,122.61398530867231,107.1346065489624,88.34724860224138,85.86518615156133,112.03959058783434
109.94569867843904,124.4230790160366,105.7208768484751,88.52546159525617,83.74386516843953,110.4799576719874
111.33409583976756,126.51760513510443,105.0325429486469,89.94501870489042,83.7087524606921,112.9482491928351
108.52537687618475,126.38765564293551,103.05970923052264,87.42428359524251,82.51269547050379,112.04908075593393
109.91565661586588,127.09021740320263,104.55892447119079,86.0660116908382,83.21163138429522,110.95903825231949
108.38463182984785,126.08064877373108,100.6509903349554,85.16234843519557,82.57320492614953,110.72201924383107
105.1436048309771,123.07624928335179,100.56314999997576,83.25691198500272,80.25208608155629,109.69723568942383
104.39673098627689,122.19626381513181,100.95673769097336,84.13330969515255,79.8421903041559,108.77191264839922
103.51826488378556,121.28096656758376,99.17166667574537,83.61180475195073,78.29865991022872,105.84112378498114
101.33711675231388,118.86567119349586,97.76872070403932,82.27363027382549,77.28889759697829,103.24944174423213
102.0155659541573,120.51144394573791,98.44244525487727,83.38361221347361,78.48071692607681,103.91709340343513
103.46811331314902,120.23824544786915,98.39951502989409,84.12425647183213,77.03800097823053,104.80725279794244
101.60829279510274,119.17108865457801,94.66141184764126,81.54223905302868,75.34873728078173,102.57545853840514
101.68106595808013,117.71530270581503,94.90751034630195,80.6352641159384,73.58741781006813,102.44036910263416
103.09555416176897,117.35559994636291,95.81051776130474,82.12657997729524,74.488077080957,101.58380340144546
100.71725588098134,116.94456589921815,96.35966477127084,81.53634769141993,74.56612225270341,99.8438439484573
98.71701447188056,116.65193260103858,96.64812090328464,81.44085567283125,73.63999309558648,99.38221034593364
97.91037500000003,114.83711544055168,96.2511566134058,79.66051416322729,72.07450278877873,99.05914466789518
97.69218775193117,116.11558864471093,95.84019803835328,81.64565128542306,72.42572682857764,99.74427758868754
96.74720764939593,115.48488954231827,93.74850401244564,80.1044395113797,72.03079437964601,98.63034134387611
97.273535570585,114.48504448767427,93.64563656301517,79.74051590808286,72.09309481360737,99.03298663119917
98.1232222613216,112.32464232225126,92.3370128682681,80.04463359674074,71.30263390209556,97.79398462945488
95.82065749386459,111.30547938042189,90.3160868157191,78.57633513547515,70.1021040653997,95.21690511407034
96.49678976420451,112.39222728532849,91.9112298742687,78.37435809836123,70.97784887782764,95.17190606901582
92.54994451402604,110.02447018145519,89.20877009749908,75.60581850991719,67.495593281212,89.94585577830836
90.60759069409558,109.10138110461176,88.39806894447774,74.84333335498337,67.07226538782666,89.99564416876898
90.65340868487188,108.75447685041337,87.06216112941617,74.73809377874913,66.58110478165648,87.92900054952769
90.53376592265579,109.49732647787584,88.85214661553155,75.27582622421748,66.80568302752674,88.37329469558564
92.28687670573544,110.28777306423278,88.10152760430789,77.01289669846989,68.81403947467405,90.37880630865904
92.01226165059931,110.98885557066515,87.20204722704734,77.19382592673607,70.29682436175172,89.4724883789423
92.43757262776427,112.38699989333479,87.43875678028077,77.63696878255165,71.13687091807054,89.39820009812452
94.69242523651748,114.1474720523871,88.68262355459686,77.28123299121181,72.05896983142155,89.69288891206111
94.48654762667492,114.08251983232871,88.55568033158143,77.3291846374704,72.44667022497585,89.484934569609
90.80416738048267,112.05098230681432,86.81217700971851,75.7981875731549,72.49960803690642,89.0951133621295
90.21668537766104,110.42487331389266,85.66983497664962,75.45642801451935,71.9488288862654,88.21224221667418
90.29222573431466,109.95998289103402,84.4181491142767,75.76191296897768,72.51558203731386,88.81864495504723
88.70553341632484,110.48470647358566,86.02806704393315,74.51900891936808,71.70032839026109,89.65628898508446
90.13807348290256,109.04556549021143,88.04287291913936,75.15485780226942,70.72782136378851,90.75360006639781
90.83159445857437,110.79743794010521,89.07091959675857,75.74493379686538,71.61123615633481,92.46596597689921
92.38756728928865,109.69880400512639,88.80421953225995,75.65225136245655,71.67195754684613,94.06725426246427
90.89637454688874,109.22626741224087,87.34535325950172,74.99752253905858,73.12723879499417,93.13392044430739
90.98900355935282,107.09722748386685,85.95089880773499,75.0536014561896,72.42282925884041,92.95456802990623
92.01524463757207,106.6159143758928,86.25579749033605,75.09421798804351,73.12687999241263,94.3535735448223
90.91879592578705,104.22643493751056,84.55092228908825,72.92401322759153,72.36217614118463,92.48481426794089
90.2350529230405,104.74634177341194,86.10754226021385,72.68975297556986,71.96148749135415,93.79318452697864
89.54402941785646,103.21901499078248,86.18157937595748,72.38221791204651,71.87076793583961,94.85182871536149
89.0013773275427,102.54882896462398,85.72800166755641,72.0874415052544,71.27671800260201,95.67966726344171
87.58299174415508,100.4622351665879,83.24904404405756,70.92047824964925,70.68489079205206,93.4904704198175
88.67635310821692,103.88752024431857,84.49533816051319,72.18886719460788,71.1794438370152,94.98773600903783
89.11212152265976,104.58859795936911,83.89199938070408,72.91748873684853,70.7978957834394,93.26726829559193
89.43575147775243,104.69605063475277,84.1504849006837,71.8904289610177,70.74910326258801,93.31483998867492
88.90895773008104,104.81047175680581,84.3985134661597,72.87973270393596,71.89505727404257,93.02969494257623
89.60292805256206,106.46904965700261,88.72541880780437,74.33720821078464,73.03313936257612,95.53439492242904
86.62750688408826,106.35717618993802,86.8408135827872,73.09468475775809,70.96939068815728,93.47689361085699
87.22747626532374,106.76566425979897,88.87940619884603,73.73749145190503,71.93734331675957,94.0823650179525
87.09886658285545,107.68810464983683,89.13537222770782,73.57863471883788,71.87000824787572,93.25972351129188
86.34673461470716,106.95859824848043,89.44277520637631,73.41188500762637,71.66060404896339,92.62610851799637
88.68725563443522,108.51672771373778,91.1679387257094,75.12559672101816,72.25242939319551,93.91842276778797
86.81900622267396,106.41575815587247,90.47273490612285,73.72973528535651,69.9336088246592,92.5264827486559
87.07955174327356,109.71832415719003,91.25997763167885,73.37085623222514,72.10403064594203,92.31736618516979
83.83635881166447,103.46219165050573,87.97086327881829,69.58846508076849,69.23132619588412,89.67903567753082
83.93874557635124,105.96316267252546,89.13730886955683,68.81335625340571,69.436455788627,89.21745032761517
83.17913761683045,106.29712070239195,89.41364093329129,68.94381301716297,70.6703511306976,90.72353814195856
83.32233788087127,107.24857194140617,92.58991762320304,70.5966516597504,71.9080894400429,91.1899348504626
84.54973657888853,107.45702088528783,93.2822588375329,70.95677542441265,72.05822976013303,91.5523573758727
85.02400669189333,107.41004692888063,94.25358410661488,72.23778691569999,72.42085982213547,92.65609870010117
83.05112848734392,106.72892786799743,93.87607706728416,72.32145808319524,71.55252136018461,91.86552362044515
82.29491457721788,105.82183295807687,91.58869649305683,72.14475745151903,70.72989911881403,93.10653083675831
83.34603201931927,107.57302240290423,91.97269739326431,71.05868855903081,70.5032680670547,91.31397891916501
83.21566720099744,106.24650717951187,92.93304128515135,71.493553285702,71.2691891882054,91.77530862804956
84.61952221050765,105.9349614727051,93.12657642466785,72.78687140009383,71.92408733630838,91.65959044775536
84.65349024701767,106.43571132862425,94.14315293397163,73.83116494926739,72.04215872081119,91.97459687326953
84.48743828123689,107.29652807501787,93.48081167414055,72.8242657158626,72.0615328916185,90.51719743047798
85.07693956180958,107.82032629667188,93.1559615975776,73.58507712908273,72.75241762448199,89.98054498105452
86.42837359697951,107.72446640315599,93.70580018172144,74.24021182574661,72.5380131504609,90.08329346989014
86.89370452621854,107.61051712254223,93.5714644378445,73.98754054726244,73.12767462484177,90.53244845086573
86.6221538960155,106.75242769216896,94.0888409035173,74.48540431756163,71.05816531850395,90.11046854293164
86.00473107574393,104.7206820333082,93.36834271790313,73.84759119179874,71.77648989854276,90.40809391439349
88.52855468591972,106.16925182200555,93.4219992006913,75.15928961520514,72.09381520790558,90.44556319448871
87.34128877316861,106.3074086688013,92.25640588657673,75.44469301190085,71.10244967308405,89.76572679696491
86.7528611638704,106.21637660952116,89.95432066205377,75.86296729650779,71.99952505679086,88.41546902014095
86.77977097566156,104.74104707506723,89.43843920772984,74.52660885975936,70.75055950767974,88.32385665721225
87.357957383171,109.36443861111997,90.07208817863769,74.24534724327987,70.43230208927555,90.39644802224092
86.2205484171493,106.1137735195522,89.03574210793937,73.38061512211523,69.09261216237864,89.65990071607952
85.83832019562846,105.37677142132243,89.47816910130344,73.72807264631594,69.669675796735,89.12275004661645
82.82511943833254,102.27332924514414,87.3008663005551,70.50299114296011,67.66924733135805,87.65018327612336
81.91377121150028,102.56233286452253,86.28370483557015,72.14148233073807,67.19134184274407,87.16983463846387
81.09073227758704,101.37660210423194,85.68737682685229,71.02134899945816,66.33606798337846,86.59117552674898
82.02910884373308,100.25636419806273,85.22838078726026,71.33889940691213,67.29565192789437,87.35329955852491
80.5604247963665,100.00189469796864,84.73364189152826,70.87974315808815,66.01149610528734,85.95148247205358
83.68780780125657,104.52105597781076,86.12279968959963,74.0469049481495,69.25053998308361,88.67009093154917
83.20997726790209,102.35105745735818,84.96546865397532,73.11042707562552,68.67332778031479,88.72029289387366
80.89026299548753,100.42922690078576,83.1068450386523,70.64332534513089,66.70950054031404,86.28355846940539
78.23687850844024,98.3217198906967,81.99103287952471,68.81115548799299,65.3310339402593,84.79655862459565
76.78993239195678,97.19988013120852,80.97698105249317,67.84026697917275,65.13369472442056,85.90799134824785
78.67952508825663,99.72240946451934,82.23986743224071,69.26696748684402,65.57928581438745,87.41801121224499
77.8719093515955,100.53855216796704,81.47149660672648,69.41293657324489,65.91264068501725,85.67102739991759
78.13618985322843,100.3562998964076,81.00130717217486,68.41678369561602,65.6150363266648,84.55640895920592
78.30442395709866,100.71732246194149,80.9776752100572,69.5721629631014,67.84265258546479,83.72460061660045
78.05946408695193,101.10500207984406,80.23210063204606,69.28986030573951,67.9085421753516,83.74739722003964
76.9056679312514,100.94377109199941,82.34483326552429,69.51078476875432,67.66055125811616,83.991331704901
75.80344494110614,100.41501490562736,81.56536465896875,68.37982076292884,67.10653541321068,83.88488541561398
76.26331661986606,101.49781297036391,81.45099629082604,69.19487848942038,67.18988964992506,83.98986281940394
73.22369925354269,100.49816156147952,79.90209358682704,68.15195857387674,65.57371488910691,82.25904603976555
72.53058631628073,99.1529861095986,78.46023910198973,67.24847302214431,64.62882816214791,81.06946146673499
72.86813922864735,100.67444430074983,78.70043192117288,67.02017998709744,64.45278036399876,81.06365136109689
74.30892035400497,102.50934442777739,79.92829653929691,68.63435994548712,66.1265380571348,83.4530469178367
74.65374269785855,102.45435456064092,81.21970503499871,69.57793724117663,65.92886031864765,84.22592113629734
74.30956909589338,103.68552571609531,81.8941333885795,69.6077107122611,65.72909209123557,84.55633124852957
74.45856510006189,103.87102894269258,82.37635198281602,71.38016603212222,67.03729838698983,86.1299221744227
74.63186905032276,103.37675222154455,80.64425028998512,71.32778354715703,67.74393612365371,85.97628454781272
74.24821057581231,101.78901891171857,79.52712739935812,70.39820868724729,66.17587945075084,83.87231658749783
72.75327792899427,102.79696675054699,80.119795637354,72.12519384812039,67.24562387081122,82.62470315663172
72.36412809427355,103.0018400776183,78.12603960040789,70.92767459402677,66.00214951211885,81.50794299009269
71.34565675772805,102.17148084057345,77.48953358912077,70.40729829531048,65.8569243061149,80.89238510725764
72.41075558816354,100.63048253295882,78.04044057929481,69.47295340099701,65.64333564368609,82.18933531585847
70.64472946494736,100.46225030674312,79.1714465736824,69.0774935685062,66.01087962782407,82.28692250905343
72.39326986068122,102.00189379514772,81.25250183902101,71.45992638329129,67.84100308891821,84.16470554935266
71.6278820178114,101.11312829454207,80.04040661398669,70.53079441586208,66.7917876580559,85.49968784564643
72.0834112852189,103.0154610172985,81.5751213121391,72.08839957851212,67.04327330300163,84.96821826158858
70.14726118733478,102.55645039710393,79.89042332309668,72.43349927271184,66.26892745334342,84.39291471350477
68.89477719435287,100.61883439300229,77.87454958333396,70.60330832093547,64.2411360194283,81.66755907051154
69.23161968389894,100.88816787734231,77.9736427645227,71.40914093600061,63.397109777638775,81.89200381176705
69.79078412582633,101.63666364432795,78.09815861564066,73.37171608573057,64.91854318451176,80.83104276280149
70.77577289061044,102.42917406534657,78.17650746493322,73.45361255294401,64.31533205431225,80.58808820454497
69.91711097431873,102.04430719657756,77.90933751971242,71.83569427328038,63.84059467816147,79.62269820703216
70.54656618279563,102.85407720767792,77.80499481714538,73.5657025836391,64.28834889104313,79.99231179048866
68.73486616426035,99.24517612744613,77.04377238523988,73.02637225752234,62.819241226001985,78.58229083301286
67.94726109439951,99.5739310842719,76.92419796149245,73.69759946359808,62.91786457701284,78.31395123422489
67.15929867127751,101.19729470960067,76.28342507539699,73.28880085054404,64.64846444036314,78.3417794737875
67.72892827227552,101.29069468819195,77.61444613720259,74.60233839921707,65.20399868457964,77.55418937115859
67.83905801523969,100.35790824991822,78.57310065715188,74.85237638268276,65.65218735964783,79.16054882837975
67.66293730808427,98.64472658697817,76.45136968119292,74.95487634653742,65.17701923643068,77.76068959853066
67.37713010707444,98.36488812656971,77.05053875757065,76.80918713439442,64.65189999267743,79.49750264434583
66.41249973710435,95.43019313358221,75.77909774180218,74.05723959896596,63.12180446663416,77.18982548988801
66.46657838297422,93.62680858298931,75.23746605024844,74.33457704232693,64.18998165730466,77.0215570428596
65.06152525005918,90.25689653501252,75.01299264720053,73.04842811294819,63.67250778747177,75.11508811173982
64.63064302422292,90.39219951265765,73.6732079755363,72.7101863457533,64.00747381027094,74.53202302193549
62.55354463949368,91.0356397375226,73.86032439955578,72.89898941052952,63.42222736047824,73.96896881054283
61.46552026463127,89.65840232057239,71.6038775767691,70.78387714946004,62.27457888778956,73.44891469681751
62.69063760778291,88.50292038413508,71.98909999799521,70.84861489407561,62.56901173439563,72.87861209559439
63.15583619331376,88.10627995536159,70.91949490475581,71.17031207756895,62.80038223428179,72.97729900351452
64.47119230690288,87.98239997746352,71.11277793480474,72.43866883564863,63.623469745403426,72.37684617017506
64.38529216474517,84.46370922957004,71.01205092055281,70.89429692048907,63.52437341179846,72.31950295618319
64.65224316897776,83.86928974156581,71.58345754314965,71.24529513643884,62.87521776885867,72.32814368039952
63.63227585672811,81.92730681003671,71.76473142629497,69.01779908322531,62.48906737882599,71.33331564750378
62.31488254889563,81.80672021018731,70.83031122353317,68.31913357192226,60.7261098525847,69.5236958236456
62.179830996947,81.48722828622955,71.85097400363895,68.01403144057564,59.97423713873898,70.21178897013824
62.74673815053848,83.16390685483422,71.34250021631655,69.40778721318354,60.20850098076135,71.41775303183275
63.685034578082806,85.42701411710432,72.31171644930221,71.05434300231725,60.73531133345254,73.3000545872064
65.31877506078999,85.5884771183597,74.0160265773299,73.1667516245647,61.70636922333796,74.94815244655891
63.86404741590507,82.73210900198946,71.18906151470888,71.27373442356198,58.584128315556455,73.56631394748364
64.29310515603058,84.05152528238725,71.04481375418065,71.40189838513531,60.08828404403562,74.67115457350907
63.997521189781246,84.5958815311201,70.28827681912979,70.80941022650981,59.43104395538815,73.9945380415029
64.38877461424354,86.35276408913982,70.89107921624043,70.89228381205933,59.99562661410546,75.2696155185708
66.02731880398359,88.19809747140484,71.81976525910551,72.10914617616162,60.43400374144423,76.89156965364378
65.01650679002726,86.81844275492071,71.85537510875128,72.0019798840086,59.858250842472735,75.81817940214368
64.45144830665095,84.89817686231964,71.27462010684896,70.79574919694633,59.669453309275944,75.19055292097983
64.93105426634787,84.1399689674736,71.01310270114824,69.88060444212731,58.97662534001038,75.73850842776451
63.85967110450247,83.46036241064529,70.5973435789223,69.00329666314458,58.75257013028924,73.31297772083755
62.33333671369552,82.0479114790357,69.31215458932282,66.15877101990982,57.79783247735121,71.75616730963802
62.99051370745615,82.09141287374068,69.58019713055664,66.45717462596896,59.20677143214689,72.32859801725219
62.110426586895784,80.84345441855628,67.8026493590721,65.86614592109343,59.243945826093174,71.96714871143423
61.22166079381179,81.90151314283699,67.5432177707444,64.90227809009492,57.46835671260179,71.15992135653576
60.1592201324866,78.9155777242241,64.97480429252275,62.82657318922896,56.069945054239206,69.2818237463876
60.88351970626921,79.01567008574744,63.541727139603566,62.9418960502381,55.64579654608341,68.03576154971283
61.16501759777831,80.5631228730076,64.57577189823145,64.15476660307051,56.560777376988455,70.00778474784717
59.41862021719092,78.68599714758004,63.78749932217664,63.7135652171817,55.51523246651748,69.38223908084747
59.42204046172637,78.75147909425682,64.0917617370424,62.53942717972544,55.48064467326909,70.03806701561788
58.8271843449159,78.79986158695642,63.374682044566185,62.10283799168716,55.22403536373727,70.60069534174167
58.0266189399723,77.81495897836062,62.44580003908274,61.40994843201257,54.74743298726664,69.52256453246899
57.354744625145365,77.6981104445653,62.143183605270366,60.815889205850105,54.665027579278224,69.28740215618612
57.87525687736864,77.04802000240696,62.465811900957874,60.528877756677005,55.0464377897035,69.50053001299513
56.4510964665735,76.8543871677429,61.763966248482696,60.24760488181028,54.97623525636933,68.86367084276017
57.86693242763219,78.73029757968033,62.92019536684214,60.8734568984839,55.61259179859567,70.6725910546519
58.42823747790348,79.16503460205446,63.686522684215944,60.51900722395193,55.461291938150254,70.92193736726799
57.09382094559126,77.39633536472421,62.167984659295726,58.86651112834701,54.4189501491923,68.8020162174594
56.72930922264942,76.64673338780602,60.83512861607289,58.4177694529564,54.313324687055726,68.55053818989443
58.654615689715115,77.36876502360238,61.38425863000906,60.48864883619976,55.504361493393255,69.92661351652522
58.76265206841681,78.01158158038572,63.034653608856566,60.08570281222104,55.11232442811828,70.46431311663456
59.27967432444317,77.65677835612868,62.10783836873468,59.98615945150856,55.01108967782261,69.5857601059594
59.63253705545824,79.03025865498755,62.60606253821656,60.437958982584895,54.880758085315605,70.1060939594909
62.26813422267502,80.7601427389815,65.63419105702114,62.54244657232717,56.68452571383738,72.24764121376107
62.84963880001077,80.60236167706587,66.38692505607311,62.81870014441064,57.519749114273274,73.93288055221342
64.5014942821963,81.56187815022393,66.64139246668063,63.20547580890299,58.78859849557361,76.69074490689353
60.993896970935005,80.28854294015669,63.631717525816825,60.15411863778325,56.401648653922216,73.31772704213084
59.23921025197075,78.59589242794587,62.10746489922061,58.890371140186616,54.45819072856205,71.0525668151323
58.59270925345074,77.89461103884615,61.070428817416,59.962008696357124,54.76271569073504,69.73160888878299
59.69308965907205,78.49991918026026,61.80590279078437,59.97109410919928,55.61984191918386,70.63458877623607
59.05816550963743,77.32482051029113,61.19519703355367,59.45104467441793,54.36558468029125,69.8378843409739
58.881112128029045,76.30035646064641,59.58679385652894,59.70017732939841,54.12223948983615,68.97594710947253
58.01991314675289,75.38926919239556,59.919197008413384,58.0711665190614,53.73902200991786,68.6820230922647
58.831915168507244,77.67621924383921,60.42289907624009,58.885383167319944,54.521896342465105,70.41714530397063
58.52455292408766,76.39926651833467,59.811596950650305,58.73779463036524,55.526556139708546,70.3210234870965
58.885668825833335,77.66630534476529,60.261901459880306,59.39181462270261,55.570268192792916,71.05105764643109
58.86308672247521,76.15979154264082,60.84988996975176,59.62638659196372,55.74029547970027,70.85675219383188
57.5961856343217,76.97297951812878,59.57552813080766,58.84469635463643,54.84763132255591,70.626086039039
57.59361967475676,78.13586332687939,59.71734810855022,59.146836843119786,54.72480469561352,71.06436667381024
56.071823374885504,78.5273908796705,59.205990087820574,57.6722970265853,53.121723995270166,69.95343695624261
55.45255472650706,78.59223972186682,59.36178219650554,58.25982265433101,51.70835036903542,69.3140948117291
53.9060147668922,76.43210309603917,58.31672914588548,56.37012273549625,52.08588015698086,68.43418799905176
54.02983503269227,76.28086579127327,58.569131139427455,55.808027651197015,52.16609222808058,69.6383138849249
54.26629011540589,74.85938123173534,58.595219980545004,56.30267812786584,51.30611553604232,68.8080137618346
54.59262614521808,75.49810387722395,56.59641471505064,55.365657087511764,50.438946488707415,67.96645830939246
54.448870029147166,74.67847681259292,56.192198617805225,55.57178266213935,50.34560825683299,67.29069949745778
54.516413839197796,75.87419884022152,56.26885765080118,55.94719293770913,50.549096794384354,67.59462955372352
55.12348904598935,77.42426437667235,57.03571015252336,56.53018370003781,49.346599670067704,68.97219651459359
55.44712381360668,76.9454815791867,57.062179959184206,55.00927607158597,49.50038116135884,69.0566321320503
56.038524793789115,77.1883191615106,57.068788259689946,55.396470138543606,49.784519264590074,69.47257058672518
56.85875702733652,77.6878485249902,56.203090724420655,55.59984338657406,49.65788081771927,70.06768645760533
56.40885339554874,75.82264268421245,56.693872012054634,55.78942208388324,49.76127393481094,69.51183501739267
55.068811058799305,74.6573212114185,55.65728946705221,55.405029889751994,48.5094531118889,68.74772432288093
56.32391885615166,76.37651443763055,55.545647456998324,55.21588300704931,48.8306716800064,70.443857659971
57.37979146209682,77.19989059685271,56.80272634950436,56.418414171670356,50.71867190318153,71.94725851551894
58.42392048978667,78.25901654917355,56.466032455234405,57.56539754363042,51.72227571088313,72.39822730192738
57.75313869018142,78.21390490086061,55.748809913026726,56.64978756902218,50.6197941214209,71.62525831477657
57.88931957745075,79.3025256687031,56.31083979290835,57.54312896803721,50.72560439073523,72.15817058695151
57.78103430844857,78.41507551950814,56.12251142648601,56.008902843459964,50.92434629578323,71.44320594040965
56.99433415037929,78.42700674018528,55.953413381973704,56.605194007292084,51.5659615013982,70.60166264632439
56.19467740600494,78.08430261788621,56.12287662725133,56.37481985974748,52.18207631575722,69.47242987392704
54.51042787358922,76.60493021327899,55.804462861607604,55.5723148148753,51.53042713259505,69.65032691464523
53.294050320612286,77.15786311467878,56.02240771645799,55.81120307056187,51.4236931477166,70.07639430624015
52.8003745204939,76.08822418585333,55.80816405552085,55.82990541444809,51.19120594560319,70.11394617964639
53.6217419114025,78.23379694735196,56.99345073757714,56.803871398607406,52.46453213992426,71.82551609688302
53.47861081903589,77.71430270755175,57.045807980332704,57.63726217582991,52.93898670713717,72.71216356383316
52.82399725836862,78.21192468841134,57.23704552813189,56.39159543788348,51.86519555242349,70.72813648409694
52.18307362262921,77.3687309705974,57.96660673502048,57.23420994808528,51.22344617841567,70.03239811449579
51.89176081468836,78.84472545057308,58.40470696619926,58.0272381630585,50.79591353954104,69.93732924960172
51.49667050241687,79.11947405848392,56.84868361810129,57.23335533892961,50.56630384417248,69.08574342156862
51.2923087230673,79.36819092161355,57.28775772380526,56.48006122634447,50.256613518933555,69.0604820955995
51.51631825225489,80.03779823356848,57.291302020018534,55.75144240491391,49.572816551461166,68.422989550343
50.506871105504786,79.85820415471929,56.33876920619512,55.34442642296833,50.32670237960957,68.44592974756037
50.5769254467555,80.7997948377449,56.832574454537664,56.28943376259076,50.412689234546974,69.96709087531377
50.59571608013357,80.6277858085218,57.43775639717048,55.9665114938687,50.788896048457104,70.22968781257303
49.72233767391406,78.41086523978048,56.631652467149145,55.67551547783314,49.72999188944785,68.6712157081779
49.635295595323285,78.02533722928884,56.142581736855114,55.86804030320451,49.86214902319656,68.1779089874224
49.955948692090864,79.365379994652,56.61670430663207,57.03828523062652,51.51521553431373,69.30626273080439
48.37647540947829,79.34454229846503,56.97183552563836,57.11944353079622,50.43364895865113,69.40038662414509
48.4982124079262,77.9848706052441,56.35904739921601,56.54757729100393,50.218686283181945,67.87267230485186
47.87618664980655,78.04259402928173,55.257660332365994,57.181133261793796,50.79713203786973,68.34637414649411
46.08129365028415,76.02570820567517,53.86631899617483,56.470080298246344,49.084065292709774,67.48597874507819
45.53969793053657,75.86610091529033,53.534991803307534,55.84884014791134,49.32969434218747,66.67848142334148
45.38229790694564,76.72408612743115,53.54640140334229,56.71341576135412,49.66611555716288,66.61922109396846
45.76273957802693,77.86688734393559,52.82718118759142,57.71665989539031,50.8420635285846,67.69876178319458
45.01232814991167,77.12378306127336,52.97055763271248,57.169576922465204,49.516005728226524,67.13781297363893
44.88454208787314,78.81342683078043,53.859860225964205,58.036122843441646,49.01613284463002,68.76490756129252
45.72319218864959,81.13174091772314,54.542033307921166,58.64587216911506,50.632252485201704,68.87748521778877
45.65205748988352,81.03323224387603,53.99891217143651,58.7784932144149,51.16200819327169,68.54302538011866
45.05141420887487,80.20363596272551,52.59608420324632,56.93397638178871,51.328628013553114,68.55271768175955
45.329739997235805,78.56365571418881,51.89887349808016,56.00036694579888,51.31212551422599,67.52266580595747
45.969111134487704,80.67055575722935,52.743934528652446,56.22846497315029,51.52299330540837,67.57325835951505
46.6657365859125,81.78007624552048,53.87711835731896,56.35754961811375,52.463340125241345,68.66058307867337
46.51108158017637,80.43978231886317,53.70571499182006,56.70328526608356,51.31390253735354,69.10808605965494
47.10006611242458,80.69879043266752,53.520331897036456,58.01271712997163,51.811333321237406,70.19269371838942
46.959326632816676,79.36556448079574,52.65488414243581,58.08774917165213,51.19565689210113,70.07818424322932
47.356016199914016,79.19859025482987,53.48336637394707,57.84600558748403,51.83902735121873,70.85226313348663
48.18573996791873,80.75099948709133,53.4178987125122,58.547001968487926,52.39888191453221,72.70674266201112
47.42849885177835,80.21431170118493,52.77895860491052,57.97557344565918,51.333567452677954,72.22693955961094
46.360037873720984,78.69872057597293,52.56179879370604,56.57651783237949,51.70483104729146,71.11834159670062
46.47029504178694,79.67254617604195,52.363574651988024,55.725553619779014,52.04018555495285,70.7098629181869
47.61252881377819,82.26866535559083,53.01371267579226,56.730072648473914,52.65138324054277,71.56601474606416
46.94341117146354,80.86490402452162,52.844871472568045,56.35715209535032,51.090610254202225,71.8193062663882
46.797892866326535,79.4651706649112,52.94481978840644,56.36585374398313,50.705483703296366,72.16951206773517
47.14068383971555,80.45064102038465,53.88885868840614,56.45277652674035,50.201772709550674,73.38993107348004
47.41723594883031,80.522062599325,53.15323992425642,55.72067871986301,50.00397135473657,73.0557349861919
46.847962043962646,80.39022785702231,53.38708184393251,54.993744529019715,50.391378324796506,73.02847522249867
47.78931964020965,82.99072250437885,54.966088524106745,55.83928579032401,52.19141128093596,75.66294560547607
49.094712451601666,85.56919531502089,55.91113947376281,56.129226503084205,52.13044787639472,76.16735463533571
48.636946976754665,84.0859728029194,55.07273530765142,55.6378019571223,51.973954870420556,74.2111523830636
47.26376008302735,82.64035638092466,54.06281785325558,54.82288960920123,50.35837134251957,73.51452989889285
47.47798319045445,82.41143206611606,54.32375539679736,54.46438504594014,50.0894450495745,72.8500930751034
47.636659232121964,81.66724061998985,54.45936782043745,54.53582745248476,51.087234598699645,73.87371771141507
48.04926153291918,82.95428629740381,55.00523543075302,55.06674571091346,52.746430958983794,73.8109765209879
46.18938527667203,81.41696834288584,53.89545222245001,53.82279840464765,51.336253139364686,72.21681343454547
47.357316630335085,83.84705958239581,55.63120622995559,55.330350862560934,53.1126485096826,75.35935401199583
47.03503243347938,83.46159428186564,56.082023424074045,55.226734433639336,52.968040446924434,74.222659356026
47.88917914674975,82.65106434997143,55.67301542677237,55.22467233882391,52.839674428165864,75.01849362641308
46.596005869250526,81.16221812018598,54.58621905093892,54.32485000347486,52.125626903423566,73.2348158613385
46.083409187510554,80.46680615162632,55.75010841137946,54.80111638279386,53.250232438718136,75.00333550210536
47.6099128756748,82.67096632019076,56.9178455584641,56.14224691838841,55.02461808642561,76.72444879812052
47.33290651082069,84.45233718452208,57.72303495310853,56.459402921067095,54.73826400200145,77.42402740348959
47.12461833634717,84.64597042933262,57.78738892085234,55.79889382279068,55.317963057689646,77.14920368594542
45.87870627090263,84.07755573260818,56.81095043083306,55.333557723436,54.851267747240954,76.577499009774
45.56961860218423,83.6839394484324,56.564525893661916,56.02346586698052,53.82048373329073,75.52520878006686
44.851099998366244,83.97682353597057,55.70311309861531,55.390791993444935,53.60125823895989,76.08009287048446
44.8512185308556,85.63544938827403,56.02975332656271,55.72780269083811,54.20431034728182,75.76424188017819
44.84870140164536,82.93747332018147,54.98971605694414,54.44820286109061,52.8721545689017,73.86843282801243
44.5614554530271,84.26134195103579,55.84157244571919,55.529207920393574,54.03273161388367,74.32583762427758
45.093229257717745,85.83323900011494,56.633049559830475,55.622313313288046,54.646472954031715,73.55317949128124
44.124632070945296,83.29228997604184,56.13620809949648,54.73454323865091,53.61085249013215,72.01557230556013
43.985832200372876,82.3318645143166,57.01370460238644,54.766208208540924,53.06357696187348,72.41524747589959
42.967037603044055,81.15511238304327,56.598744119192176,53.40300959127185,51.71690115445128,70.9658843889519
42.60796079090932,78.92859557520005,55.777433571331116,52.96663085350587,51.68038990633911,70.12216872592583
42.44568129253945,80.09177790455703,55.760654732932586,54.618105948166715,51.88982698519316,71.25189966604762
42.64648723747159,79.44353946024133,55.0158676586489,54.78664944946353,52.398946133611446,72.67609866526625
42.36937812904952,80.48039677538853,55.40880727193321,53.53370941619946,52.64202477645207,72.02023446516617
42.551467296315685,82.38932988506208,55.79656153888681,54.622674381234674,52.90205808733641,71.81091164104437
43.62227553664927,82.29737359354456,56.06962649880352,54.333839320413865,53.10966682546944,72.80569637650487
42.68768103705113,80.84532322650627,54.786039962111644,53.07603257470022,52.29614722656592,70.89582543982657
41.92205490225934,79.28123483389444,54.73445627293684,51.91022256585924,51.28767111856256,69.8630937292506
42.0866353385445,78.11031488149382,54.38228071153124,52.06954077422633,49.52321010273982,70.2429490374058
42.034599695636,77.01016214047415,54.283290195189174,51.78274325354616,49.020703068887855,69.10198286175248
42.23149867905102,78.63850761973444,54.21751835772456,51.66141495155899,48.41286002921364,69.07529470686391
41.39865797086849,77.56534676195393,53.39220129148339,50.366922934587116,46.963997090859365,68.03797127724077
41.74665140400368,78.54298146809762,54.45922109604926,51.51224795564081,48.34253943069404,69.27840034735655
41.34211657647314,78.56749339451997,54.64269092705169,51.05688286363619,47.43737644955891,68.71332677819619
42.09957862171932,78.34102798652837,54.11468974079733,50.534815294566414,46.93451559160026,69.19613475365688
41.50211797288505,77.36664211110127,54.179430927347404,49.79910396046477,46.85431863767634,69.2629809530781
40.297510119729246,75.00633856470931,52.542319140863704,47.84144199748162,46.129808082489674,67.60672171970772
40.02170704612538,73.43198121274062,52.577326569622585,46.999089336867215,45.35603059535753,66.23713642401377
40.73538308915644,74.56948905840113,53.81337251931631,48.26999246586228,46.01527719214853,67.18521450397085
40.2844010669973,75.00308261078601,53.30830941682707,48.46387911970108,45.63071862858796,66.90431737691469
39.959305147705486,73.58566932261692,53.47466316420466,48.287334954538515,46.17479996307792,66.44471732974577
39.826807377774514,73.49945569631478,55.034512184755016,49.14663523691386,46.43865637451733,66.0930330925054
40.42686352761359,74.00822750639801,55.48321927177054,49.178128473751656,47.06360923681751,67.17012663196354
40.78018172166296,72.97553238455993,54.563572792347934,49.47170377117032,47.75292113960478,68.0722605398981
39.93498043227861,72.60264211256438,53.45369612425655,47.88343649162714,48.16341625100856,67.61984915900048
40.44426317116733,73.43461765599237,54.12407490307989,47.832102750656226,47.68484345685839,67.45434902045089
40.56936548774685,73.13858534628558,54.785020786817626,47.513563254234064,48.19333333585066,68.68459912775458
40.82721885079708,74.5617141378922,55.20848791074592,47.62895718028473,48.11213796078878,68.3129897876731
39.9810157692156,70.8251881723001,53.40153221239709,47.14643235570776,46.56535773549569,66.0883885687706
39.974472185875605,70.78474848613479,53.963078642807176,47.27731863192422,45.76700422546565,66.33717250966943
40.25100966286983,71.43168057744103,53.71011763157619,46.95539828224654,45.863811216005566,67.23312911826152
41.102436415443826,72.88210373208092,54.92895454113901,47.55162787690208,46.52045776608704,66.97985922384747
41.123477039722225,73.13239559472318,54.971635236345186,47.49802935915644,45.65778145031366,67.65639023055205
41.6227160087421,73.70140850968092,54.94743913007491,47.60474392653798,45.41242899020854,67.85217283024991
40.484170899672,71.31230634464853,53.05783905025475,47.20431926583316,43.98166516081167,66.06723761142455
40.49116137447083,69.27990489059451,53.10325486818805,46.933544093108935,43.646698361377744,65.04734566275565
40.73195205095224,70.17691488734808,53.15160437716001,47.398685928077036,44.12719497856645,65.87754328622185
40.546594713095786,70.59717408796365,54.17591787383885,46.983364810009355,44.273393121500135,64.99366743224832
40.51341017314177,72.16948616196468,55.42217770535429,47.71376399933709,44.133097151089,65.75323714607903
40.528773360010355,72.82335980761579,55.28446659556823,48.29072709225951,44.6082626888034,66.98407782629627
39.82210308402779,71.16093328585906,53.06134513593457,47.158310524183605,43.940101307695016,66.45741298551602
38.4086627893596,70.52995004666406,51.70810795760006,46.04984586427047,42.866640815625274,64.63445755628965
39.174993173862134,71.83700662121855,51.69359172609219,45.667125287883074,42.88770645229476,65.27234790288976
39.84373739230726,72.46495993576546,52.747278200513215,45.86628320772158,42.6690200770268,64.8837160972061
39.53924955498705,72.05659918728216,52.65947734061437,45.09029310951578,43.807834234807224,64.07580013487372
38.77291976090226,69.22271502537743,50.28330253538844,43.74219591744183,42.64027392539096,62.917917694484316
38.6457749860608,68.5738250575384,50.9225518769899,43.711864531252616,42.147395765059606,62.31881474709897
38.33041505960628,67.66531697895131,49.59514353130365,42.61289578735563,41.55162856029629,62.71375831132369
38.62643108340364,68.26976160024859,50.350358724321204,44.15953425455854,42.206914717698055,62.76649787839895
38.86739223189471,67.72102339141851,49.11040147713961,42.82819286559444,41.4804885446605,62.01403181754861
38.48466109461282,67.47269544367428,48.76834644418124,42.92852706148689,41.49146342568485,60.372063220369704
39.21651718194848,69.3968058183619,50.16319380411863,43.9880716325667,42.04969270358701,62.27487068103334
39.14378168886774,69.32734331578965,49.76980349357567,43.86533742095696,42.27062394285417,62.02483136352475
38.59055704832186,67.97694907567518,48.69898544535777,43.90885001849715,41.93329513452586,60.10108929494141
37.643058649712955,66.91672672563513,47.746842316413385,43.68100806221261,40.74416292256292,60.18578896376327
37.91045195766801,69.22153450470205,48.905221757642046,45.13840201460084,42.150731037091404,61.88861947624176
39.37105619679169,70.47436569112405,49.815085637111125,46.185255706616395,43.88133019692746,63.75788224370754
40.863401228098894,73.06190213579538,51.39220571984536,47.99696273205934,45.56309212400769,65.68808591993084
40.12665453908676,71.98669803902612,51.148138197493516,47.544661386448254,44.07298072279433,64.81166816640429
40.497863163622505,73.43448180993542,51.10620183845771,47.00881933645887,44.12122058153104,65.05025058682264
41.508762906032715,74.65515269226812,52.017976226263094,48.17366852586767,45.72073857361349,66.69439193628185
40.581021837714566,74.05829357038617,51.33946468122963,48.54240388041131,45.21869146995991,66.71925508128
40.707710244908505,74.751975498652,50.843214929632936,48.5749044832632,45.795664164095065,66.08875931879571
41.60149877269074,74.73519870216438,51.38651871226803,48.72810630623378,45.52085245560685,65.90347804624238
42.72923801321589,76.74930566350322,51.367838423477735,49.57475340650547,46.76835334625488,66.47821411280096
43.170664303833846,76.58463208795787,50.71464898890274,49.29092698215026,46.556634502792726,66.48428163143298
43.765549390597,77.51225637853922,52.35001398952346,50.16614572446522,46.94366760485716,67.20902515862367
43.771823493711814,77.54975577766369,52.21148659056397,50.64210151216956,47.38465856975783,67.08250613080932
43.30898959899122,76.63245011071531,50.487545065935755,48.90432075224861,46.99608523005262,63.902782930375686
43.16016215105441,77.45253198983926,50.66020240875709,49.41108271662424,45.96966301686038,64.07359028987642
43.76008783276776,78.17118689257953,51.29888515386351,49.80326061323964,46.7791309795351,66.12458450591801
42.09899949433416,76.70911768301714,50.34345700987711,49.27730013265756,45.5761499467117,64.65199476420138
42.714848392322835,75.57839156088153,51.11960505223196,50.186449483122615,45.78033739189429,65.0477051946096
43.25328170484367,74.57762480716514,51.276175024406975,49.758898489429335,46.2283222931467,66.33586529729864
43.035431077863116,74.70587388838685,51.33832122043355,49.50789806219556,46.91225315864724,67.8492212798029
42.85502517839414,73.77069394018952,50.88016992338159,48.199662162864634,46.80360525528864,67.68261798406974
43.33127413825294,74.13647537394114,50.36703282181095,47.93311149478808,46.19609498827582,67.23928752266714
41.95817563196151,71.36025311923028,49.64682458194101,47.53244654770364,45.15455692732531,66.31747358857345
42.2203860231342,71.22486999315997,50.733308221546054,48.139933580385836,46.376795184845314,66.46590839289898
41.216540731930095,69.2164443675219,49.72114528883923,46.36682817335536,45.26509977344823,64.29754450645832
41.08598116225966,69.86545543104917,49.72784364631101,46.39488586407528,44.86337135718109,62.89335226538146
41.58574825880034,70.5656650911967,49.94791005093369,46.4406038140491,44.49378673368659,63.1217620534898
42.48938597013687,72.00729852105424,50.884715613150235,47.5379501610275,45.22239489999115,63.64810181178572
42.57040300358997,71.77793339152245,51.17868397816848,47.509568502224234,45.72085773705825,63.4994645170297
42.11032063118841,72.72821584640525,52.484895685050724,47.41748322913088,45.249772959504334,63.37720407164281
42.494826543918855,71.66386823266288,53.774202296641434,47.38351124453739,45.82528159247334,64.5628970895971
41.896033918033865,71.06728962078515,53.142106850425435,46.43460382683669,44.8775041905586,63.007363195924256
42.15082482887119,72.34298290627598,55.22957130517719,47.225625827212546,44.98390851974904,63.50769330336629
43.356565044509466,73.37673669463537,56.0366067716132,47.78628546199107,45.767871383585835,64.2362271035909
42.19803645665186,72.66224505387034,55.191307212343354,46.772876221886975,44.82830345956657,63.43320971611683
42.6604704649229,73.44261775737192,55.56278054966236,46.7534573758883,45.672208983749584,64.04944310158348
41.257801425543406,72.09498699509571,54.07620882647042,46.115221599460455,45.29747510015442,62.758706549919
39.86954765109454,70.49759605999604,53.10414253903148,46.84193152604585,45.56462042000263,62.59011869508107
39.15480030798211,70.34680921494014,53.13388941763774,46.537388042505086,45.63519501464185,61.94724790640802
39.5223811062693,70.80424870608387,53.54307056728458,46.88231735924756,45.72657773128245,62.48431472721908
39.17919494223004,70.53884542891926,53.20897115673691,46.90512559833388,45.5951308058856,63.38536955311375
38.40186954254041,69.34685799085607,51.842650110592025,46.0282020198721,45.07265186939874,61.74272505023035
38.63424460511559,70.79901487856554,52.0018264415511,45.98321777936194,45.329659791516846,62.70486975844536
38.43903684470316,70.93573500964243,52.43912152994614,46.01307876327336,46.01981140115758,63.13165508757255
37.966775890710416,71.05678238894072,52.4495900629976,46.30988210436412,45.75957597883221,62.80458476273227
38.31201344974408,71.31017012763229,51.97201824164414,46.11108567344161,45.79775771268249,63.614708909552654
38.43467267701027,72.21743945669002,52.571533110184426,47.00731944953938,46.816945276242265,63.53692461949055
37.68921960831417,70.83218841796547,52.700423708914585,46.034875197440996,45.64745060592177,63.42803320909284
38.04740793089234,70.635585954443,52.58691380847684,45.73104549939189,45.61137224686285,64.26320374417315
37.59506934320614,69.22777631472044,52.423172474872736,45.276992140634384,45.13885293593143,63.52157859775886
37.379299713106604,68.14851350498209,52.06660302597165,44.49903693255501,45.289158261100624,62.631480109811456
37.965850075035114,69.512206134781,51.94721863092121,44.926606322062135,46.503857494338625,62.9025475398126
36.96839303877402,68.3318681846186,50.44894839317442,44.666545428284664,45.201018939764715,61.85001736282004
37.92663138325156,70.13146516729496,51.10090775027795,45.492962860827014,45.581509034465824,62.51584918486837
38.410776548432395,72.38189125176339,51.450708776389874,46.045604206984684,45.713835599311395,63.800934207975246
37.094757960085246,70.27264587169833,50.03930402491402,44.71016262791822,44.73437553519257,62.944730284670186
37.84159900388029,69.44170357258336,50.83771448264,44.8764583434701,44.6534330650873,62.6614393777821
37.62197383392908,67.90173948917884,50.88032811189648,44.74348100827322,44.236910504826085,61.473232290058384
37.77398143796169,67.77495576463473,50.364013818707136,44.14414182976088,44.216080390518094,61.17290077908266
36.842074267741,65.94361320458465,49.61289194323823,42.429655792648184,42.93250111173077,60.034078896847575
37.04901685954162,67.44361089407496,50.10678342662511,43.20305504604945,44.28128912356398,61.471848389806716
37.78232354187071,67.91362458588084,50.64975150663448,42.89303121206626,43.94767560159857,62.88332649572894
37.12594927870496,66.97652693605212,50.33179881164264,43.088192580837706,44.013053137300155,63.48754608347564
37.3109712442996,65.85508649389752,49.81742421699605,42.705542961735006,44.196389896521076,63.7574345913235
36.31695408807579,65.1674354829611,50.57566976639474,42.72939544731356,43.80118455454279,64.2999659560344
36.5711009351959,64.57625896787611,51.20549610937474,42.455376522772376,44.230468757763134,64.99916509133188
36.01850583345537,64.81315630968622,50.429384970996146,42.75687560039295,43.42533454992593,65.05656183041545
34.80522968771476,63.10603597820945,48.882736343679944,41.70120190366751,41.719668890148704,63.510352913218874
35.480613087274484,63.73263784902291,49.22138408129708,42.655242450468684,42.60909585013981,65.09320136939911
35.55784990661809,63.639893576037046,48.60419936013311,42.07556262574227,43.179833565280376,64.26981567470075
35.882793308080075,62.17125692020936,49.00674891151021,41.615214875909246,43.69393100208849,64.46521760283063
35.51705955578734,61.3152223174199,49.56942760109735,41.463087788017695,43.488035225530616,63.270233862732596
35.402703376289075,63.13519452596727,49.57053727658961,40.87619056302966,43.37846454553827,63.10437427604791
35.5995457488,63.05017763156509,49.54174784368661,40.22350535324,43.89232781500086,63.069716706912345
35.79720765009265,62.016405855770856,50.27293103092964,40.27033127013306,45.0291675547132,62.73724945141251
36.683144955072805,63.55980097922256,51.29162311969665,41.29487804200509,46.583101875391876,64.44240465456097
37.82558697154779,64.22468278813147,52.19492739818037,42.19267385694575,46.22059486397558,64.66495966538115
38.398337525740644,65.97497436839198,53.86856166168946,43.045027821093406,46.93576458272042,65.65791716140492
39.57496368148577,68.80141081083246,55.38440780457327,43.88132059978907,47.808453962302835,67.10167662543945
39.732167048012876,69.02261466171826,56.26537198345118,43.75077090186848,47.50613826745147,66.66158130166926
39.93239015538896,70.34791883909743,56.9418882324133,43.88375549775359,47.41938988225096,67.38424813948812
39.740792932933246,70.62973330130839,57.13556446234809,43.448446658815435,47.44212638402376,67.07157140390461
37.81463790490071,67.65993558844542,54.33309347307701,41.57925102665432,44.716873838995916,64.88726918009097
36.83956656486915,67.0238265974825,53.794972948614415,41.74048702183504,43.77253798242214,64.06567886090166
36.7765483696711,67.47136131602068,54.815848606924284,41.70410955079758,43.67273025402074,65.30990053445956
37.46659275272838,67.73583312928665,54.7814668867486,41.859531894594234,44.54917682017665,64.98762636777349
37.35125584550176,66.24863438072066,54.099434036324986,41.826114705695204,43.97685049112682,65.00049414126477
38.69489424818801,67.04125780660206,54.230418935931425,42.43246755876855,44.56375722473869,64.68570357012707
38.70765961358954,65.89332915676084,53.60176256763275,41.62742146685172,44.54277394693952,64.99141195812506
39.15021733203611,67.9616835131896,54.06685164687144,42.77144817071033,44.89007773173697,64.33475356555532
38.68753668393797,68.17043227231575,54.66922227505915,43.19039526532905,44.919354445739756,64.05223123201209
38.545797850374065,67.18738138934133,55.341894443530954,42.7896403068334,44.56435071004372,63.62351348693019
38.74067412888083,68.30072881211211,55.968517325556085,43.617913778045626,44.47820687215488,64.00810885994069
38.99754499774025,67.14790450364825,55.946266302989216,43.14734871858302,44.91974019846481,63.664090696964806
39.142508767639164,68.9551329159071,56.34668146140052,43.159762367956056,45.549700172303815,64.22065052814696
39.751079268055726,70.54445249903377,57.039356180293666,43.449005992560224,46.416150604059574,65.76131762816986
39.874788945099496,70.1542808793678,57.4727462900742,43.00876852166638,46.37030244123295,66.40448688410733
40.271968699589465,70.58566942742422,57.737041798218335,43.22235460479289,47.745930728910814,67.14296427579751
40.7393258082613,70.61417999296836,58.423320826323184,43.47985469178961,48.38602502561193,68.58739929934274
39.87453252365407,70.56810690236127,57.84162920609691,43.088096828303414,47.242719877276244,67.81677127551669
39.59990684366893,70.15437958550022,57.76426360933714,43.029338475841655,47.23489772174684,67.86425600460478
39.74794183179249,68.693401744244,56.67541411070746,42.29564462834058,46.180901438416036,67.20871935836425
40.20470380036912,68.2967798642463,57.04329843362188,42.412023784704274,45.63490052496018,68.3256624539767
40.505218281710356,69.14049999835079,58.19638702639715,43.04547985427095,46.46604350155218,69.07588100124697
40.38291579808731,69.64893731471322,57.96764675594661,42.47263300807821,45.50684693944638,69.49410573225536
40.33923350160986,69.65433120695685,58.9305389814313,42.22068619818317,46.0242771757524,70.18648754535849
40.45170678684604,69.87201827971528,59.540824113089286,42.4320804930218,46.12798385830162,70.44247887133807
41.31419130725853,69.23446590060477,59.6471475396593,43.28047207711146,46.08280375896668,69.80502549992072
40.72715662913491,69.30408461693713,60.16978407279582,43.34872181988869,46.49171083071635,70.24042162285144
40.347518924757566,68.18473342692378,59.47314014782469,42.47603037458859,46.00206143115704,70.35991337586523
40.963118338864476,67.8014706035339,59.31949951923929,42.70814394954405,46.70996813005964,69.45881666068966
41.22957048483204,69.07856889727246,59.81423767566366,43.44414945756609,46.84360889242081,71.17458043357261
41.2115373039465,69.297132362907,60.36521513031564,43.645428246392214,46.97584193468434,69.8463605013091
40.771326374468096,69.41332459156445,61.212284349582944,43.32416448737819,46.735564796803764,68.8320037376278
41.3091670985789,68.97228276323162,60.71136448251435,44.43918118885925,46.84665906227039,69.76705233414098
41.91842766388239,69.56690553793625,62.10263643382901,44.549950600038926,46.559704413791124,70.15804210777848
41.73412344760461,70.33917889743904,61.95313371628021,43.30645464734353,46.17079433963162,69.52200799011808
42.820281433208116,71.48283218553856,62.934682169365786,43.97816595186859,46.38937995855448,69.4307236679665
43.13990078580517,70.99820905341902,63.34527703541534,43.15100566953173,46.082495633883866,69.93266860830377
43.508999516249226,71.26921080912479,64.40559543147414,43.592257511229086,46.15619592044897,70.35214261195306
43.471340263171776,68.9178727338065,62.73738060202951,42.32793210711902,45.07774012658387,69.02170579784796
43.87484088895186,68.36301623873904,61.826089683240106,42.982925260719895,45.34230563340336,69.3923242893664
43.830823047851176,69.09250625812867,62.107386074363795,43.26605855862036,45.79780482534348,70.15035625161403
43.97586899423162,69.20215299473476,62.42129521906793,43.068323247002574,45.86417709257502,70.79192921058743
45.250686921761265,71.23195971804734,63.952569884317654,43.25832352430014,47.028110174465205,71.78262646525828
45.739629464698936,71.9658971342339,62.98841188681391,43.20401470518743,47.04056532301738,72.23383082376284
46.61558086140054,73.00809282312673,64.12881873039784,42.898430212567504,47.91500595841703,72.96555013451763
46.816152605844294,71.50635420677729,64.16648274441539,42.44200208401811,47.64624181639285,73.00759568239204
46.52860293900975,70.00254793185627,64.21934630822193,42.38724568540925,47.28612915262912,73.98693684315145
46.02636083295106,69.49018280107171,64.34654612937233,42.68907069509105,46.87926931931075,73.29489453072834
47.42329769590024,70.23408555614114,65.91819344278862,43.19085564733419,47.081793936985086,74.3991790447874
47.63136534277026,70.25289251522757,65.71141088900845,43.00269246632207,47.39194873818798,74.77938888167523
47.86047800602346,70.09015602912152,65.34917806768867,43.08258792252597,46.62561365548551,75.4761196990294
45.994558524982835,68.25246450019527,63.431088448927035,42.664899545166314,45.3116659143487,72.95934135162695
45.53176605361473,68.22717624725504,63.13889648184697,42.71342771525798,44.966391702122884,71.91181717304751
45.825731090480545,67.68868805661089,62.41199631224375,41.837057477236,44.50025414291721,70.56404838663948
45.597692271305824,68.75483495941671,63.14589415096277,42.07512907791616,45.148880761495256,71.82864911176976
43.991350808732015,68.20229292921185,62.86663067407476,41.62093847624508,43.538127645005794,70.84222628802588
43.883304722857844,67.035366224922,62.36444112108472,41.4826960036995,44.177846874148486,71.03564214971681
44.308249385718526,65.97188966336935,62.941522131464986,42.05766901034941,44.20347879467657,70.84815144119064
43.354802584002634,65.79845554253265,63.73520910498822,41.293183139662,43.746974674719475,70.46763184465583
43.50229122062031,65.42451902525455,64.54248551865317,42.298626037031724,44.54721743206136,71.72650194305075
43.42827055148845,64.45295013223031,63.917649129693665,41.804919391897535,44.97741543567202,70.16753844158578
44.37739324927789,66.75553475888339,66.62632837473222,43.58777399520766,46.636439113764965,73.40453368304178
44.98973179096128,67.84999325363172,66.16922432001216,44.615963521250855,46.63787498529548,73.99580019510037
44.53949960058148,66.68689992694729,64.9765523509145,43.984562154363324,46.625561920556315,73.72212339504063
45.26001658089515,67.51559294757955,66.20676949310824,44.8794910075377,46.64408786624929,74.22487273026253
44.06454045324219,67.37546484898732,66.15011127944476,43.9301275246706,46.010487395079856,73.84775139378719
44.75999631418191,67.4707604894314,66.6320472845857,45.28804843663948,46.40171588523007,76.4853086102068
44.779529289238376,67.74371912182309,66.64573984096205,45.58322444481795,46.15829479913513,78.32678612727445
44.90795274129928,68.31912945295743,65.28987079098384,46.205629759294865,46.57195355738332,78.1901886083211
47.02640375296664,69.63915161209768,67.06331363706627,47.73451816053304,47.20578545465004,80.8563011846869
47.92623879694793,70.56563492252323,65.74474049512098,47.01535481145952,47.53822765046029,80.47733065678268
48.34582637309173,68.82049711711093,65.88780065343391,46.524929073327684,47.26721406605285,80.62630868219306
48.96158944078356,69.4598501205665,66.74189973490599,45.73601197057837,47.09971101308432,80.4980471734803
50.04831598006731,69.39988381086181,66.8159505568875,45.829035574818775,47.910045094611704,81.69225856274443
51.68150103887047,70.84303768509243,67.97638330858251,47.00601626947185,48.325157568931246,82.47978085343944
53.31561640921526,72.16231521985314,67.82420509265059,47.26330619803027,48.56827682249747,84.50589621860576
53.105550315507976,71.70945771007742,68.80267816224038,46.629970132066795,47.81126147234151,84.51649993516527
53.20712347316104,71.67992873756731,68.25885677211782,46.44272463308619,48.1764500931786,84.05605258261835
53.79040860725491,72.55265540669683,69.61990477757928,47.18320763905157,48.598181349776844,85.35257487798712
54.48519216728581,74.10741780437039,70.70171576627205,47.29866366290997,48.50049244381953,87.67398429817636
54.48333560729513,74.97142730465282,71.52289365366416,47.78087932830618,48.94247841851197,86.75281600096048
53.509669039323086,74.19674405195663,70.35899536281906,47.34439749231307,48.21662388403782,85.70214566738196
51.67481596973916,72.56223341652304,68.57550574258825,47.21634694888936,47.565762701124086,83.92222027418522
51.35066955564832,72.35288092081501,68.99586912378027,46.91521301086851,48.31508866927753,83.66829305380512
51.45217442202341,73.20952819667207,70.41563078050687,47.58982719774412,48.27511836361572,84.33075668182995
51.47384139185194,72.99762501513607,71.2578804824396,46.90418422922141,47.860871438827004,83.97981252469022
51.777306629237124,74.18734889799026,72.12476395087312,46.98554894992483,48.564616051824835,83.50417329378566
51.95217880233978,75.18414091439921,71.96115107881342,46.81530717416414,48.6542815340669,83.42999380409341
52.1704597661398,75.2113249358846,72.45594251047497,46.86747323954215,48.99921518336829,83.38339646677275
52.546741142708825,75.32627938112938,72.64163784461309,47.17511945606793,50.01267130624125,82.98255141768804
51.991693469879515,76.41820938680691,73.21189309853162,47.58515676676615,50.32548521675909,81.38716704812379
52.82800124940215,77.42841993837844,75.7498306800442,48.075989134504674,51.35758884166995,81.89171837023949
52.310193012206696,77.79994818007754,75.9800481796455,47.34488278870537,50.58343040854492,81.88194434905336
53.76810493038499,78.45575746999273,75.39020814864466,47.04924022297116,52.10701501565375,81.68975381379637
53.97215109208067,77.51225811566444,75.69557008888867,47.22230126916903,52.283384910920226,80.84325738459663
53.38435815163387,76.7819086756776,74.56623089208206,47.854233036603354,52.077550329574,81.63504379493429
53.63704554483232,78.11421727205735,74.69040512269625,47.4152368072652,51.613336760564515,81.47752967719792
52.51448437336688,76.60403662886172,73.84802363347474,46.342972333186125,50.99145898393955,80.65360679121449
52.1164703713695,75.80072977135175,72.01255511679601,46.103949536928276,50.63983274606663,80.99907654065862
51.11769818026905,74.59746044327245,71.421103225058,45.31386584635231,49.34241050779818,79.38250856337903
51.481934763460046,75.93421177837978,72.05097763989401,45.54204416602714,48.51260187804837,80.30744286894661
52.5389675075193,77.15200269686054,73.18929524085029,45.73284421214972,49.54486641713596,81.68426121582067
53.37428227116671,78.02715638965539,73.6829120282775,45.690747549053874,48.944565398043345,81.75046850711219
52.74219907065382,77.50134601835349,72.13516355564126,44.24183367300535,48.21045629320234,80.32003183970507
54.47294924434535,79.43471487958917,74.09207066805708,44.47272185994228,48.993709783531585,81.35201906393254
56.82224648190622,82.54599202167243,76.77150665276572,45.99309736859198,50.92540145135365,84.150210804475
56.72000983663881,82.79220671503334,77.09727869574287,45.80997622473198,50.73439232152796,84.01340954480743
57.19839468134956,82.4693522445826,76.87678175875665,45.010152924329695,50.888807458582825,83.64068460366244
58.11602081194281,83.15508664418243,77.86736875196185,45.077786191997006,51.933706004144135,85.6851317544431
58.92332856534562,82.55001639792341,77.05166980171187,44.114986136471536,51.921977354526355,85.30514286466975
58.6093734356389,83.51204945698233,77.1149026786499,43.02177879938755,51.2782580553942,85.79089726969893
56.989863527968055,83.13603602142668,76.24882350743395,42.628262688908755,49.89658101640676,84.88281745008696
57.089554897800575,85.02711195652796,77.94398444136891,43.1741784062865,50.27865451854879,86.7202936813668
57.98430323766309,85.85439961369654,78.5098596928115,43.302713161120906,51.40770792649169,87.78428050992333
57.75886496606022,87.09665996587555,78.12598087979721,43.141066666292296,51.82046531325129,88.19272937261509
58.454046021742464,87.68738357510992,76.18535561067223,43.04998722265551,53.42340442534502,88.34940532064455
59.354108546121545,88.93276974773019,76.97866032221688,43.82127058038648,53.91334326136018,89.80132535973277
60.35647847706917,90.46539172811482,78.81430372777086,44.069358161190664,54.43641537730417,90.97679600502525
61.49064047740902,92.52090472646327,78.94850529045593,44.69041239416722,53.865053814838525,91.84174337701083
61.15087237901313,92.88709010398412,79.54817019652168,44.780472799219254,53.85839351815648,92.5557014772825
62.023104169474166,93.54477203770125,81.16066369227636,45.71771956117647,54.420871757565436,94.53493557851952
61.649703444713744,93.42250590416414,81.39008232398193,45.12924913121255,54.372744563317525,94.25412635845377
62.21397583097559,91.89839629404527,80.7057184453459,43.72953964459315,54.36319307737208,94.12168576815107
62.69968380293185,92.75989545181817,80.98676542171518,44.299611913241996,54.520085813546274,95.24711962749
62.55729965677738,92.91186430461165,81.89114523225197,44.421851512110216,54.361704782930644,96.0788831437345
61.95346413127089,92.3324526411523,81.95178021129861,43.64498492710284,54.035091198307974,95.16398859019183
61.17391590160597,89.61364166874787,79.09601568589855,42.73347746930025,52.458677696314204,93.49086042700664
61.03582899241834,89.40404770164311,79.5333248995541,41.96103143193965,52.28861715632898,91.94871985139054
61.58487066873982,90.70934691679771,79.86203360234965,42.1780196892808,52.89655279615948,92.70760300672362
60.09778632659912,88.76025940431394,78.19921853529232,41.69743277118119,51.68701227695817,89.71161226504638
59.53362598355261,88.13895366682358,78.7090344940706,40.971577232379666,50.480354509324805,89.0617042146639
59.4519725004773,89.78052247381255,78.60301400897491,41.677617707926274,50.008496382131455,88.37229528431273
60.50896045752804,92.20107038701289,80.1674606618657,43.14743827646167,51.070083323243345,91.08202444442192
59.4858005642534,90.64708450139659,79.26660738495941,43.4252599999847,51.2609905803332,91.10847648630899
59.112677679855935,91.91470918411868,78.79328959143753,43.51763449399323,50.82790148548231,92.84683957189591
60.23883093906115,91.92821860801145,79.28828096904213,43.78731891717178,51.35704786644313,92.09955287471752
60.46273909735329,92.92542016333142,80.09679671479942,43.83744452902458,51.678025913994176,91.11745395345235
61.52019367048163,94.87467451606183,82.24649971199008,45.261662294107246,52.59135118971466,91.74522912781015
62.632798430390096,94.8505184818014,83.07308723597586,45.87635741121734,52.83820405763501,93.6175161646713
63.79075095019398,95.52074379520471,84.43917274843928,45.95879489692638,53.17179577515427,95.5491453868988
64.04312067495394,95.67925454999796,83.88290194890202,45.77642937241892,53.30060860625554,95.5179221240187
65.09325461031716,98.72907468442449,82.872158176217,46.660659923437834,52.803244501240314,96.84933868378597
64.01637491633097,98.40591191242956,81.13685138786506,45.8779813738739,52.835143049114016,95.74168937777011
64.92507546136758,100.49530257894361,81.92535890025245,46.053398170022554,53.59792741077125,96.62892618811591
63.72241170510633,98.68952298411135,81.19178395626018,45.635388401469854,52.645293750932915,93.85200192519083
64.68603910708075,99.2236630323583,82.26151051767792,46.53868339731539,52.07404699149725,94.2840481288327
64.22875886933336,99.03616374534494,82.84482384259515,46.215440285704894,51.694584635456636,95.64236151127378
64.86709100631185,100.29100727137826,83.27204057083219,46.66221105167457,52.734048648546924,96.3508493867117
66.38512586074373,102.97019201153691,84.21000645866287,47.46420295772563,53.42196608755131,96.7842559618456
64.06421841409443,101.63542470688972,82.56636031923418,46.512411137347684,52.531406406239405,95.00539080183061
62.90659920192929,99.61990421696257,82.19451829836694,45.757733953567175,51.377280623637645,93.95442346927229
62.502128384256075,98.33374083736233,81.76863136342918,44.63802950738352,51.0056545421364,93.32539559473057
62.58699989340804,96.09944625372654,80.83035577929168,44.40986809880105,50.7194119703573,93.87742863520074
61.834713554487266,97.27146172512282,79.05998063896392,44.531362695574636,50.08182186031674,94.13699804559862
62.19833292773588,98.97323580359452,79.47390694735212,45.329179850982044,50.04651499395778,94.03536955842092
60.97294130898518,97.869165570217,77.80127074073056,45.335654028803056,49.15422738645144,93.65030584940321
63.011209930755726,99.56727134973394,78.44689143893562,45.97289001691696,49.95920271982695,96.64337002981127
62.77330479140447,100.8115374561529,79.1345926784635,45.9984908815292,49.76818935452286,96.89964814111936
64.16468749009863,100.79450482144841,80.52557519325572,45.81029513493801,50.762241704182564,100.19945106521172
64.97594539530903,100.1754387345926,79.39892247347677,45.48120269621001,50.84065422175476,100.2350038549178
63.6999223037404,96.98773709007162,77.8257904304463,44.33919720880046,49.926541584764365,97.20251844938761
64.0544043476627,98.5971075915516,79.68048535456882,44.02274572571023,49.236358259257855,98.53731987265485
64.5690438445727,99.17649264480228,81.54434994882828,44.18309224058704,48.714447295312084,99.36487947150125
64.08571165156643,97.18517067261645,79.3540235142608,43.44322331127849,47.56921398026687,96.4091484857544
64.4822678848751,96.85537729325789,79.95188323982488,43.85731635741831,47.730948439581596,95.58468560738179
65.39517907975551,98.60808958489983,82.40214725989334,44.502344007443405,48.53008893935021,96.60254296901145
67.75130601967611,100.87419659114454,81.90632181793615,45.406353783139544,48.667133222213174,97.68931648847534
68.19235080698083,101.08703914112506,82.71825093366586,44.93587829960671,47.905804248243626,97.78088341108229
66.87174563638048,99.12534266376652,82.72041226584972,45.01130291509957,47.30084875933996,97.20822920335762
67.64374304627202,98.81653136819318,82.71193952617939,45.0933562288626,48.03376698319824,96.56078082875192
68.10828607217842,98.78320789862858,82.76126018823327,44.771414842870996,48.91441912442598,97.15886874233041
70.28670205728672,101.13874672874162,83.22138370076804,45.53865429270629,49.49341081035537,98.53262491433485
69.28228047790533,101.43191164390372,81.84977027189804,45.85510406471247,49.1737302654284,99.22254655197118
68.86750971534829,100.65713315681124,82.3943116849523,46.02968897301848,50.01082842006589,99.4259720245066
68.41900096922706,101.30925285984027,83.84332885633992,46.06233713091725,51.09827446716102,99.44828473447063
67.73661091427219,101.48679812790488,83.91443784848228,46.678161048432244,50.67134734110679,99.96224733886051
68.74061010703747,103.40706700982794,85.69719159181024,47.58135793135409,51.90976185125369,101.91408590121067
69.69415000229738,103.56896744941706,87.52622482895949,48.09980898739614,51.860927650600146,101.22542867893601
70.42155705453152,102.28760021785534,89.07039217312945,48.5754167476091,51.437469336305575,104.3540399892638
71.44339808582913,103.88198430796321,91.65481746443095,49.00351143520261,52.039756903928655,104.96592112980743
68.77150736755952,101.18425464340852,87.74130861319917,47.05641058776289,50.22937617282883,100.21145484929029
67.5811111780244,100.91839060306049,88.96288053727277,46.65472982978521,49.8830180274521,101.72162711942562
67.8445800681211,100.69393279150616,88.5616849230737,45.91098849297562,49.10530855487879,100.9170541681916
66.12667385506033,100.91865210735469,86.60309628037692,44.72917026718249,48.531258834886465,98.88963856606452
68.22456802116776,102.57921904805876,87.3618066304067,45.356104400065306,49.19763725657514,99.65675405914304
67.7747702722769,100.31214833957587,84.94553252448608,44.03076722768095,48.471672124711354,97.42733962782157
66.02040884428975,95.6397209388297,81.44604444892255,42.760946826554985,47.83729078758729,94.79871758931768
65.7136058143945,94.66973813102211,82.40436784116658,42.11737741686067,47.30761884940133,94.3531928378102
65.58632664960074,96.39348421956463,83.59895255697612,42.229204632201245,47.93883336275823,93.12152929477537
66.12430827400371,95.38770842717892,80.36529217114388,41.29074812930756,48.20513404331499,92.83245789529668
67.02267236709876,94.61760618737077,78.30460058352021,41.68928502865711,47.86922722666398,92.65948892198749
66.89776459798485,94.45787187486978,77.85830492052261,42.04843512714222,47.82560593115595,93.60420856022634
66.11387599158316,92.34960807358416,78.34487214720136,41.32059250337322,47.431119711376475,94.57179033870133
66.09926892938238,92.43435489184772,77.31798516718908,41.02996180355271,46.428328483205206,95.42164391408132
65.44303503201708,91.57451414596399,76.49203853498162,41.93690431083896,46.339989555409495,94.20731747529274
65.98870529307756,91.03354571543642,77.16996794216047,41.64715013977464,46.321732752510506,94.05630878130701
66.84605018312382,92.36147325124155,78.89752376871924,43.33412391873841,46.86118762635911,94.56035007543483
67.2336216114169,90.93345064679689,78.33762606646101,44.14494963750187,46.407614803170304,95.0411461730641
67.45999990629011,91.22472409348869,77.69163510291067,43.81693075565265,46.49554743073576,94.24031846340564
67.92777990986127,92.23832340357615,78.39051506694786,43.40435393584498,46.58592334440104,95.04953089628522
65.83618092598913,89.6831058970237,77.04834596868206,43.08530576580818,45.35098076406193,92.40019055894057
66.43556601628754,88.01744094605603,76.88827032321784,42.73770135106606,45.24604326023209,91.00941572711203
67.38762567689707,90.18211175325105,76.42470270002221,43.072906850440624,46.311787483027864,92.18426721465866
66.9357191523758,90.98190341980919,76.8713070156526,43.42816703852909,45.776485061223745,92.20065421844815
67.03406570981035,91.3125851503713,76.28850219728078,43.40879334808496,45.85366184931735,91.96189507174958
68.99548528518956,91.16786282379455,76.82253526269328,43.64785112883409,46.39637578099514,92.7617488994722
69.50784459567028,91.00639320526822,77.8516195574899,43.37446479900853,47.37656982183278,91.28827582285979
68.21688814960164,88.67831243136204,78.04940991662515,42.92873330845811,46.944790488237295,88.96043893061182
70.48650612247107,91.41611155403355,80.21374413691359,43.73900951117565,48.01771649837041,92.65146150612927
70.9851854850009,93.78909343032977,79.53836271675415,45.233562925660706,49.30049018922526,96.36737206091308
71.95334286756027,94.20015673204246,80.10170866280058,44.81094778169931,49.79005721201031,96.52145634186647
74.26565246634455,97.56806237608686,81.75782440719215,47.06441944409577,51.261421887944955,100.1395429878503
76.00756528855904,100.15483590672825,82.35180047607234,47.543343133570104,51.150327414457664,102.1342800629497
73.3648530220496,100.02308705578815,81.9565566052227,46.84446848098083,50.38993993500162,103.15483703446348
72.30444639680987,99.6828749163105,82.03216635270904,45.847965820667035,50.56215029582534,102.80695735055428
74.01047627111629,99.78756921676423,83.373626736485,46.00872985144348,52.0116833231296,104.40961548618337
73.12799252651179,98.62371267718943,82.22915418708455,45.52664774607348,51.80905471570225,103.83411785614076
73.6552707080044,99.81890131037974,84.3724016584549,46.89390904378457,52.510015167062825,105.9284391976928
73.82122560033766,100.50777865054232,81.86609079281845,47.18557885025326,52.043119916787234,105.59853851499855
73.29082006417042,97.99069237418526,81.70528666558369,47.07749577915359,52.14585716130275,103.86025681151324
73.10000744466538,97.27512072300719,81.77105393942414,47.647372572502974,51.3101000163754,105.09941140265519
72.1261082292624,97.01601873744094,81.08928092680452,47.81701648186367,50.681937405622115,102.6965710891151
72.77734943936278,99.12778823815842,82.48157377006463,48.476335328286495,51.51737825336192,103.72461827433156
73.64224608885786,99.66974595960268,82.4528175198177,48.374546363298926,51.37643344086717,104.46691612104122
72.74331572122284,98.51916785632673,80.50653893369598,47.959260221932894,50.72180266388399,102.6151511209116
72.44099078860984,99.8019596425036,79.88878167999502,47.31615867084158,51.031884508521266,100.95268762441326
72.1011023989892,97.82543958329737,79.08198671691466,47.52995934556236,50.73722696509281,101.12307073135617
74.140428763336,99.22444120051247,79.86481110470683,49.05654480252841,52.11372801171347,102.9554231727218
77.05517995258998,103.25539675675587,81.18565039308193,50.2311686351832,54.2913578117855,105.667360843804
77.64210530188511,103.1841144544632,81.45396888218204,51.139347246547246,54.11678228953767,104.06722284979132
78.4768902896865,104.67682191070001,81.71623398407958,50.843907472404126,55.53946920218194,107.65010879428516
77.4060879455304,104.20000428283048,82.23478046083007,51.16117260128322,56.00596558546424,107.21256912259742
76.70834579370559,106.55026858547411,81.55849167279482,51.840338984506,56.677828952859926,106.71169948131895
76.5711467981146,107.19545029590716,84.38961990754333,53.34661795871889,56.74906030245248,108.24126611251356
75.9726533667445,106.6461889204829,83.99794363116418,53.95405713785864,56.73081798469831,108.31386421596895
74.77568666431131,106.82780131273675,84.15426883753132,53.49324100465585,56.47880302105983,106.65290346343724
74.94661138870602,107.32292279327228,83.60745289360824,52.321901254038416,56.12633475773739,106.74663956790145
74.19416557865314,108.57781820826875,83.48499480747537,52.12757246530336,55.577594912315114,108.26364426399235
72.66898595200438,108.84972580716683,83.19375343212234,51.40251566670391,55.14360932018202,106.55546803632488
74.3161605183649,109.43050682254362,82.71379777744266,50.845223862413235,56.058152733555254,106.84581810588682
74.35001208092939,107.52539242245751,82.35249908717874,50.63535584645814,55.34948056874723,105.99886591863329
73.23929152276195,107.76057506575802,82.1280540679237,49.777082191268924,55.853661192012225,106.55478242672146
74.81858061883857,110.08793034262352,84.02180048813163,50.68455167902114,56.67589410202784,108.96513540319161
73.22502417355925,111.15691661576251,82.4848763661995,49.69950059419673,57.67182610326623,106.72662621048613
74.40596897005005,110.55940770319327,82.21809186905736,49.03270073394907,58.9400494950799,108.75473390092486
74.62480489235247,111.3110525009526,82.75352345556799,49.14487377495046,59.10515637289156,108.11426727183115
73.36001671517351,110.25580978979781,79.83923745232632,48.71452468293411,57.317087783136714,104.49328929367974
73.21436506615463,111.85831135254955,80.25193627816832,49.053616442988755,56.04164902372303,104.47895056163789
72.5791280656371,111.25029339580361,79.70031875194911,48.80828128372928,56.34771991086173,106.42657938768313
71.86605942829092,110.13464919750078,79.35071392984715,48.84019694308925,55.22054198438442,102.83453818765572
73.69287431039078,109.96586868019769,82.01939702158758,50.27734938742635,55.79523979948125,105.5718359865854
72.4583504806361,110.58178175037199,81.65389682702403,50.537556051989945,55.70015775677457,104.33062007598701
72.50096958570376,113.17501574493762,83.10619931547535,51.26075164203039,56.86768357620719,106.16023141283203
72.91184535435922,115.4218338977445,84.70521766315316,51.88373731130786,58.32159786558287,107.75257976036264
73.14475132937493,115.58246295549763,84.77091784651779,53.69990046858578,58.569153196324685,107.10481002861538
73.38542417661628,113.83134151244671,86.45950947959724,54.50123369830262,58.21810184761155,106.78145799413625
72.45154962451726,115.23441311726026,85.74190601464643,55.153264223810446,59.48246217850199,107.93276515440797
73.55216335328032,114.78210430630432,87.34867783215606,55.39906650218994,59.721400660512565,108.20141538469598
73.90407845838165,114.08919028667312,86.23328457487092,55.23253548342628,59.53140982602778,107.39297518491037
73.17001241655613,114.65987573650918,85.1621258998838,56.16278134778031,60.00208034613153,107.44136612260705
73.37318696731047,116.92535674969466,85.30917246157564,55.990688014037914,60.964531840103,106.98696372924974
73.22815713809695,116.00816793128796,85.06101242087195,56.084382713232756,60.65713347281846,108.56163076522724
73.36402468307463,115.47110526361752,85.56833283204026,56.58145591512283,60.59461400361691,107.65622436037684
75.61127333551597,116.70530622621067,87.97115000065634,57.54058661905453,62.535291432146565,109.43968096638017
73.8582953204535,116.75501693828528,86.95704094332606,57.68305104271575,62.25450665840959,107.26324592607341
74.70682370324838,121.30399789504388,89.49152020630551,59.19087946341876,63.42444367279385,112.09332208850748
75.22346225389819,123.37479219681728,91.03645343039912,60.43084170093596,63.516729755207685,114.34455773225129
75.74105976134524,126.37703451027791,92.74473666617372,61.69898263190563,63.75670264521985,115.84934775219457
74.74896257346288,125.19610347892588,91.43619127297498,60.426957036567465,62.482189918547725,113.05170035185793
73.98753707062994,121.74704798295237,91.5990471027135,60.14830757700387,61.83028743104848,112.45728676745969
72.41651583123969,122.48411247433656,91.25325532663786,60.22835110529909,62.16797198141979,112.01124949440317
71.42672025528552,126.8715730120575,90.46836233184497,59.66548916374334,61.336575339357566,109.17133616783424
71.45174732964874,124.14485218921169,91.53941327719618,59.94793638692699,61.775154476444044,109.06402344337623
70.9332183050553,122.98428879181564,90.58309176197912,59.14385725146062,60.901180166979714,109.7593931974343
68.75939979251469,121.95610442175321,89.34578039639847,58.123302635440155,60.74322699904417,109.23357371122364
66.8585291236282,117.73437088030185,88.40211624907074,56.860311012740084,59.54358094521017,106.24324335555895
66.99606646447631,116.160772428841,87.70452447004027,57.00773900099423,59.37008594182012,107.12492324196353
68.5164728728304,117.8412881806542,89.79837268946235,58.81672717757329,60.69200969533719,108.69267812882482
68.04914770051438,117.18870807929775,90.73807748750303,58.33122793508094,60.86814674368484,107.26071795202643
66.54384145717871,113.61204496176627,90.12117097123645,57.54534381532189,58.24839492463786,104.61910478117468
66.02655125121976,112.80399022470469,89.52829650523519,56.63091896956644,57.623103449752215,101.52055470228792
65.58418427554652,110.41889498584487,89.69702948109519,55.8961087510587,56.76323851968652,99.61600130444764
66.04666944319776,108.42578328259214,89.51450226876904,54.63944110421252,55.49740630714199,99.00452242348958
66.90534631430633,106.79873525709296,89.1872742228758,55.117360788633235,54.92182000775978,99.73060540964521
67.91650364124195,105.8046065376629,88.39354765804079,55.742313391078135,54.391407579368625,100.69571844754323
67.90955455136302,103.48348884775632,87.25745342225098,55.73133851823676,53.57831341369886,98.93744226237838
66.69294982322587,103.32249182876076,85.79043102937027,56.25217090199835,52.646266593322686,99.28429704392347
67.19467132660286,103.63379251379544,86.14217291596213,56.669902601044164,53.39358483142741,99.47856645461219
67.11429167177964,104.85469268363998,87.81585268243512,56.82483794346421,53.77433748516249,98.61889444935741
67.69065403853317,105.3738198291021,88.76394704158872,56.60828173357145,54.01578466593581,99.17493033870748
68.93245040706584,108.00764431731389,91.36087027612784,57.498070802072995,55.029582107187494,99.59991594461043
70.95126144144778,110.92961644593825,92.8957132393221,58.66105216651369,55.44607883159754,101.93996173118003
70.14854413277799,106.8511924860087,92.46560677794403,58.59097048781212,55.6196283251873,103.50313112263864
70.17940757647406,107.29237499806479,93.21524544125725,58.82958324219881,55.50169929027323,104.20756529211324
70.98367404680843,108.24961792009468,93.83467937963077,59.14494605810081,56.27961641817864,104.21615760206937
69.99790476365483,108.97264592005489,93.89787596377617,59.08527763315607,56.459697076619015,104.33923178244832
71.80638298642438,108.66927665351525,96.27770303738988,59.658532668073306,57.16176983366085,103.30723539442648
71.72043759782404,107.50151703481473,97.02853808534503,59.535041552456896,54.9494921426552,99.82978274458749
73.15758526037574,109.248984399603,99.41439567274425,59.74136265799829,56.401066643624425,98.98690762225837
73.60401272814504,111.40066387832351,99.81480882082508,59.71587976335993,57.07387949297626,101.04699428609717
71.16703407183996,109.51710518399287,97.6103326963426,57.613611856033806,54.120358470952425,98.25711426422457
71.22016059013659,107.8990200331682,98.00615206063537,57.24901601283963,53.50730288138869,98.9909268350739
71.71729907259478,107.98851348177955,98.90652874276027,58.5181916143621,55.012666870195055,101.22674771554658
69.4876387025636,106.17308883184008,96.97133730036963,58.199226772198664,54.70984846189966,98.74268188869524
69.83496348901147,105.7383002110642,97.983327177969,58.10269789910015,55.34372053521923,99.10818711547195
69.90928862286135,106.0168763321273,99.19639061097715,57.711740955528775,54.04172293466157,98.32019428254115
70.81977929920916,107.07477968338343,98.91967212132552,57.884975031229594,54.47220871889834,97.55304455078374
72.5558910500371,107.89424933041325,99.27541370261855,58.07872750208726,54.929645170813686,98.0451640900781
74.29712197757705,108.30805761458453,99.67361273890413,58.45089403094123,55.56807582740751,98.38825474385136
73.61149593495993,106.9211367750649,96.92795236463134,58.21169065323936,55.26370982090989,96.60352493182404
75.61226893552593,105.89402969818661,100.54429435338925,58.71266916126692,55.38153009659983,98.03824785595828
75.58165561270145,105.8285359441793,100.804009959924,59.43578784075059,55.61120081308107,97.84953358222181
74.73045631302669,104.39925069354939,98.8817716044022,57.84432311792589,54.405716615004955,96.37536861323238
74.84642884829466,104.55477796690337,98.43967921266027,57.08316463789554,52.86773167989032,95.7150571610093
76.70591832986551,107.10358959829861,101.32716289886996,59.44940720063518,53.05361389273685,98.5040643583084
76.63077896944246,108.58533094024294,104.12758830722154,59.597102755363856,53.20838897552448,97.84698156589174
75.3606416403436,108.34263587107404,102.532964184105,58.92337379935641,53.18160009276594,97.73687734882081
74.67513291669104,107.70694996253317,103.59446512336736,59.025503698957856,53.97321029822461,98.26008075086862
74.90286202718778,108.32429954214298,105.36844810531515,59.62113772388838,54.08708813624228,99.4937378345904
75.50141232394205,108.04669241379743,107.6809300011204,59.87095445820576,54.90802654793719,100.5333765665347
75.47063914721798,108.89447908491606,108.84833057914152,59.90821707085448,55.3800821981929,100.68615724510163
75.62478846256785,108.51160890971218,108.57680926933908,60.193821182535174,56.048991013614604,100.2964875403897
75.60960222756268,108.44697817195137,107.50771928208606,60.11550564313431,55.686291403335034,101.29881870409007
75.90678869731366,110.6523829418313,107.83062638270292,61.67308987731588,56.05554811527484,103.18268293519378
75.12349568330585,110.79769723640892,106.96398753880928,60.58041133865859,55.97892898280476,102.73173764406684
75.71461524701486,111.43210430035928,108.22945222658512,60.24850787997518,56.449886813036315,101.55273914996252
75.95890084443447,112.0932293455461,109.13363752587374,60.16342375496376,56.86169427072725,102.22984461140105
75.36447968141172,113.37720016248669,109.99279175827903,60.32245990844959,57.00599884429915,102.52293619219644
74.62283774289845,113.70273483508156,109.10385967339182,60.655935106566346,57.38610558840305,101.09628240136692
72.98651231775222,112.76697566366016,108.54026931694757,59.812662143454936,57.30772441844595,100.58718498471023
73.39928065959121,113.7786619952617,108.3019478331443,60.36729060580344,57.7003840568882,100.04568383023344
74.44013211588286,113.14715434110087,110.00344585937648,61.769286967839115,58.00103644708887,100.65451694689173
76.08315058990038,116.69243500559078,112.55317719369536,64.11921418355446,59.438759614579176,102.98180571638709
74.96484470286532,114.13370981008813,112.37954924842255,63.227333538248295,58.893400904731294,101.28095699376844
74.02755973517162,113.51877212382736,112.13744463302179,62.65978168641482,58.7788977071113,99.6951660619799
73.93017291026582,113.60949082506302,110.11615417589306,63.39446900051794,58.295551051503374,98.44552913308877
74.19585273618685,111.5814732582201,109.2749506179156,63.06824212685349,59.34351362957447,96.60238132123233
72.58049272468192,110.96336802296383,110.80171600259175,63.68551334360176,60.41906903753619,96.53319605259522
71.54545920283643,110.30710421595109,109.32975298142402,62.1300507064034,59.643726561307965,94.88310526188828
71.48926662549533,110.27271172387883,109.97244669207538,61.551592253730675,60.41842658624267,93.56075092829818
70.71057028288935,112.49233111311474,112.012999552897,61.97318100476592,60.88353005755087,94.2744340714028
71.71695325727461,112.28031669139841,111.7859388011674,64.97393409962113,60.279629110719526,96.47800839023861
72.61199938370609,111.49965841955611,111.13207484136744,65.22476897744285,60.5552840734531,98.92142251520615
70.88672414329822,108.44483521856898,109.29873271702537,64.58355680874206,58.92125698114016,96.14573849966293
72.29335461230097,108.33184864263447,107.76279783740219,63.79957836835526,58.678352678196674,97.04984017769395
70.30371507762509,106.03818053863671,102.95036285444148,61.6574195563609,57.25984525733622,94.21570200859733
70.43841018737334,102.61110961088777,100.47661418931928,61.09526357789927,57.21159467973775,94.14244169616249
69.87211335055657,100.2315844829498,100.79006786885786,60.94087565505309,56.21701562568278,93.59954012198237
68.5336143470905,99.0481388573095,99.22574081166965,59.562709151243126,56.445629398156335,93.03692882374327
67.85925370813825,98.07911571170497,98.97331930817198,59.44633013936213,55.47761386244314,92.15080285085551
67.86595603750713,98.77876114948748,99.1239727804763,59.424740812098655,54.81212395770064,90.4479277083609
68.26990363673391,98.86118019894086,101.07590129601432,60.04341891983372,55.380940906005776,92.56112860720731
67.24475616493747,101.89026439627965,103.04250152120991,60.63744334309105,54.84048690575029,93.70771757420334
66.33643565113883,101.97444668808843,102.15451764102951,59.68832564328344,54.35860375376886,93.60266766724757
66.52909860998241,103.40190015882432,99.60779631025463,60.48847954018044,54.80552153942985,95.07332382631915
67.09212956724683,104.51167280335551,99.3060983945808,60.98619990453467,55.82686072982737,95.28244170033457
66.3019600538626,102.8737938144076,98.53840462237407,60.27632865361153,56.501122565461024,94.80826142797063
66.85302396780992,102.39239320981437,99.18645249087155,60.74968255634422,56.29252388964008,98.24606371851075
65.10253818983924,101.78672157147818,96.88418645438516,59.45524329506165,55.881783764764506,97.4995389632189
64.62753504929789,100.7532415875437,96.47619236606964,59.10533691064118,55.063570766515795,95.92443588567583
65.80894789798354,101.77559437881841,97.67219912488193,60.14830470010338,55.79634491447952,97.45573502351121
66.64063280510847,102.95312636378411,98.85356273836642,60.65589109916206,57.382091711407014,97.30657604645087
66.20603964775113,102.24410814323704,97.27202227392713,60.0558481337197,56.37099607869452,95.53523598082248
65.67882844117307,101.87438721417044,96.29017320220272,59.56719142013232,56.0541339561157,95.28754130773395
64.96722578321771,101.09044841151737,94.52266344874575,58.82500727652796,55.845827298127816,95.49520676526626
63.191899769450615,99.81635710830972,91.49095530115594,56.961617734476086,55.13365242421977,93.30534185123358
63.947263165672,103.56288492296623,92.96189984517807,57.80040605737813,56.02623223265425,95.28984264683125
64.58269759043971,102.62330039123428,92.5644881852415,58.23654724384707,56.186007965057385,95.94140832231216
64.31755626928762,102.05531791210397,92.07180828740363,57.2520705283273,55.39640032139425,95.8069936288893
65.17651335472051,102.58650327476236,93.58347514174326,57.709579979083486,55.85567747741738,96.47181458529377
64.41632788769604,100.57533695201762,92.3864582281726,57.253433953981265,55.0799806605869,96.38934308568591
64.62128500731843,100.69251476149114,93.67531105912833,57.78865054621772,55.767682208511104,96.11507578064496
63.00228865563642,100.68328174705039,92.90881336009397,57.62695667052767,55.62536528750733,96.11912252462932
64.39946519044862,105.83866397759435,92.76070838663028,57.641758717220775,57.17427417285428,97.1068354808922
64.53916776561391,106.18146452963633,92.38997893861342,56.701289133922906,57.908486730212665,97.69869929411348
64.41613885217483,108.69310209282692,91.0365032762292,55.59456559702975,57.28550819594421,96.90922345422959
66.40319379626074,108.8307591362153,92.38663383849574,56.1137462527751,58.95598685040872,97.72156544917398
67.33700983609774,110.32250428509893,94.58659870581829,57.58394073589243,59.453611013076916,99.90661560813804
66.55263658195132,105.98394994299181,93.56986572409706,56.94387375668598,58.079479634421354,96.31014610521794
67.13315527403546,107.51552887307321,94.59359522002146,58.185009084872654,59.31682838546488,98.25980162724451
67.97522792244743,108.71739959426742,97.86654549413058,58.4071221024817,60.51913939942808,100.93306173178625
69.43657657543199,111.25989089729386,99.8154581705912,60.74809883252451,61.72724378381112,105.07437545267574
68.80473520305655,110.43057997144898,101.36297353940125,60.67616272510252,61.010616289848066,104.71398809121912
69.43176053299712,110.79051709787741,102.2174944362486,60.79994894716748,61.25515858372341,104.18640433970474
70.30960387724384,111.8682989751894,104.3175829884416,59.403927198353266,61.32185876464965,105.97968649577074
68.16184858702697,109.64877810844867,101.70534132903201,57.34477147662783,59.7651844913867,103.21253056751581
68.20031850826003,110.83046234184589,102.03255555775912,57.43194719731269,59.72693964590632,103.54327619737491
68.05894356822769,110.24347596930843,103.41278164736934,56.964901434785546,59.23097267425459,103.04311272464265
67.40625505938674,110.15315320799914,103.73576917486626,56.813427661455286,59.436130950106616,102.30345588562709
68.23808149821292,111.28286183394442,104.9702881423601,57.715121580155085,61.128131428205435,104.39746950404466
67.50214793217158,110.18067246981592,104.09334249707832,57.371695565402106,60.30270079932548,103.09826152715297
69.25549582549031,110.39781325074739,106.033875958114,56.69927172129734,60.04137697043093,105.50773688335634
69.32070373015631,112.473992444063,106.9128144146432,57.799958154212646,61.28819416082857,106.50110473101311
67.85238370240805,112.38285354018564,105.5684267171374,56.688204832526935,60.045485611555236,103.92685458475795
67.46199980320861,111.58850608892486,103.86974278169218,55.69086724907282,60.13412323494802,102.59566014933158
67.213709435614,111.45113298612088,105.36994582884635,55.58586841237508,59.94667773143665,99.79551528245447
67.76563310860686,110.92536879504611,106.80265660672579,56.518129154635226,59.3823440032648,98.66052732288063
67.2240429458391,108.27995339201784,103.79232516261244,56.90299929915288,59.451565448021064,98.83617493320827
66.72815316755423,107.75768737311991,103.45516192027378,55.94965810741673,58.240977967442824,95.2134447231004
68.85628300363793,111.41984357402863,108.10179946823675,56.54578822527225,59.18603887794829,97.47328860025549
68.37414631317132,110.38025599630532,108.33679280660891,56.91354527672803,58.41437410037812,97.12822344244925
68.94047652959806,111.4359696229132,110.00916019616817,57.57628806517728,59.0577478868874,97.30191261625811
69.75239850195665,114.77268161732219,112.62990587319707,58.80933760728621,60.197860037644894,98.03629168815367
69.3467561481367,114.1303275089891,113.11977112189918,58.580013717832145,60.94700222614219,96.97027014394683
68.94287459252625,113.86434142034042,113.17472723670384,58.574516829248125,61.26734645857864,97.86928964089044
68.20057585230289,114.06716121907905,110.92087919027645,58.34329731231307,60.32895049172578,96.88197274431022
69.599033946359,114.22350744279525,111.31639251429581,57.7716470007919,60.86601319405109,97.44394429458897
70.12094114846704,114.68908460853623,111.1012491392188,57.509587498748864,60.498347044142484,98.01968666478935
72.09084873594857,117.3824887302558,111.48280558318964,58.59121826013961,61.49148942329687,99.65376508600178
71.98495644879635,119.5619067345398,113.40320625277344,58.54124442271335,62.01894654661125,99.25073045978041
73.58033780271958,121.80863064834392,114.10159472835889,59.87618726249925,62.69254643070963,99.42219679762223
74.41625506883595,121.13650128347801,113.93874136274256,60.47991702484326,62.249161879580406,99.67556031810217
74.65844189328317,124.91515519187175,115.55923622183464,61.04743084845251,63.4259655311994,100.73371706211543
73.820587795852,125.80014958209853,118.23676692955539,62.144604450004714,64.02016212075559,101.75064311498299
72.66425874206475,126.55605798621315,117.90463671541949,61.67212436560968,64.42575022018698,100.72603121787223
71.96146698860437,127.4604610483663,118.19551192634022,62.15672742702715,64.02286336733498,100.26839829940339
71.21754716268521,129.9741040321345,117.65330636174325,62.763032872726974,64.57322338236308,101.41643508649273
69.57084004466778,129.32265468468506,115.80066077864574,62.68807647485721,63.555274825853154,102.37094750187934
69.29740791417245,127.7346499953904,115.31648131950521,63.429806964834235,63.5637140629043,102.97404627135658
70.87241800403284,130.4464368379461,116.61565559034216,64.18639203708834,65.40083370878675,105.28584150693223
70.60946851663351,129.24287441405588,116.13405092742387,64.30851824335323,65.60057426245012,104.98446930474618
72.27429207248842,132.8443178483673,118.36713199929086,66.44121290986635,65.55217622962208,106.13285280571412
72.51129488246784,130.0186966388821,119.8504314210307,66.218302314456,65.86783328786196,105.67693827462972
72.11386441510626,131.361117807219,117.31892423356396,65.42234730735049,65.59623367140927,104.28881319782982
71.8726123956076,132.85582533989535,120.00386230761166,65.59895640912914,65.51191093766774,104.235519693301
71.79372145256893,131.45335852663123,121.53443343766001,65.40498776705935,65.76699560112316,104.02251591294406
71.80200482236111,131.52766101536554,120.06907265058105,65.43921615049524,66.14012380893655,103.03524952172559
72.79205544742474,136.0947465278231,122.68314975820022,66.96682373750484,67.09958551257684,105.048220437289
73.02564228526559,134.30523153674602,121.94290403566946,67.70549118904475,66.9865885960316,105.14254863608242
71.42751447106167,132.05723461546737,121.19652214885352,66.28460727402529,66.40263792107727,104.80938884348558
69.29585949637658,132.12775030171926,119.84716903973958,65.56829090528034,65.70008490669645,103.36846065508144
69.15205302747756,129.57640137675273,117.99998430596949,62.53692266097533,65.69691327001574,101.91233995650632
67.8105562418763,127.04714995065267,116.08916312823472,62.545363219135446,66.46698723402928,99.4878535463532
67.83035136993867,126.61899879283659,115.66639057980092,61.6027198544311,66.50615761414667,97.98932002844087
67.37056090950394,128.67305321697754,114.46231879025788,61.2770326933918,66.1269069679306,98.5283790671166
67.45215454810922,129.6239360038257,115.15717937737179,61.12898756183965,65.64697472970337,97.757249420565
66.8144822930848,130.29921387443179,117.78047227939473,61.49312362682075,65.8368871440105,99.47623881592571
65.88093899852588,125.86974136318388,116.54924202919112,61.0568820151101,64.91883384272391,99.71675856495936
66.96460143030366,129.8249057797165,119.6670681149802,62.561185434968905,65.85151309735878,100.29943487892481
66.47429943280649,128.84193812944662,118.9898420783708,62.21561119995513,65.89219061975268,99.63127652669654
65.1232464828639,128.75556633298072,119.65128354675987,62.446313513336555,66.59926579301191,98.0722791885284
64.44947610622333,129.88583325154772,119.46059948792569,62.661379540407346,67.15968296638792,98.04789527079964
64.38540478468377,130.32455337710493,118.25105243426177,62.25610677564321,65.56722911522998,98.1446995999663
67.84660516034772,135.93729869378066,121.70260278083903,64.09926840234348,68.89795137636801,102.10540990632333
65.93508212884451,135.59495823221414,121.51456643572321,63.58192891849794,67.44586326408404,100.46011685151028
65.91701435016806,135.58705486687364,122.66735362073656,62.326296137264926,67.49742162777689,99.96513803089738
63.901166265161734,133.45925215743114,120.54414177216859,60.8087537836333,66.70720351973873,97.18188347211617
64.30460126638354,135.47309054564633,121.66497361715948,61.08373226795366,66.6387382772381,97.29219193655335
64.06679388617061,135.07776807344595,120.22785982319566,60.50093881896098,66.54092273579504,98.65033922183974
64.01974019150178,135.7976038107149,120.79535308723072,60.91462636634041,67.33464044370689,99.14117781910079
65.32070092465756,140.42192809149302,123.78516002690489,63.107475816443355,69.463442974213,101.42796413497068
65.35740319059992,142.9753733982492,126.61277705178695,63.074133764319804,68.80971159505226,101.73431462646138
67.5700276067412,145.81946414480913,129.09170403861015,64.24872298064622,71.11433547338164,102.69588048654451
67.93564563893815,145.56840203046332,134.2934999718023,64.954220059686,72.50001030420839,102.41931415928622
68.8997230161794,145.8271303997079,134.3997714883139,64.54448497522063,73.3294222395958,102.87380685548963
68.35347972629651,147.10691536480346,134.67717787068895,63.434117389819455,72.85204620890445,103.56140240498323
69.54142145227269,148.74756470505912,137.576269042204,64.40723987239636,72.15947107575536,104.44659809365186
68.83833090022462,146.5186253296259,135.67199539356258,62.95976201551101,71.29073312761946,104.73880135369637
67.63113230450438,144.68115809393316,132.42524642410103,61.134035510811856,70.67077542454072,102.32261653594207
66.407797161122,142.94421659613164,128.50201359278788,59.78548941261416,69.45831712411217,98.92086859194394
66.01391935297215,143.5706173598705,129.43664100578548,59.98915729090078,70.39159363340221,100.29638461178384
67.20079425420066,145.1829038984269,130.7935137055146,61.81786823413396,70.81690642860917,100.04287407753903
67.54730651734657,143.2831593281516,131.0012868872893,62.15066397494454,70.44712614763155,102.26474815743221
68.11765226310817,145.01941072983627,131.76291255779563,63.66640017447642,70.91568027528017,103.49085179826902
67.82257577780886,144.63470825549325,131.73536878521384,62.62827993104598,69.51262991038033,103.86431961697834
69.55041757079375,144.15704612151265,134.3321904833458,63.883147146376956,70.85034872425399,105.53329648169566
69.53614955966115,144.83133749226616,136.88873411446113,63.279803406241165,71.02426551867404,105.25950016520228
69.77823992616625,143.4242344228078,136.5777660721907,61.87253642133195,71.98158922507233,104.6533239598061
69.80044477011612,143.25902010480203,136.64724359207946,62.07796597250443,71.22579153072708,104.23758785324951
69.71504419875421,141.11236630491032,130.37269722108178,60.949841751596004,68.90056317748093,100.91416045982183
70.16562108030101,142.2490480383478,130.4461502214066,61.14706567311846,69.16916860546291,102.05270496205218
69.7515346410487,138.0712219573801,127.91876246635061,60.419626833462225,67.45266480513077,100.23609965103255
71.91149907872256,142.4429936293621,130.52379850793304,62.07046729220232,68.78405354769146,103.82199838320399
74.20451322509275,145.13249231299244,132.36816010206118,64.0456285418734,69.06445248570931,105.99653532956533
73.93491930328146,143.69315727505943,131.55144636943336,64.3736524951283,69.93217645533664,106.39432733070727
73.21598636842543,143.97719998820514,131.9663639543504,64.97538276755431,69.6755090169911,109.47218211639485
73.79801525918909,146.06046179860033,133.08610306147617,64.9381691725727,68.35978603735411,109.68548779199479
73.45749763057755,144.42015732272333,132.80030415690007,63.80897293388079,67.49742328719391,110.97825603206937
74.0313205586824,146.89728743289902,135.15384001553775,65.94304352222169,68.93375537949657,113.7771347861544
73.66485855907558,146.1874651872119,133.26448273510567,66.96153764827906,67.56995503911766,112.76535652528742
73.25760050636076,142.81963217833786,131.17649323594512,66.9327580081739,66.57541109176987,113.29976293660839
73.2145153368109,146.3608833310461,128.2827529901281,66.2692020625127,66.01422553840067,111.99863195625414
72.79306332205626,142.02289634447425,126.69052403231214,64.93181144917946,63.924049506192574,109.2683699054468
73.3045418415058,139.1271943885678,123.17693442020374,64.56632892310542,62.41293061579146,108.33666943420583
72.41088326926999,135.79794562469942,121.47601465704456,64.82333772774504,61.55781962192424,109.65298450208167
72.26243305075057,136.90876631379638,119.83086293879654,64.01054635553207,61.860137835639634,108.06123451910165
71.79376906782991,135.9184110562399,117.60341464010575,61.98032478518361,60.25673550556713,107.3881000144638
70.95581824816075,135.20470405060445,115.87641530537088,61.74848015303272,59.60005484230538,103.51054577133817
71.16809994163776,135.55954441852728,116.59233323948682,61.838986329968954,58.5846318704968,103.09194137204265
72.13339337763223,134.714365218043,117.79951433228581,60.6117271578791,57.820434403200814,103.71561538815584
71.14970388850922,136.09648188079206,118.40466689298172,59.959530909631354,57.73500650742629,105.55379366989757
70.7356067134827,136.6699142044941,117.82955825511685,60.26415675906443,57.81196788739769,106.72779897938013
70.48034611262355,137.9447584982234,120.01353744153155,62.26865992388156,58.48157335966866,107.53519925306325
70.63394724601659,137.08084739450064,121.09291769665967,62.261119872853946,58.70140959015512,107.64961286614451
70.83612003402696,134.76510872786287,122.14141078342175,61.97394333817574,58.73131085349259,108.85973261971917
70.50410385278579,133.0745507008677,119.60834488966502,60.2863757791253,57.42797587190778,106.06524582016667
69.1733866318551,131.99196976649813,117.59542776761126,59.21042139033688,56.452053202325494,102.94590968978574
67.68215321319458,131.14584053583718,115.95929541856219,57.2827382953899,53.92175423000587,100.58441466428988
69.18051890214367,133.88054331498086,118.67786651835883,57.073413213684205,54.88504153254062,103.86178657433919
67.63396060003444,130.44035781959604,115.26065653076368,55.964674154776326,54.62672933830173,101.86127924165999
68.53858960833043,130.81567537247878,115.45641102960528,56.44778491461307,55.26105603373862,103.80861588361027
70.41843613572088,132.18675453136407,117.26716446524362,57.745069836015446,55.75450366844172,106.07477622149983
69.39606779189897,130.82693927154875,116.53576468415642,56.5678278817416,55.09350890228264,104.70867570664277
68.81783189150113,128.87259016933444,116.85219872055112,56.63543774851678,54.989844719032796,105.110936023982
68.00166993399782,127.66093958831578,115.77398423416628,57.305045674107994,54.17460000755031,105.01639179828231
67.23715157841477,126.95488042718956,114.50597970230741,57.164724477883226,53.57795911160442,103.53856635594127
68.03678167686775,125.56205194091868,114.69745853528312,55.83294546751335,53.410027592877995,101.68298519416504
67.18161791288328,123.93541269712313,113.68800048235228,54.79354233233281,52.68924904093172,99.33802334055339
68.14973897020238,125.04273187451922,113.15898528867996,55.77812035845685,52.56172603836533,100.95892586453019
69.39592456902194,127.05047887864714,116.14412603785719,56.3921089204446,52.92904398286228,103.02235517665781
70.6908311775592,131.21294008458412,118.97473457834388,56.469564781163754,54.06762820230531,104.51957211416683
70.11516434939409,133.20880753253527,121.54197956344753,57.40972803651134,54.691070634943614,106.40445935753608
69.1483736116498,133.81300602161556,120.61277973939558,56.77936009706017,54.74111361927703,105.3929097830913
70.82679696139971,135.16285643694854,120.51772188885283,56.12812575100737,54.312836508138126,104.82963479321953
70.85986041279435,132.99525771441913,118.74532780343772,56.485880193872205,54.57064365375054,103.84582197732861
72.14840596882712,134.40151432941764,122.79290415290954,57.873347054130164,55.914784322319356,104.03975909561409
72.31078398151105,136.2400428012006,124.21860350046491,58.19444985265538,56.977204912872864,103.27906517009474
71.45337243184628,136.37993506461942,122.49213655774484,58.22218042214093,56.26585692615189,103.62022220485866
71.617353620134,136.1767657666475,123.13826544284454,58.306536473327256,55.68882329050657,103.93175206241392
71.87230399933662,137.7292457501873,122.16283386407002,58.02923843323847,56.464657727016466,103.35218831919289
72.70649299485167,139.15710179253534,120.35525468661979,58.81398904342841,56.426060077383845,103.19968880109477
74.38967409571495,142.5375924356558,119.41752910102461,58.91887826920178,56.85751211188628,102.51227947056786
73.28699030225864,139.36489618603406,116.66176902200971,58.161673512822176,54.9323359653048,98.71290456509942
72.00938443409147,134.86660913610473,114.32540814905235,57.92289770036339,52.96380368617388,98.49418037637616
72.99372759940627,134.83562504173375,115.27602220283704,58.05836497510958,53.17540400020947,99.38872048458207
75.75258676965711,137.2415633925315,117.48745818518739,59.28744257228069,53.9354931971957,101.95277526292925
76.27597200509042,136.40490273226885,116.94080396070414,58.99321849384675,52.990450423478876,100.55728673482241
75.32939669119409,136.92815883878566,117.65805396645479,58.02482164021721,52.865196315578494,101.15086100319643
76.64516051874512,138.27828226122998,119.12372012397792,58.05641368160559,52.9084448352484,100.98108483743937
76.04471211468848,139.52546374827457,119.67986990486885,58.40748240143894,53.0884679852125,99.85129873705226
75.24070900371878,138.46679959693765,117.5247320504037,56.75581397199145,52.99699997527757,97.10607916837898
75.67132580564676,136.852041464935,116.81656415062325,55.91505228292136,52.24237446909723,96.12808651795359
74.1121420446244,136.49246714392098,117.2529861285116,55.293781843206325,51.898325870976585,96.12515213485051
72.82365273930478,140.393729993641,114.03730052480009,55.10738255463617,51.473050178769455,92.95388797741056
73.95581582289081,140.31400785404128,115.26847154130061,55.489697394727926,52.00537795626833,93.53001915926683
74.42909542319488,140.91602646545797,117.44978679718206,55.57697542933535,52.08691581054116,92.69036026726536
74.42558783168593,138.05956275734326,117.2747533962453,54.6937016976237,51.54592995999315,92.23552856486025
73.52977827149927,136.32675168373535,115.74250553920804,55.012941339538976,50.83630538090123,91.80594546425002
73.03964750051553,138.4567100120142,114.84049607548098,55.904962265794616,50.18057953274134,90.25921192683904
72.06645692065455,137.31128704110668,113.30567135296694,55.910409265772316,49.7761944436027,91.03354038082294
71.57463621480227,135.794797679475,113.28493738702285,55.30496760185775,48.805986433611245,90.41039541427706
71.5696794218641,136.64360769658185,113.62769127403979,54.68851148967795,49.480363767962686,92.422622263202
71.688573715497,135.16161848676134,115.62242637443288,54.867934952960304,49.006309550803564,91.32726290002147
71.31076584343865,134.86981523994916,116.83685739322152,55.017812023803074,49.626867357070296,91.68965090291844
71.41797535381434,134.95552100708838,119.71859065769937,55.7138736892042,50.195611287038965,91.74249682236751
72.41078602354146,136.86456967643107,120.32823686946072,58.3942211211973,50.52058670116191,91.69447019168564
72.20163119983992,138.68970230821864,122.50159847388572,58.972232396912254,50.73720685510954,92.96645771541982
71.06039169374081,136.18562718095197,120.02975907924767,58.12021595114763,50.094700581844684,92.52596887100842
70.79802239879172,135.47444616280148,121.42378674222095,59.654909855678014,49.84389423241472,90.30133693475041
69.95155612394021,132.39001317409213,120.0261217966343,59.04532294881897,49.17818883529921,90.22239320907464
69.6343069880599,134.98154793331187,120.8327423375244,59.2114088336595,49.97951471302877,91.98897700036038
68.34824585281817,133.81011548274407,119.99741398188077,59.114330916216794,49.14704447553084,91.91812052092567
68.55031234530962,135.83101484091134,118.94308564510476,59.38354061663845,50.34662953374132,91.95136003267696
68.33847770039988,134.31061679202566,118.44749287719756,59.6223170739744,50.612529794108276,92.9795443079994
67.03932698160915,132.78631331833938,120.34369787407167,59.8248102302794,50.39735629816581,91.37529122117519
68.28558256714956,135.89711506749467,121.11809991884114,61.404942774149156,51.2402405990881,93.72289702715636
65.49479746747448,131.1589162404907,117.03931702752071,59.683194863728026,50.494072507285814,92.77611001747111
65.13750138935269,131.41528440837973,116.2369270565079,60.16681466035308,51.51614174415,93.22648701966699
66.29471367376713,132.2644378571259,115.75723455564447,60.330540168620246,51.821489544214614,92.9075164221534
65.9203089071311,132.95106892153217,114.8557633952815,60.35497523109842,51.09140988618922,92.7850428027946
66.89064775474571,134.48338586332292,113.73884087407522,60.315811576328315,52.514600012206536,92.80266433244674
67.03576377780811,134.71324679868508,113.2324425261117,60.2642478665189,53.00801541014986,91.90036412129007
66.54683896613409,135.64966143869256,113.74111705491181,61.365291158187844,53.64346668887598,91.24125591623996
66.61500138615932,136.3783298268271,112.8754676675965,61.4455216161767,54.16554341759528,91.77654354021304
68.89440589161856,140.64046000942275,115.30751106943087,62.914308782502836,54.29265528151294,93.46181146687752
68.46709223924219,138.679472329454,114.66754473667413,61.20087523265035,53.553060657708585,91.87061567608816
66.59034872467888,136.68071818604324,112.02776027402103,58.884034148162556,53.211239686257535,89.7529760712192
66.73246489671992,136.74620976445934,112.83765925591297,59.18273790857648,53.31460590143919,89.29235569352281
65.32553215031454,136.80640091775436,113.27451092455355,59.38476711234059,53.575162410311535,88.54195296347554
63.70385405371408,131.77738150898918,112.32700274508449,57.8384586133084,52.063530575604204,86.6868256476276
61.55304917604472,130.78039584421285,109.36396690816609,56.56719671400716,50.688275388972464,85.00451794489697
62.37857253599525,131.4781168801965,108.9197055469634,56.049356547642184,50.42258190746459,84.27409672435837
61.428651510422235,131.7615152534737,107.41993087359359,55.32997514435316,50.32073262534771,84.94842032916237
61.97554622239511,128.81735202632552,106.28078501052215,53.700053640577906,50.35707498535767,84.29059891880397
62.56084173420862,129.18513923708622,106.36223606452056,53.66326987521623,50.909126329861195,86.74730189600415
62.62798386472275,128.26726369154764,107.50851798306883,52.85760259107344,50.975453385955326,86.90596178624713
63.28812301081963,129.41987695388124,105.8241236797107,52.37894799290193,50.828060832329335,84.77126535826854
62.6007165010853,128.36918373001635,107.25051040275818,51.78992413245197,50.773781176358625,85.06537471114595
62.127864002248,128.3972649568788,107.68750939750801,51.97462357792843,52.006000776345964,85.43984127580653
62.11354853356032,127.90116944081038,110.35748028654793,51.420607726172975,52.364143906412785,85.71883614904091
61.56007260718776,128.04496425194867,111.72101228149779,51.15585209685087,51.52956061264371,85.50443517487615
60.5038982399726,128.15184114267456,112.1257102320544,50.37900425210753,50.837725861438074,85.53100698255895
61.11504880596171,128.11506694133124,110.49630475302784,50.611778432258866,50.22014598360584,86.43053429666794
61.44560942799867,131.08544840934863,110.19915859608007,50.63095302393335,49.82113361380234,86.48239869316242
60.71994824295259,134.8371467501745,111.92241201173115,51.5283735426571,49.88698464665012,87.05986884134974
60.76575453828255,133.64226459389533,112.71337815857599,50.977241612909594,50.46788746242236,87.67784225118234
60.45110642207485,134.0239786800578,112.80142064957018,51.94109672636673,50.077233695499125,87.90327057737841
59.49341279623225,130.5528826335119,110.88048799333465,50.494126865104306,48.84545512972846,86.01989429306047
58.97816849601387,128.7084843970806,109.7916300749354,50.00457346383713,47.616270754367136,83.89590531554137
58.33614933762436,127.4648836501006,109.48460408865492,49.99483522333314,47.34293605721526,83.69810865306047
57.31460636716723,126.81543997671837,108.33949093042473,48.01787499804499,46.89204046332408,82.06899619497241
57.35943209635894,125.85461754882122,108.52268185389649,47.89570136230262,46.608332876019844,83.58886258667842
58.02091103410456,126.22987533968175,108.09934569567469,47.972100772249895,46.618785906249435,84.02225814865045
56.492618816586464,122.36542148060916,107.36393715744018,47.37515444510092,46.04464816219881,83.85234516263239
56.61364508614406,122.78981102421457,108.07659306564321,47.589099942922104,45.75050584382452,82.91939477816304
57.774590943752976,123.28507681092158,108.32656069034053,48.09933628690862,46.527596069097015,83.67247529096025
55.9362941816315,122.10648435929687,105.51530952267733,47.25424172848843,45.71761219818537,81.87773651180325
56.84176411081709,122.68908509553431,105.5549124121767,47.16339935355901,45.85137801977198,81.65628052032746
56.40525464422823,122.03882503037917,106.12774714052787,46.92779557116742,46.09004603996741,81.75272000377171
56.0727933117743,121.66038315668796,105.21022251879481,47.21816234656678,45.54153593641703,81.03723813004362
55.68859050597954,120.67814947174111,104.39977331089455,47.027641145723344,45.42039846147049,79.00810169524453
53.842386670943895,118.27533789057111,104.84709514329151,46.29342854063054,43.97901306245211,78.63487309973192
54.06123980094785,118.98736605990895,103.90725063627164,46.40296248216052,43.89932752444945,79.0859392712389
55.1399733166056,122.19735077760464,106.88315615150204,47.597186478214844,45.28750671108829,83.14034282404957
56.46600147166719,123.613644625846,106.93635518855832,47.6850787014394,45.516819997049545,83.50112452674665
57.37494289679634,127.01356035391368,109.90636465432131,48.987148372532694,47.06838383575758,84.67822826719372
55.66357425448471,122.59270876891688,108.53188357843133,47.4726600614802,46.06229940863169,81.90797328291012
56.55945562979566,128.8877049603298,111.26096474492195,48.84547740870584,46.885024850616325,84.93657399283269
56.21684919581333,127.91539119432467,110.71044220814828,48.007756596124565,46.864513671819964,84.7632525893741
58.329350649283455,130.82128438733616,112.36535136039431,48.68469867614543,48.08076988082173,86.89163461148365
58.6548969322134,132.46702085449988,111.68135071487868,48.29913722144456,48.328730988693444,87.67644343694538
60.31437147148633,135.87114891518362,115.09371412095949,49.88312085592146,49.36219172094095,89.24558750022452
60.62206197821129,135.3558027843631,114.25625015148219,49.72496883068898,50.34262761086167,89.2183660080321
61.79747040851219,135.64107431438697,112.77179602348863,48.56061344155874,48.93096905996545,88.70151895163052
62.432444038764956,135.05389475317867,112.20862207939776,49.22719049769953,49.51977912331815,88.46772425307181
63.44999509481679,134.92473123744637,111.78476544060759,48.455555706033145,50.06961159281987,88.30277983757654
63.98151256337869,134.43939738910976,112.08028905011712,48.775763112654396,50.03494708653441,88.67462458641742
63.6107603198943,134.8136796819973,109.9831872657463,48.207905295959826,49.61042117075457,87.81453537705043
63.49341140825173,132.9887685243084,110.47987480226134,46.80192507535994,49.04006171876259,85.10942904084536
63.91981334634413,133.4005008719012,109.93268336686135,46.214729789855255,49.046785283089946,85.73354101766326
64.20521822674314,136.32508401926947,110.61646413371032,47.10504610033922,49.52298519812369,85.08005811913641
64.98699424849451,136.63043054090812,109.24970067897345,46.736192025789634,49.28808813523627,84.83067625673303
65.82373736902703,137.91158679620912,110.90781884048167,47.27407672163626,50.35460868994821,84.3965725510299
65.08859203861795,137.311817340455,111.17535593641044,47.364485967468696,49.50991303585206,82.74108610862851
64.61158667056274,134.4842666216988,109.29797031493418,47.214066959327724,48.88741490427409,82.15259204198706
64.13764063043624,131.72683130158808,109.34650492282694,46.5782375911848,48.51725621959284,81.35122204149562
65.1951886100113,134.87740870293095,109.70235733679912,46.84923534957091,48.53119001481628,81.41153906259244
64.60095726355682,135.7903832236834,110.21605530626209,47.082420393998774,49.041560111200006,81.05120455289334
66.10704163474283,138.20180571995402,109.29628953258246,46.93721910315818,48.173562888221994,81.95564493491334
66.86832298681345,139.69512079701514,109.95684401171425,47.631805884847445,48.86919834750019,82.31762470981901
69.4313948916673,142.2264211791544,112.64665350073703,48.362685587873464,49.57081977343193,84.0251126165636
70.08582548470697,143.61236758179487,111.78043923874715,48.55680147482788,50.17219322901096,84.56142310502419
69.59053245127889,142.86644216286945,110.10795391947421,46.98704842752088,49.01552125027129,83.20523177360812
70.69797775192336,145.87575863403555,112.95407756690891,47.43269275690443,49.69659209328501,85.39815331969344
70.65147957479117,144.80631983503503,110.6026666449593,47.447203347032975,48.72198665062133,84.52682123942118
71.25334224676554,146.3915258558932,112.17893336937574,46.75713720981176,49.23447675736776,85.43077184807186
72.04017258757985,152.4505503095256,112.80450335915371,47.03712092068299,49.250330090051996,84.46956065801191
71.56846856336854,153.75440688721335,113.45261823313069,47.36556227711549,49.32488240859091,86.10617969486077
70.97519015332294,154.68112494363118,113.41094115630224,47.26446463752556,48.70946924848113,85.71006807212332
70.54229789306288,155.25455478994607,113.38648176444764,46.56774158229123,49.954286591067,84.65877142634251
71.8998886841917,154.06996394552223,114.68115202644499,47.384473807832,51.15267816943719,85.50481137822503
72.40939877437039,157.69239082308235,115.68549237338065,47.93425963797414,51.64679050817482,86.58647555864228
74.5150270733018,162.58235547932537,117.39284870497026,48.44514064293084,53.92753512206173,88.45087978050607
75.27401132041567,165.02652458869264,118.23815884790561,47.81837976093276,54.58417579123323,90.08474644989872
76.1007493924631,168.32111878008942,118.23887053181807,48.473544325862065,54.17859977417949,90.64839926987678
74.06522670907907,165.19824004225867,115.23309878675936,47.54510287247991,52.55355694783967,88.3215043324151
73.76158541369023,166.70525765426393,115.72295771287118,48.685594858790466,52.54752117661348,90.13763042884123
73.95919803826943,165.32854594671608,115.99082339942096,49.52746003613081,52.917127876851055,89.8322926785686
73.74832884691544,164.06590903664483,114.26621492096216,48.84758022412259,52.32661432410692,88.33048185473086
76.76972644764889,169.03917943320909,116.1970806735288,49.54501655030978,54.5334328272069,89.69794085777568
76.09120859960078,170.00522583877256,114.81812088243406,48.90383220395068,54.30784668350977,87.69683538654127
77.30377671203435,169.03061089822197,117.38175177237638,48.68276263092724,55.729676648664835,87.63928089111778
77.54416713574051,172.11332718292863,122.48044916009209,50.09303556185386,56.827728913077166,89.56773215212894
75.89693339726412,172.91920898454666,122.9304384512154,50.92441896964273,57.21956540474199,89.52904180264747
76.96133002929203,174.18790996769454,123.48210542708428,51.25801680771718,57.7487124201565,89.26778941804544
76.85239109320395,176.52867844074797,122.07957119950281,51.3177603487967,57.237052757817864,91.17331004358485
76.57051672084474,175.37629467376212,122.95356768800039,50.92631790829405,57.64080983976654,92.29180749126125
76.88538667362343,173.13554619959282,124.89036086320957,50.59059840363809,57.66933575489675,91.60734544060445
77.84613638810731,176.46362236335312,125.6102682845924,51.56186288018366,58.01357604509495,93.52530900841934
80.82614610419789,180.55070065033308,129.47489470490993,52.44366830367023,58.69827037886815,95.91452325256358
82.33338129677635,183.9306366499848,131.10300073008466,53.15685418530973,60.099555084873245,96.59571269536417
82.97785938316747,183.80532370662368,129.09798259851004,53.42396793550477,60.39853885033624,97.71802135506749
86.13781636000583,184.99135800362097,131.06562202406124,53.44880651325727,61.40634681811,98.63115794952152
85.88293175930492,185.04121545874202,130.42335774415122,53.76289980414703,61.20266641159022,99.59624912292595
87.57490653513949,185.2765473097894,132.81889994818974,53.521881006679244,61.76493898760417,99.81397522930831
87.47989023518551,188.25756227116344,137.1697229567781,54.14489468752668,62.4899196463926,102.3092794136327
90.4549930723833,194.7966010444437,141.5865858576203,56.831077296402746,64.04584258132829,103.82501385236938
89.70209586506662,192.1955539195862,140.57753553994513,55.86111957970525,63.200771991294836,102.72357179416807
88.81805701226007,189.89928640815907,140.65945788855203,55.12641984184897,62.30308401029984,100.67961689134934
90.18890253630816,190.6055665420269,144.62707588091632,56.44497739703795,62.48703998490528,102.33451072607552
90.68073612523183,192.40221280978997,146.35358545297336,57.294935116343055,63.72943947770446,102.02617733336835
91.36726096188869,190.183583886147,144.88863083087867,56.21538225930539,60.68215091589586,100.06698320598878
91.18916742561781,191.6188701046052,144.4182570221988,56.470214127653854,61.16059497628141,99.42277238272537
91.17079700637979,186.31257341738228,142.6959067367113,55.516861019039794,60.270199506251714,97.47679935279386
90.85050642389034,186.5945446678298,141.95483876446238,55.0899737853801,61.033154066986505,96.86093063776407
91.52765609752059,187.87127502317202,146.21707926121252,55.00646473072489,61.9628544146449,98.77665924343154
92.40321609377055,188.98814310246235,145.4134919144523,54.955962637237924,62.49465667667618,100.09016148681167
93.83818133888931,189.95486380076775,149.04713267161608,55.78250417152467,62.66235654463728,103.46503316700387
94.83771616277656,185.8952984265479,147.00353107125488,56.15235778258977,62.144321264895304,102.95355955682764
93.62743716911123,185.1792684014589,144.35573580372682,55.10705006216189,61.09428543014114,101.24300437932159
90.49540277357012,181.13962902194808,140.81737746529674,55.10902400922842,59.76891313552835,100.7038316549294
87.62107521464638,177.1155436710503,139.1971667608116,54.48149860850115,58.7038105521111,98.46215263375436
88.48614129615571,177.4884366533845,138.89763628741997,54.38668712648003,58.618072077997404,98.48244666819431
90.19025805773695,180.13757308921268,142.46067336625285,55.72717993146275,59.68087385204111,99.87311651573086
90.53730812423835,184.3303301055715,141.97409241919112,56.06488342165068,59.76947307742348,98.4459912957859
87.4586665131735,181.96233439461216,143.09884054226114,55.030499910732296,58.93223979734426,96.94165464550717
86.53307238876369,184.84468591620328,142.57594174745472,55.71751100196165,59.124889588476435,97.48575857453804
88.40329294364118,190.2683901371661,145.3934941093232,56.6084802000122,60.34348242344239,100.06848249963294
89.24164548858779,192.71982860684514,146.05225675665403,57.75743405145608,61.213265032014085,99.8143818791796
88.63253114246821,190.84228411490457,144.07943078062115,56.45269060750543,60.1222379925624,97.92719549363694
89.37956300681721,189.3966487993605,143.47614697181697,56.84777352737722,60.23841757617705,97.94967904102478
90.75023462990819,188.6337752037623,144.25255590551302,57.22863735794863,60.3552120521404,97.60916129488903
91.19518530833572,183.14940621668703,144.9352518386655,57.162316867519216,59.719809386483924,96.33712026546203
91.61744347349898,181.80664825152195,147.01548142984277,57.89141441183087,59.542635409101536,94.06343260703852
95.19016098109925,187.72305225276563,151.94323110062777,58.94819706430426,61.07027223506162,96.10041202698231
93.81135693519016,186.82517002386095,150.75662100588588,58.89957519490942,59.81607743985428,96.35519139048697
94.6142877990645,188.99500289975862,150.56487583534394,60.03042802346197,60.985952725011806,96.35890094055306
95.63840368823774,187.0593608247258,151.0417183127477,58.76925783566843,61.26295569003979,97.25505275252968
95.89075128392133,188.94461172461016,154.10348223946923,59.858995955992135,61.18499429460324,98.81831345544988
98.06486812413092,192.5511743302554,155.80717989118517,61.84186354178717,62.34251456018252,102.51454843247659
99.08060168592694,192.72065807696018,155.4679441127175,60.80450669729536,62.9644010895895,103.00532304986037
100.47539553946777,193.74386753640093,156.0459492151504,61.14152603390515,63.458234913935264,101.6033269371875
97.32397063248412,187.95397285104272,150.57684801800292,58.81611791861439,61.399266033585455,98.32440872130259
95.78451961350451,183.53827715767983,148.3089485331078,57.917371247294255,59.819296143043196,94.9558969650549
93.64484368447216,179.79237615459908,145.69056564377271,56.27724215128399,58.0547441326253,92.27766112331427
91.9006290620159,175.37104200232753,143.06534839482842,55.07319204276027,55.48419106681498,90.4953631626711
92.57083919465869,176.08720730895658,143.78091539563442,55.16366295330959,55.144400351283956,89.19425215723754
92.65165678713728,173.09549570863575,146.25939507997387,54.2811600525213,54.39205565843483,89.30662868875343
93.71022513227499,174.58704423240854,146.62212166621535,54.10188649715407,54.434465325231464,88.7725573674631
94.33997767164041,174.04947313056206,147.67426500672565,52.884580944305675,54.622499406868414,86.67294599518296
94.4698561703883,174.94047767077265,151.3523271005875,52.619521463801206,54.7706480147916,87.04070147837847
94.61997705041377,169.5786591782286,147.22371223288658,51.91957802852924,53.05703547010074,87.18401724871379
96.10399944363998,174.49875844140715,151.43248074478606,52.7441582689118,53.91381784604411,89.05729919936049
98.99659261623252,179.05645899567594,155.817115450891,53.96862527255143,54.973090504440094,92.08065914949663
100.59008723268298,178.1202043346351,153.00080041012566,54.27096669987553,54.60252703081511,92.56916059403295
99.0320443909347,177.21264181576115,152.19175003867082,53.643976465302124,53.63615702005296,90.6139658963329
98.52834401042956,173.84407491795,148.312677285286,52.96844777932616,53.68637462203891,88.07161661895285
99.47830824308264,176.07679239408893,148.75013034403065,52.850614062884915,53.83973434283429,89.33968332573815
101.78088480860023,179.40153439107266,147.6420523402417,53.39736037100696,53.8940987825943,89.58938134714471
102.01314163724982,178.15920984086782,147.28521076317406,52.85877711281536,53.15138860316173,89.26432489844322
101.48584202602412,181.4767042791286,145.6535650305723,52.48205789871089,51.795671433686074,88.8692519161092
100.339946483102,182.37020153138306,144.63332250774081,52.18786259651568,52.74865033407467,88.24588794683342
98.94124816844571,183.9041653933845,143.7628935151199,52.78738473620741,52.53197650844647,88.36179541904217
98.74935953634994,181.55119325614626,141.43892964135705,51.87259656364602,51.98813230263859,85.307483280095
96.90184725200453,178.50880665780048,140.98796001347645,51.64217847838369,50.99256730237767,83.76992654095945
97.08648891837309,180.39588251923882,142.41671196344936,51.86337227801496,50.952856077076156,83.72620291424491
96.18922705221914,179.0512799352447,140.54215421769945,51.592633566795165,50.37902902091862,82.5058452729058
97.55553689653208,179.83988850943746,142.88788897707556,52.475520753796516,51.98482245173417,82.1910180467631
94.19834866384582,172.7705043029763,139.6364247285307,50.90821432780471,50.722163690569104,78.35223432028577
91.96741056528647,170.87028677844523,138.15766955475831,50.394966147154484,51.01179178267688,79.28434239118151
92.28219776161097,168.1802118255677,136.75302791857027,50.08130660502045,51.32757365913848,78.65844575039647
91.71878924335253,166.989366958661,133.27008828098846,49.67004692450025,51.53180510653106,76.85347275492458
92.0864522296575,168.9630692041894,133.87683397094915,50.10874311027967,52.53398057090029,76.57871931002575
92.36230286936275,168.62077261951453,132.72647671741348,48.84451419495863,52.521411566080644,76.10992054246421
93.89219906214913,172.6715065775585,133.34904288945103,48.84848289572814,53.60893198731095,76.97069450573748
94.30617503137208,171.6771227252055,132.86084717160003,48.64147528281299,53.80075713484471,77.59277146956013
94.07194815508304,170.31854894452965,130.92038182152632,47.44100293680569,52.34427325348669,77.63593355139379
94.33295202902363,170.75721466192283,132.96712071571793,48.25608178603809,52.63549441124251,78.37289200611626
96.57721743823963,172.73671080567357,133.29485356433267,48.03224787758826,52.40209468240431,78.94935097292986
95.80910531449805,174.79903443787072,137.6033262487759,49.37704544766419,53.679273753791996,81.12283679902977
94.95024733049333,171.61860682025664,135.66455858121245,47.75871331444696,53.113365058708084,81.6104188153977
95.35307476469434,169.52179216540904,134.17760688646266,47.913460570306285,53.32662328625946,81.48209327210604
96.67451742433587,171.97239571976513,135.97915078813756,48.34273321145352,53.352741430285526,82.98993114062444
96.63490409890079,169.0927386518187,136.08259553179565,47.92501973580004,52.813650946177766,82.11467798245069
98.74703068858436,172.4322475408527,137.68857572284347,49.72316552853502,55.00877653022003,82.86048505046638
100.55546978865807,178.75758038043037,136.41755295598534,48.99604699636911,55.07760222843527,82.90570157799753
102.36603260806129,178.84893471388995,136.9753838260381,50.556797215391036,55.46502330745862,85.17964853762096
103.4346961814865,176.21795941296884,135.36883558872017,50.126446261407104,54.45033433915474,82.90843535561174
106.58823269098056,180.00421632766518,141.29997171571983,51.060697218333274,54.80052188848561,84.61210516143024
107.18124656130958,177.06951504766542,140.7606349991276,52.27089857487411,55.19038418117713,85.21367362125021
106.64527594621005,180.19871526107096,140.22975143213617,53.10801318181735,56.19901298015594,84.56424731174569
105.8463937170785,178.88098276648373,138.4849085259939,52.30983995842008,55.79676146104195,83.54894229762853
106.16210333661567,174.88948280792977,139.62245724072338,52.26878841916485,56.65117769384511,82.76741961923807
106.93721417802183,174.53351188560774,137.76827274459237,51.04091145005758,57.37508434476599,82.76219457415108
107.36771826059292,175.7482798798538,141.22222987762188,51.747784697674994,57.48682485574328,82.46589812570741
105.12093589282219,172.71885203219156,140.8187166521695,50.65941367319212,57.25603804045976,81.69749290994574
106.21188146904375,173.87648204620112,141.87028267656123,51.08451317426398,57.06742330803029,82.1492739729042
107.26411131468092,174.23638993364222,144.28457861102012,52.47090077604065,57.38505071073022,81.01931421506517
104.9492884038878,175.7493395914001,145.85659713134078,52.09956981463527,57.05935515766865,82.59274467600873
103.2894612820099,173.17407044804892,144.29257797153278,51.21030764650811,56.238833133804185,82.22778937666384
103.72605441859709,173.88582833147558,147.33583942059278,52.26235307744535,55.77712485763971,83.78186380230457
103.78619232803428,172.7123683271356,144.96070020771893,52.48120790074612,55.79313688837009,82.17672486849159
100.97321973877726,174.0563249056864,144.12963522657483,52.97210613398869,54.87758148639024,79.67402091842071
98.18113106257472,176.53421605093362,141.3478707262029,52.768786312628826,54.95011688471108,79.94602997200326
97.12453763816586,175.98806971295136,142.72238202415724,53.71541733676192,55.17998075379249,80.5104685123476
97.83131657739659,178.72446654199777,144.81643646785562,53.370760446551984,55.840760299006796,82.01106310197764
101.74901267541956,184.87479201258307,150.09316429384978,55.565393351424156,57.44696250682686,84.57466484755463
103.55465223185107,186.71199171758087,151.33508342052846,55.39689368884422,57.67542979445884,86.29813399880618
103.71323050694755,185.4275641949214,150.76093624379018,55.15841782122567,58.07150240083856,88.36458813545806
102.65885510892934,182.9805808234215,148.51801005711607,53.93327616325829,56.92439317877826,87.46335573386312
105.0403165194522,183.75664904184177,149.44399236101805,54.892576418293196,57.81306814604663,86.54988308307014
104.4547518062929,181.91813371042852,146.58752038800316,54.55849063983908,56.70687986139007,85.30091156975797
101.28440948070566,179.61221201519012,143.68094602798675,54.46888577323351,56.49959325618977,84.76406181329783
101.6306705888661,181.00661556887022,147.84816473397802,55.426952224942006,56.676087546546164,84.68788578822101
102.90523175108972,184.2122328960415,149.33628862236282,55.87425316061877,56.952241259871734,84.84517725644089
102.17721617217357,184.55228374233096,148.51089504987698,56.12161847932463,57.268124951289906,85.41700016575335
101.99755546073489,185.64159274787693,149.65614199604232,56.895177937984826,58.27057380468392,85.34700464260239
100.621150946624,182.32083549633123,146.91939155749668,55.11391441903203,57.120938043520574,84.07703730722844
98.76773338039541,183.60586657648014,146.0591530082275,55.40696911208325,57.532810386596445,85.12550860391208
99.64757605345126,183.6600813466659,144.48957801065063,54.72906604564551,57.36210150048364,84.91468297048375
101.89706418355908,188.25488459565597,146.4691068191301,55.17817937604947,58.0696677711331,86.03566361864854
101.80618203539652,190.66384242216074,149.89411076037374,55.10046878223784,58.55913130132452,86.50024361865432
101.79716603845611,187.39193765176228,149.13786617302787,55.07404329530954,57.52236890572636,86.63725667781804
102.07626184869298,187.4392364632056,150.4422233514044,55.31987457143619,56.66625944262723,86.62029790753357
102.5979752080358,187.58163267268466,148.94173849484622,55.55678712124687,56.39391034649421,87.14787586698684
100.50007567529103,185.6197360120886,144.86733171158352,54.52783183647823,54.79304525178776,84.51859934332461
100.16852774941671,183.430118937448,145.85627116848426,53.92820210000428,55.364241839502604,84.46844642185188
98.35838412496267,181.8355816008384,140.51365835516913,52.18986254273967,54.019395423069824,81.4152231565397
98.25232543829296,182.49635422495345,140.85700491467549,51.75067636410743,53.914894316531395,81.15577284834308
97.39308686782441,181.98772203011853,141.016096777767,51.33269166732304,53.964929077230245,81.20071733361307
98.53370104071688,187.9048303000789,142.7544973132303,52.43907074654717,54.882872317159176,82.77418831982352
97.2779927891714,183.48623413718227,140.92678293957414,52.86153735383011,54.58528364546559,82.13820662306873
96.11886573070353,185.12488620754286,138.6637214656501,52.37756469682174,53.19213914465949,81.28705822430975
96.70186268236708,188.16877276090682,141.60761476435056,53.238581032121,53.89898205528552,83.74231459612572
94.43526190539869,184.12779143125684,139.7985825812023,52.59483648570289,51.98526931870264,82.359945776791
93.49638731563722,183.93022714792897,139.6037124867566,52.47667149964695,51.67675193918335,81.38116479802136
