Asset_1,Asset_2,Asset_3,Asset_4,Asset_5,Asset_6
100.0,100.0,100.0,100.0,100.0,100.0
102.94825638711642,99.98696789514419,100.00427410353589,101.34475236370352,101.37446720615246,100.52579655316795
100.68631453654423,97.65832817724792,99.79278175964824,100.97850340901928,100.09482429424753,98.5939832697528
100.18559363657293,95.82501345224577,100.52625657274045,97.99894409079381,99.1019423211339,98.11896219035681
100.01978355548994,96.87936131405671,102.31829718551835,98.58753286111535,100.56200269906721,99.65203079444173
98.51141823882865,97.7842786701804,101.35989133994198,98.52011109118565,98.85715075093624,97.04643444780986
100.37818528721718,98.6797188021621,102.63541673368627,99.33949005132294,100.84176913984987,97.8928849993086
98.21667751612625,98.05905130696833,101.97415197218481,98.73642207302143,99.73911540965723,97.22684387517968
97.90885526370549,98.8273321237153,101.7674183160868,100.64097840797413,101.88025481987621,96.013357277774
96.23693150039152,98.96554932409714,99.89063588650276,99.13768916674468,99.59416090281972,95.38841505006451
98.70987343293316,100.58404102527834,100.00563116523277,101.21269145170115,100.13854747210357,96.04631718256887
99.29741829832858,101.44231576351925,100.18702004415252,102.81433024667457,100.48339855903984,95.84988942917516
100.2574639967359,102.16949258086522,99.59315472677903,103.66937463651831,100.48897026436195,96.8271182553622
99.06180767262198,102.57613186049898,98.57845081381069,102.97324385046998,98.92401095260031,94.51915124245222
101.56113830374056,101.67644112865646,99.04084183295696,104.04260939451612,100.56450498531225,94.9308727104389
100.45302892533991,102.45581370054913,100.15866361795898,104.23987625965216,101.52820917967892,94.38599377346897
97.26706371530682,100.07491564908949,97.550012972844,101.6323896635176,101.79460679431108,93.4170888510129
97.93313154991216,100.69442813557829,99.16229428978001,102.12380985542661,102.36525071844878,93.78899933861183
93.92110155972023,100.31121082174094,97.63122982807359,99.24308345331224,100.63152455492965,90.41943262840303
93.65052229675074,99.75534828496663,95.90980354278062,99.24703815439462,99.54153888209778,88.8199972588808
93.62616859655492,100.7102603149659,96.18518349073733,98.12595973148399,100.04504065774678,88.2694980565921
95.17449144892034,103.60407256948113,99.13611290392784,99.86756393726945,102.50746862205612,91.14679924621612
98.61098441216349,107.77398131469238,97.77580978770796,101.07884371820181,104.42131833583336,94.6608306445678
98.86074751491542,106.4463196055539,98.22113423347616,102.41383116479219,105.07721789392801,96.03391565277906
98.04377908073711,103.97174304572727,97.6412055725707,101.71211760895305,103.48981986255248,94.71890383103353
96.87998770863457,103.13474805654951,95.94039297462987,102.12048807480502,103.61776144833024,91.95904279171589
97.15972161621174,102.22093880169422,95.76200506088341,101.49440341967079,104.69607661598432,93.64413265856152
97.77853573547812,103.2366335656021,97.05893638377869,102.9219959665972,105.43458111340391,95.67666888438056
97.34453316443451,102.14903471706418,96.56249514130292,102.5435921252721,102.95045749408919,94.77126997030693
95.63257240458961,100.59430517753768,95.70767489433392,99.74122428341435,102.37657415733113,92.88147565223221
93.63973014051506,99.8622226719844,93.86487945619142,99.21250500108647,101.83264348299416,92.75723977658302
94.27210012505832,98.17941295369032,92.10680130480345,97.62416535734528,101.70900300186484,92.87960415717306
94.18208925774304,98.7535867108325,92.19087910375248,100.19448113696649,100.79111337723248,93.26901902981204
95.0298571095102,99.65231047321912,92.72996987983298,102.40965903912942,102.22047872367516,93.06399380111885
95.99693868615243,98.3370837983801,90.39522702198289,103.4276702891262,102.29213931396801,91.69118508410725
95.68941712660074,98.73860317952646,92.57395102635668,104.86074699040311,103.68932255215384,91.81114858301844
95.71491370922948,100.62307594718001,94.78860729713024,105.75830126857903,104.83079209126718,94.61540224819706
97.53617345542455,101.89055781018037,95.13322606589593,107.3075611235406,104.94389113736098,97.2540978711399
96.74786242547725,99.00322201277463,90.45886525922118,103.79263174853449,101.79118717761058,93.71160026067446
96.49797966842935,101.37128492459364,89.19617069991769,104.78594954622771,101.53384432051661,93.35124499610438
97.67425239372692,103.35010559742146,88.41601531560295,104.59635990905407,101.78188058528,92.26278665847045
99.1335355406128,105.52015244961599,89.32335170545092,104.50493847622914,100.87358407661357,93.93289922422642
100.43545895335606,106.89675383444516,89.52834262845306,105.15025946808689,100.1774167191661,93.91525411645641
98.39384709338121,105.24365919203657,89.27683412155248,105.23205791392004,100.63286673118944,96.23985564892237
98.3346832747037,104.49916739376401,88.99294880288694,104.70023376165543,98.36445777404131,98.2242039430414
97.87041474848512,103.63613735505538,87.85424759777364,102.23649181967563,98.801136672771,97.48673202135781
98.96530946534558,105.60539774269657,88.33585710815855,102.99245454429442,99.37565817545813,96.5999240316237
98.48841586391698,103.30431535799437,86.49775936444276,100.86191485236428,98.08546352644586,95.80953862096881
96.56860581418367,102.77740050404881,85.92016390977939,99.62367676603158,96.3297582788916,95.95250401038228
95.82157356926592,101.42776543825643,86.57990427307232,99.2244642679945,95.27482283295805,94.37657759149441
100.23964726501016,102.85446931125622,88.48844525421212,101.7796462250627,97.51671945793998,97.4266899289062
101.47912063245023,104.62725113640857,90.29908827387054,103.18721536652443,97.77127000519603,99.37126806921549
105.70981289950929,106.30997765240869,90.5419770466699,104.20017581572965,99.16998431291998,97.97644576261122
104.71035495587913,105.00884906160503,87.81648239852606,103.21032076159464,97.04629569505057,95.32791750974198
103.638022008351,104.4170864622434,86.81769592302618,102.24168832736399,96.05249105218711,94.81484554033135
101.81160265731313,102.23733232244096,85.79358281834547,101.27069372582791,93.99378844692728,93.09632359125479
103.12974077205374,102.51202252012494,86.05530032355009,103.25803888238579,94.17951146724504,92.8884412023463
101.65718537212946,99.97701214528274,85.46924883802107,102.92510164222149,93.33721839234552,90.96478320768833
100.50104345326389,99.3176823004392,85.47749669522135,100.74495159265096,92.35270672641899,90.25817416231577
99.96516617091187,98.89952945772554,85.05169190395833,99.95509869589982,91.72170742026802,90.29877332484244
100.7425594494877,99.13009039510732,85.00497990994253,98.76159742978157,91.4945271529497,90.1431447329291
99.3878858947807,99.13542427743283,84.80881246057297,99.20150616339278,93.5718564569337,90.25982876896352
98.55185629876637,96.11671003557186,84.17079604500934,97.72014987370116,93.26116583823055,89.57396143412645
100.20502887308311,96.70745199991268,83.75926427054858,97.88818623645363,92.79731007986389,88.66873826465093
100.2405826322132,98.29665610501179,84.34841425962998,98.2674939706494,92.50807437311536,90.34080672825692
100.64232540166812,98.54507734265583,83.7404256201019,98.6745818271131,93.66895256924074,92.18171583725437
100.49122777241195,98.622552946906,82.12000671040634,96.89018460314198,91.80313484005815,90.4733617700261
99.21090113038989,97.67877235952567,82.08157845000613,97.0502889042818,91.42977050932122,89.97479988020228
101.89828814336326,99.17653114616702,83.01923804207179,98.40125500667328,92.26150777462888,92.72369069580638
102.41901751960093,98.2530647071655,83.26594083325892,96.84253622968654,91.25552742499568,89.9576439202415
103.33883910503054,99.75762945052993,84.26199329536774,96.34581625387189,94.08589293545215,90.58246560983146
103.87549373525613,99.76887671140815,86.66443499581436,98.70838858798061,95.5028253070036,92.36671924716394
104.6619742738828,99.56922011934196,86.86797613098278,98.80890713842409,95.3922647179211,93.24121350425257
101.79897637306668,96.50923495477058,86.64047375775665,96.59402650684981,93.65381294971216,91.54898450347419
101.9735363905385,97.06092174283638,86.39738146634686,95.90053014225883,93.8793806140668,91.92795966566686
102.26177036056576,97.72252353302078,86.10939675149038,95.46837476884627,93.23972938403521,92.05391153114032
104.29022462092384,99.18467273797856,86.41719755512315,97.8966036966807,95.26767942009904,92.588344974461
103.97184439118251,98.44466130458815,87.87140286925138,97.92670633746704,95.31830686479331,92.42853105413158
103.10632457487979,99.2203001370871,87.3705396375287,96.28788373479634,93.8399287710614,92.72401313426043
106.877207510162,100.65421864748949,89.20703819073033,97.22280092480841,96.34840691212555,94.8818834308687
106.94778969591282,101.01403118430615,91.20371130227181,96.55778783348714,97.63827300552273,95.94275643369855
108.27644398707999,102.60673444233537,92.26844679371226,99.91793565810762,99.09064162234877,94.92167152512052
109.05955613104949,103.65519171522519,92.85384804162904,102.23002895500024,100.62343763963007,97.14481174124724
109.4997146183218,105.6055373366663,92.96373695597059,101.89955010966747,100.06010257506249,96.74337802509903
108.8268460783746,103.74153441984423,91.63735379995843,102.65062554991987,102.75746082929201,96.06810945096035
110.38824393593848,102.62503880211665,91.32040883063539,102.90224415518065,100.95765499713637,95.44252049345084
111.16639488882674,103.48038435449337,91.34438237334852,101.19336095007772,99.80494322956774,95.8928341693529
113.73045961771028,103.35649515249362,92.16010065021409,102.00080321859316,101.13286850571708,95.48660033172426
111.49288379631365,102.0207243893187,90.15535975459065,100.76927227158751,99.71456878970369,95.12042228526269
112.70860915018963,102.78743144596544,92.5621339335247,100.89872469561428,103.36054486863864,96.620209793822
112.97992352629132,101.70020398314014,93.15167926132781,101.16421427357754,103.27105473624461,96.30234923979422
115.17955440027136,104.97654412880071,94.75912645342568,102.0876031142756,104.37575889809196,97.21110837613821
109.90532653184923,100.67066695742427,93.45678571287729,99.46502190429987,101.07449631096422,95.16391385979395
108.90497992756185,101.42041991480002,94.1243650107436,101.08647108806248,100.69626773399041,94.36707552440616
109.7966372941708,101.94776331447983,95.19536175189646,100.80285801381474,103.1973609043487,96.53235836521209
109.71246379575548,100.99163182719857,93.7956507020153,98.37722040632461,103.22036447149407,94.63673998442165
110.2584610879073,101.72341525442467,93.90572452543157,97.80175419791246,102.53262191189398,93.35450540881288
109.2328743150903,100.50588528383969,93.49256161482207,96.72862021048515,101.56283830268232,93.08301655685871
111.02649144907066,102.23582782193014,93.94867822042457,95.84232923982321,102.95585643324816,93.53196561565315
111.90396552981247,101.6018235370592,92.79645506233021,97.36615557959131,102.56208064760372,93.03385705077417
110.02816725676148,100.8662550631137,90.18880787698417,95.48511606069857,100.92893927232701,91.82421209074037
110.05125647003501,100.07284916461316,90.69068263867597,94.00089926865338,100.00699848361683,92.5195846704579
109.86226537671696,99.61232375617215,92.0492511438158,93.63170048071743,98.0743744113924,91.33941931746419
106.38930245470635,97.70521853034494,89.97750637574856,93.08589338990959,97.45047809010815,89.66241523049537
108.05308652230553,97.46325280153339,91.21125182658764,93.67881661891433,97.39405784132306,88.91897215784866
108.039534568281,97.47864903568987,91.42475653043115,93.0743898752879,97.48644350007709,88.58196156809821
110.31868761764851,98.85468185142743,91.48076156313891,92.99450044978168,99.77441285259354,89.70690489690357
110.3066152938573,100.55695262438509,91.51656701275985,93.24552957178376,100.47280211206999,93.20785174138979
108.13665736666373,100.72340969958167,89.82335787975015,91.60025103741032,100.0606788144082,93.46854828408836
108.86972109780669,101.04010426259978,91.29986944559734,91.22402496773094,102.2507055466589,93.61612539225193
109.29160460304743,100.84437560252957,92.96015310479174,93.00797970817864,103.75138684046125,94.31112540430435
110.31597879542271,101.38088491392736,93.80369151106406,96.10702269599958,105.9042435925765,97.85119210899997
108.85743571386706,102.49569534459276,93.08838521828025,94.25391410565082,104.73540101727886,98.15555940902361
107.26872449054588,99.9643470867926,93.44515823595555,93.0275233522844,103.60048006297006,98.70032523483552
105.75030509396261,100.94225251819317,93.87521385593398,92.22457292952105,101.41407941396864,99.54477050707295
104.41472968249869,102.34571518882102,93.61006101665065,90.81293332599525,102.9636138660557,98.99192801437496
103.50748805720526,100.26017158648031,92.08472829975089,91.15503811129254,101.6392529204505,96.97197254291129
102.56920037991136,99.17699990789357,91.70925024640327,90.46784825899552,100.46320840697996,96.45729607144791
100.80584889660102,96.59354228334664,89.37946422258017,88.94784297122624,99.71998158886059,95.6255984956557
100.01756478934489,97.32561847700005,88.92991191648142,90.89577500092388,99.48398397946899,96.80950037557064
98.76923986273002,95.88164787788162,88.45294481577842,90.68753965053132,100.41035888676896,97.12533481071702
98.8002637399113,97.62507550090425,87.97344087649289,91.43081725161437,101.6665805852586,97.1309949915549
97.87705463643375,97.25957708874078,86.95541532122886,92.01417684387356,100.21856784499082,96.57794918467401
96.25136754477491,96.24113022648223,86.39677392859623,92.58615888405235,100.26305289473898,97.63993833444893
95.93537546141415,97.5475702793157,88.19596953250668,92.88097824647618,103.62042298944696,98.73887526528792
94.6088441463569,97.39716948376818,88.32044593722944,92.54029162912356,103.58687284257458,99.61928692845
92.3843235917751,94.19230480059952,86.55486018754715,88.79877759015947,98.90338604848874,95.74816041819285
92.3931920295763,95.00000079679087,85.53953771671382,89.40049475711132,100.03189279292808,94.72768068998845
92.43952488984479,97.8428871634343,88.04579952385929,90.89046821048333,100.19668810352725,93.938079435354
92.69653998171412,95.64436845645228,87.15721879166463,89.86398966302029,98.81031130025808,93.5813401340868
91.06050668053503,94.99131607144497,87.58364560427725,89.69193584051087,99.57763290437427,93.0425408763598
88.30520821804984,92.861844347573,85.94684318843487,88.04848135061735,98.27350849949526,90.98008362610726
88.08513255153217,91.54298196720514,85.14393369699769,88.17985024914022,95.42960347601193,89.62948623154674
87.58762143390838,90.15622147663923,83.97555112864457,86.78196388458457,95.00183956751378,87.78207994533571
89.54285569505454,90.83972625048098,85.35842622905572,86.68701136029259,97.41799451337533,90.45360653456316
88.46720106466725,90.35783778297638,85.21858523691303,84.97595718886771,97.4624676457417,90.19251038640463
89.28432639374043,89.66980867447403,86.49261489229191,83.58451481251363,97.07976662399288,90.12043164583594
89.15088210015614,89.78076325766331,86.33217424160267,83.55542434679705,96.78389592337734,90.31519513540535
89.53398155085736,90.54602484139598,88.38643241832288,86.05231540289927,96.97714194457676,91.2839840339799
88.33978023697611,89.44444334745323,89.31797255991432,85.99658691584199,95.3100220761745,91.49610090720995
90.20526345606189,89.72814194658561,90.06895623565822,88.86559741512667,96.72718662615745,93.65244580230849
88.41547079446373,89.00790588593452,89.1163309433677,87.50024628579317,94.85893922006467,91.8002544282514
88.38398375455657,90.0924599208493,89.10038861362366,87.44630891904816,97.01150484111498,90.90261914612792
88.35017499891265,88.54757567540682,86.8230959965634,87.20124835314823,95.51725266240167,89.95160055354592
86.12654037461859,85.24751871027597,86.48084444296857,85.42568774803753,93.78822217777902,88.67394810566107
84.92137488966256,84.66254442463452,87.04442246197492,84.61181717869478,91.30909959639649,87.94265887607148
85.92470409580122,84.62753118053371,86.57514375843493,83.76892451616317,91.07243626547664,86.13498061141608
86.08401957414456,83.70979970340967,86.67821571205218,81.74302682144719,91.4675691043231,84.89807585318539
86.63196667543568,83.21957452810435,85.68234008567553,81.31945290090528,91.4936964846687,83.36202541738693
88.55852614771926,85.75275561537512,86.30004774188936,84.14887427129761,94.13518816720652,84.58946065526878
86.62871493407985,87.11515115250829,85.92136762590694,84.3399302654752,95.08477142597864,84.33887616304136
88.76543375865262,89.05158460941406,88.71846724107539,86.80843051686465,95.59824583798022,84.75973381046045
90.73417244623853,88.64780354875218,90.10084917644559,86.7121713657682,93.54393944773976,84.56306433201563
90.87326445935129,87.87992354605872,90.33025178434026,88.3310549565775,93.38755134508358,85.62991365702386
90.82759361465725,87.06135155324061,90.63599823780729,87.88257330336408,93.38532481948191,84.27236037218591
88.8924691186807,86.28037973667243,89.00623108034578,85.48924713915594,91.41811516561371,82.94789106753984
87.9107088657258,83.9504369352911,87.78125780818392,83.6162775303766,90.7129551790237,82.02070566056365
86.87150533617292,82.56015062915685,86.77230429089563,84.20091208922126,90.77938310026889,81.38531711829471
87.00755538260184,81.94280680994996,88.27910865642096,84.28527714993763,91.17595348573899,80.946320667024
87.73512915509683,80.09582685151622,88.30485221334526,84.11931659938973,91.56897984955182,80.70769612050047
91.2881194579752,83.52704416188534,91.2430924214987,88.54550935226663,94.5574743270919,84.19060682910361
89.45984050274498,82.17942703713456,89.5174068448473,86.9034388441108,94.61618630312726,82.36268722380069
89.43020672972864,82.93428339831299,88.89967958002225,87.39443101403752,94.58279737059604,84.32467718769446
88.82429393630461,81.4842514027706,87.22583218517798,86.97595493929857,94.52435628140192,83.97765000332514
91.45906173087498,82.55374025424359,90.49348429034502,89.02615950678619,96.02127090444543,86.01121398160309
92.10055976371275,82.93911524137343,92.3688477863929,89.37283127564955,97.82001424503468,86.7783334794452
90.13136983662085,83.63333160242222,92.41620289123578,90.86198065823251,96.14588697634468,86.26484297600585
89.68488668827933,84.59093199821652,92.58869401848337,92.49823511387734,95.705755904127,86.66179952200908
88.79554641610927,84.50962481669417,92.1542118135316,92.99764950542661,96.83911870967601,85.18079955044489
88.63502672693079,82.97198777554736,89.90444159628841,92.0384142386881,94.68403347191808,84.56402747512576
87.28248000008412,83.12853106275723,90.26810462099606,93.58071136014506,95.62991838207525,83.79162949049588
86.15190828543962,83.94536119949149,89.00182424005095,93.67478546798979,95.3394224399219,83.04224727390377
85.04564350017431,82.02461117865023,87.18978802834314,91.8921045577635,94.47055058396379,83.059313263362
82.85425403403688,81.52093058494133,87.43062605219775,90.48703852758942,91.4448752182018,82.88691726912411
83.25081893953599,81.08477996346649,87.12437269190335,89.53172087646881,91.02653430040712,81.32632206407078
82.53660522873531,79.83798434938288,86.85677018085318,88.52730872431576,91.34391371274705,79.13934627599099
82.11165683434527,80.29589132759278,87.91565351661976,87.31383804693252,91.03441297696631,80.02486301284021
80.76003041589841,82.02908114128887,88.12361465409143,88.02504896384627,92.82130716021301,78.95707695187387
79.50148958410561,81.85577719111495,87.4897602951588,87.08564393134625,92.98620072617165,78.90708680810899
80.74997578710399,83.0437336656608,89.71972977663422,88.36803588279477,95.31019109294787,80.55105929073727
79.46039748644222,82.54422119872892,88.6148538606501,87.10982859305184,93.55709924412861,80.06296388661637
79.06995288077026,83.9826010494388,89.9919328234027,87.94548696335377,94.21746486462193,81.15322211180033
79.15319687552504,84.67740698834693,90.7921452992376,88.8732737456062,93.92445284013324,80.8687732301925
79.57012964091726,85.05599273262614,92.3692655004953,89.93573580584123,93.43123583117352,80.79053602604586
79.58769954293844,83.50623447551357,91.4184749375532,87.87006271735883,92.51088872277302,81.17713062590067
79.79655814446556,82.90626216587586,93.54618650637934,88.6880694539877,90.72746962613574,80.64111859588843
78.89136526591496,81.86639036781625,92.30633238122635,86.15364755655418,90.8671187088426,78.0983381362175
78.53381089445641,81.9714621293464,93.80144092554104,86.138561914525,91.47003234339002,78.99030552260344
78.5917706250052,82.61734738906374,92.71909989663934,85.43807697849563,91.69059504676578,79.79968433993346
77.32366643094511,81.75789289248272,90.1718496316924,82.99782109452599,89.26521123532217,76.80797934377567
76.92505932751111,80.221868885144,90.06810800502151,81.76010385250036,89.21066703598588,76.12848341610055
75.34993581679332,77.70258153326525,89.25364749841276,78.8999424173641,86.34263973319375,74.0219071422193
74.55219512079412,79.11066213903726,89.14917344638701,78.68897959767087,86.70089163140854,72.79482749044251
74.54532365482427,79.51058883247597,89.0921460317266,78.264172761342,87.01680529631497,72.57576401990578
73.63520852036659,76.88063136898187,88.29613884712731,76.94377239090785,85.54568459615246,70.49365429726141
73.09889697467553,77.72116254059928,88.23080570661142,76.68930463454741,84.8668655573653,69.04108750880681
73.3812513886798,77.76577185938588,86.50868038911727,75.14557305666821,84.7931764265065,67.97423355211805
75.45954323471669,79.1128024659808,88.11990300386327,75.36979445733107,87.40679625924132,68.60305998616847
73.08917037433537,75.56005198729306,85.22494757569005,72.82852306814759,84.86663579839247,65.19217106793683
73.77447905277155,76.05874331494188,85.27382484374002,73.90032695245701,86.09234346353362,65.79204992563119
73.81657043564071,74.41448578876131,85.22528352665528,73.7819914000811,86.7125799884723,65.98551965244832
73.32360623693096,72.78245646470926,84.63105032231105,73.44064056974952,86.29738402737895,65.51707068944623
72.6701419592327,72.67951228009626,83.87516361566688,73.33293574102015,84.47674438407456,64.6414871387257
72.37196542221251,71.22584453307702,83.77177163559288,72.86615162699293,85.24595261358735,64.6950374624915
72.26339031676825,70.31613067503838,82.4428445998966,72.09624406294132,83.69532078454223,63.819084076429746
72.3991862185273,70.03486742406828,83.79998403901212,72.04605573705327,83.16712458810557,64.53270530970498
73.20105495152389,69.5274054447625,83.37575187731309,72.31627100172139,84.41737333436944,65.63929441033892
74.58426313906902,68.81007462315706,83.33248908940227,72.53709596331343,85.07236294038637,65.50248680265271
74.83889554305371,69.72869364286552,83.58120440324988,72.41750491969778,84.87003551649258,66.28883986031359
72.97195843573945,67.91992577134923,82.84704921023973,72.57634526864277,83.82459297282453,66.10660136754363
73.30419413896931,68.68181105836732,83.11773841100074,71.70359160411304,83.61528484689141,65.92821037394181
72.61344663368823,68.35696713137395,81.44010019901573,71.28208385007616,81.86570348975192,66.00498080187862
73.25377114027987,69.0018391983939,81.6561128463132,70.6286057913185,82.42019100796631,66.15523083864039
72.74761158036736,68.8405964204969,81.12428935998645,70.17594346141435,81.56279048974226,64.57292852230765
72.81281862856727,68.80408074039158,80.48259749781496,69.80104246501077,82.01535607261553,62.85788864109966
73.47469645438979,69.53603233352297,83.54158259766697,71.78738121944228,83.34193867006157,64.1545272687761
72.19669547350443,69.4479811010011,82.71560181322998,71.59716821153968,83.46531367017312,62.55164878486866
73.93285147850187,69.68639648281697,85.0300566553813,72.70240991466038,83.85660984630185,62.752022913262756
74.09735562042475,69.58270802116438,86.26056711363982,72.66531420579228,84.37962724871872,63.29514464498224
73.61791263094345,71.1380528037873,88.254724328281,74.13782017427968,84.76661157330345,64.18225698313083
72.76251606602557,69.97281141859212,86.5294022247657,72.41078037609537,83.30002749479058,63.62576538701366
70.5365137436954,70.42130718807563,84.35543306941635,72.10513446153102,82.97382732848192,62.690766328425354
70.87297159236773,70.53872615958322,85.48449427481137,73.44002458073297,84.95593759381768,63.7787828097025
70.72804349298552,70.96210791248615,85.70082505363308,73.80208256468431,86.3139540455452,64.28561539936841
74.29261166827914,72.74028243634345,87.70569126534896,75.67062519314182,90.97737816437545,66.08028573881089
73.52355963524383,72.36260549604854,87.47566403880272,73.7944302776743,89.45396213146624,65.73507430247227
74.0157597720132,72.39114873113319,87.09963409490183,72.43254190694421,90.80779418588166,64.44126241643094
72.35419111763999,71.40409762056213,85.89317905904001,71.32038998436957,88.15729969225913,63.622298500786435
72.7495981574982,71.60009157377381,85.25009507377666,71.67929657868143,86.38413761521522,63.48319500966878
71.50725391097667,70.19885731257995,84.91253606998585,69.96207782429589,86.05828772040019,62.11364447774
72.17180855159128,69.94716478245554,85.7468648289158,70.9590983229615,87.01573303612157,62.75363428025061
73.61818242565978,69.98081148160257,87.54676412175795,71.7136658905524,87.41765631944601,63.69448491860407
73.59612316470009,68.96838221241231,87.50642424035073,70.01546822762992,87.09127996051767,63.06028658027282
73.91970461035413,69.34946536434559,87.39846695139057,69.53353997909821,87.81685260700208,62.84984381612033
72.87787449970988,70.25928357274145,88.0468067444156,70.10450231659601,88.34617944078322,63.007835359996825
73.52434416722629,70.34718310431714,88.01684249466734,70.57821591102574,90.25771324073486,63.64819817625481
71.89468588725498,69.96517546280431,88.32373147136458,70.33822539834945,89.66854499710996,63.36209053560595
71.06905520792259,70.3402818824217,87.95274306213277,69.69049871293903,89.3154492728486,63.14668516267398
71.48678001153381,69.77167176225156,87.68184119629969,69.4514847411614,89.46245656618825,64.47808277273985
69.97386587321887,69.5613762776147,86.31881490384465,67.65205285253717,89.35421971498675,64.09495266937972
72.62531626375116,72.21406766111352,90.08370957934713,69.34378376653173,91.87809519434799,66.19906047249219
72.9432733851158,71.44950847162276,89.10049293862188,68.41916579503564,91.03624514528005,66.46941886333258
72.31984423186864,70.92272115738639,89.25762230599885,69.53563403379667,89.47122566306679,66.40931730882401
70.58564427974501,69.33650429402911,87.40544500219754,68.9634651793908,88.62354351926102,65.59015486870368
71.3827211231489,70.90797516434871,89.4747870038781,69.42878797323125,89.77368263224305,67.20467081544442
70.14553612419199,69.91840728852743,88.65049678061256,69.15645467945171,86.83390753595707,66.63954024961967
71.41109712582725,70.95748012492848,89.26211811861911,69.48295160304636,87.85679252538516,65.7413032554723
70.92177066756459,69.55651227455468,89.3656065034346,69.0057821304494,85.94335112198075,64.09253059640379
71.70892145433213,70.41240911377056,90.75935238166642,68.97079783725958,86.20219018295309,64.99751633714139
70.1075053740195,69.22180902042352,89.98376474719717,68.90610068513413,85.33704778719067,64.50732264669075
70.06365636841754,69.33019742080768,90.3469308801279,69.03146587349131,84.48366356477982,64.24910815941914
69.4021278247788,69.28101613629933,90.85348739143274,68.11186725956809,83.34073574696808,64.42090264296611
68.82942305195738,68.6065516092923,89.91774962497308,67.43089850777493,82.27649926870166,63.48990227840117
68.83271976311512,69.52042719939635,92.08774803454399,68.00258084344813,82.30224553583597,64.50430341369078
68.80579413664059,68.65860464727571,91.01014408552138,69.47470919447257,84.45207517527895,64.27920287389578
70.18051526756065,68.25944042091147,91.1200042723475,69.10960634956145,84.57302382487971,62.72354701032962
71.33742353857453,68.07281687560398,88.08702416847869,68.49972409339219,84.9341941195553,62.333641140610766
71.93373190978556,68.2352287868395,88.16470204751239,69.4135877130722,87.47098613126467,64.63229259286807
73.77671570970723,68.7741887892643,88.93443445193964,69.62702855616025,87.72610289343582,65.22315972149453
73.57718187633184,68.21274362147301,87.84647873968228,69.30199649874835,86.69483117504532,64.57291865150067
72.6934071347504,67.80844461111762,88.02042097699069,69.27349440923476,85.9136761101345,63.9305222838012
74.2261349959422,68.2552093218661,88.84699955523361,69.47724550678673,87.0083232157077,64.04348563156142
75.22670333870667,68.84825550574878,89.71523159260695,69.61052856996804,86.23386693067555,64.0584153700361
75.4433596977776,68.1836687628796,90.16051773457308,69.67536386977369,87.15448300607216,64.09296715141096
76.11683053814212,67.75962138213181,90.14691541345479,69.71968549334646,87.32367372540219,62.741025738684066
78.24832885545314,68.27802703726172,90.91377582325205,70.99588412646693,88.26375612122506,64.8435921794663
77.90842331003583,67.2701700997144,93.04155625798295,69.92962646991774,87.44737677016019,64.56127938659942
77.0186503975314,67.27699841593805,92.42590139717294,70.39838194818043,87.734915637824,64.68462968569564
75.39139977912248,67.46962828479866,90.9823527769508,69.75208729136196,87.7166644021998,64.61649684947244
73.8608252742335,67.00858311186406,90.56578202556996,70.78213415565418,87.37549383588876,64.65592449604975
74.745948725712,68.06812446084061,91.54069045780894,70.59789863381408,87.80150029785635,65.2519682171953
74.19220365342069,67.03482440067205,91.52059764826264,69.48621036059816,87.03634491101172,64.05698870827588
74.85002264047871,70.0254606250039,93.81289575071914,71.29754341468914,90.5320231362715,66.39316719017792
75.14847428512296,70.9413951771245,95.12591461594936,71.7940254521175,92.07166051411367,68.17313255421476
74.64766327240183,70.83841091613635,94.12411074940721,70.2196726067378,91.1382462895973,69.7390464784728
74.70373822082963,70.64463405503145,92.89744161656022,68.77704885594567,90.06444024899575,69.59234925851383
75.21124233978564,70.19015796790026,92.68474254514761,68.88044151626751,91.34378914855326,69.69164344468048
74.7406598942542,69.86188553010133,92.11093317824741,68.55512959259521,93.01609275980178,68.02941209652676
75.79641472918092,70.86894331364422,93.4567100286423,68.69425945621137,94.41348505330666,69.91613568099352
73.8012470065206,68.53124433709331,90.75156222895691,67.36033657752121,93.08376998138978,67.49725964827599
75.60106205748193,68.36379045265026,91.71436829278906,67.44760154824745,93.00063742332347,68.59122443747822
76.9166247560307,69.3373008618534,93.20456653509089,68.72900620619264,92.81680552448542,68.96186746983976
77.37554723365974,69.57165421924661,92.44830284068134,70.02437208251771,95.60033510260365,68.38176961043237
78.37199491797399,69.98380595199538,93.84340475202526,70.67298083665773,98.44785193004658,66.95437455605273
76.92897642307345,69.1529559764216,91.47957361113852,70.33647142553717,95.8231045461029,66.16895539024185
77.04573833524817,67.38180641996841,90.37586000719926,69.41463292561315,96.15924780587493,65.8762453746699
77.14381513057693,66.8820842257765,90.38514732184736,68.84754938743306,98.85876047535311,67.64294792340573
78.5262797842311,67.36326640080121,90.40737376965447,68.48725282897517,99.56329498777754,67.74924537790365
77.75015585886648,66.81150784267135,88.99957456940193,67.8278157590736,99.30919200200242,66.91874138949971
76.78733894291129,66.61674208277675,88.14034353106443,66.69098878348706,100.50754473948614,67.81644364034253
76.72378924171441,66.12695882460147,87.16085256162643,66.6279394157817,98.3496275680098,68.05393824794304
77.31649908219656,65.01333920093377,86.6922626492862,66.83643525189873,99.1826957865103,68.01766437744321
79.10859702172746,66.32747882973979,89.54122028643879,69.79288823460364,101.59037573772548,69.53630760545984
78.68800849782954,65.54311348336402,87.25799657104622,68.10554210838343,100.30562408021957,67.43065748294853
78.96774026669357,66.4563645093518,86.99623504102561,68.22856026392556,100.89550688776816,67.13112418847294
78.17895836185394,65.71354407641111,85.23300360133615,66.34068735116658,99.12534468998555,65.3676508585592
76.17454485268348,65.1562195573439,84.3413509536569,66.33455751366182,96.16587544446634,64.4760882567341
77.13537637114302,65.59037130511193,84.96046414383383,68.17460495941033,97.15460601862527,65.68913919180248
75.09765558892023,65.07060607469812,85.89279692682132,68.44815532759138,97.44493354732424,64.87114791609535
73.29830648728955,62.26663997090377,83.3442210113276,67.92177588077318,96.09573022954577,64.9632924084343
73.81423485517925,62.069558750639004,83.05029495522949,67.4500995514634,97.4129010909487,64.0391855127959
73.55401848357569,60.655112234583264,81.34065488536116,66.86916963645868,94.78760030528628,63.47571993456865
73.63366331012001,60.04274827445115,82.27164391851367,67.70263569641247,95.89912808853704,62.803550431733505
72.53825042688959,59.4573463851104,80.64923377652514,66.32118534218678,95.2626088792676,62.67904404144995
73.78712857455847,59.794020651340084,81.67037295067077,66.189594910894,95.42275949349106,62.97024836709838
75.30310617477757,61.24340884493932,82.93685920352839,65.94855294576591,96.0836808554897,63.29497802243765
74.82197865541119,60.17413937973598,82.53518384007629,65.71863153573689,97.41923389419603,61.90570488086763
72.74276109021167,58.770020257028584,80.768266090012,64.89097393106908,95.73527131560868,61.23300148645783
74.10765053665521,59.90937803572059,81.63494359331649,65.84638045451298,97.92622948254152,61.695371267312034
73.54969576249859,60.423906883487426,81.82289526409355,66.74367136424269,97.20252598985704,61.487111151051046
73.89591035750956,59.16543634413666,79.99438872984248,65.53047764666951,96.73643731662571,61.75019155406017
71.74414603351731,57.590782704415915,77.74710157701554,63.787175945329665,93.78516533020715,61.19721497291938
74.26701330670232,58.90475081257407,78.27809386869316,65.28691996103149,95.47830004875972,63.08957344793492
75.14387563626366,59.41645370671364,78.76346929409816,66.48396882864162,95.99427686482278,63.002336643873335
73.01649197369213,57.55924656943343,76.79003809567487,65.12587797859437,91.80411140214355,61.23182457137279
73.71929655956568,57.685067383632315,76.88508599472738,64.61196809240137,91.04680655627645,61.17253855625513
73.34879845595476,57.38016447674099,76.13495426069636,66.16779312528789,91.71668697043133,60.389094276573765
72.65021617338877,57.83727826558944,75.79711670425488,66.23228607251639,91.0896448354507,59.90418865166518
71.21177696107493,57.14557272666439,74.37676835858034,65.92442956370552,89.24332581463237,58.59492388214614
70.53838382432379,55.53242733113078,73.20447010209685,64.64326885309308,87.04131974906694,58.19487773962927
70.21370502592842,55.96473886248209,72.59780268173373,64.27838655956342,86.69839540849321,57.72208197344862
69.14304451319629,55.4590821886694,70.12967809465322,63.155517262726036,86.23536697781415,56.387942241773935
68.9856080149323,54.7542230395997,68.95360493778841,62.84565204340468,86.35521027851813,56.35818308613706
68.10782215681762,54.61336831818613,67.21139323871684,63.72871567644156,86.12606316573456,55.45782709359265
67.15932054744796,53.839097495892005,67.07223433954493,62.94672332976792,85.46584978282657,55.518278948846195
67.26225475359816,53.55251446675086,66.78831748078993,63.077351927133336,83.68831715512098,55.328469583965635
65.93056225605247,53.13356452485732,66.74001468344385,62.811970117554,83.35410503267909,55.439025419189875
64.75070270202357,51.975975967650854,65.18074722304728,61.852326887044974,80.78335196369025,53.952533431460694
66.49311457866536,52.783263194744855,65.5411390000265,62.80163515113893,81.93900252586259,54.20883271013529
67.09314373707345,53.166905602791026,67.02276343220848,62.543516487189216,83.14634440711104,54.49010137800602
65.8201393085701,52.57092496706352,66.45953047842318,61.45175509810457,82.69877735459771,53.50916263216014
66.39741203396426,52.61746402552827,67.0479663674257,62.27680414621394,83.4560127224453,53.678304694947165
67.2901846804598,52.38343738205123,66.93747982526888,61.2773071527571,84.44181981783264,54.24708848174701
68.67937666537094,53.524296890877885,68.51019612420568,61.75593222509178,85.61820940542921,54.59524751437594
69.90810908140824,54.0054819863505,69.07554067026568,62.084714570549295,86.2111557716372,54.8106602420182
70.13726468959014,54.03463616669713,68.51220070091397,61.999922959053315,86.34735117188202,54.5452461248797
72.6069413133977,55.111738455124666,68.99441966736802,63.4288102418263,87.68012995232534,55.35578406005657
71.43979496245598,54.82025206854876,69.3352406620452,64.11084282237145,86.2866870005913,54.99971343815521
71.27373770501607,55.34261146363162,69.73265165333848,63.00155701571669,85.96768664465542,54.80897015145251
72.13289552706215,56.72662990039198,70.52934517203646,62.800074235737775,87.19094917509017,54.83278799003807
71.28588781661975,55.19870712052116,69.44354157950896,61.32339633197021,85.66472100593043,54.10406914059743
70.06058571387906,55.72220680594847,68.89123924231677,60.057416918525064,85.44478129651694,53.69738429912009
71.566149120412,55.76648491130704,69.11202726118528,59.560734839339766,86.23089136449266,54.338989886984436
71.97345106006881,55.88552307606294,69.12259191287606,59.131708614364236,85.45954238383803,53.9190715249725
72.36645903898926,55.322230510194196,68.56410351647759,59.40691660146044,85.65677396963059,52.95781674649908
72.33025277389027,56.601863028240935,68.89214199097263,59.744639461370824,86.72918310370174,53.43402393221339
71.69158180796543,56.26737348914994,68.38272847089118,59.22563886932275,86.69755921376787,52.502374153774305
72.05452371477725,56.05456113459413,67.83497419383411,58.784635048814586,87.16168858722878,52.43175656769333
73.77684085549375,57.11775454066132,68.98154363534901,60.03724036266502,87.34812668195656,52.368483713857074
74.04515286726277,57.307185651515645,69.51947362132242,60.6887319021045,88.29573696797847,51.9274568343433
75.55636411925941,57.46711683936873,70.07710965251178,61.23861327702587,88.2095863878092,52.154632390600256
72.73366434874492,56.24349749308915,67.77738625751364,59.99154344290848,84.4934279531308,50.59932720685631
71.31875365496603,56.46712592918082,68.18950693524027,59.77821215709978,85.44664268797716,51.015559268337114
70.48042355756954,56.55711740248669,69.16809626328346,59.48476709472074,84.20378930616184,52.169651844089714
72.07669383218658,56.29139390484768,69.9779279998432,60.40833989935014,84.0598155689247,52.43382981916649
72.3582418440482,56.65800361978373,70.23752324577875,61.36979172961509,85.61290520646811,53.247593791960895
71.59569999628944,56.155718549048494,70.36845068580072,58.881538753163944,85.41714701035386,52.07946605388329
68.60787892172374,54.96303955014819,70.5684118666426,58.512622516765774,84.39309897408113,50.930447210396736
69.00629528199525,55.36336511038599,70.8296484643687,59.66784019359413,85.98113145162579,51.6327792341245
68.7626740454083,53.90952001507048,72.54391210295665,59.632538746283416,86.40950860924302,51.48193334563407
68.07272399944593,53.42134345923143,71.32676967673527,57.90789694555001,83.69647180687164,49.82237131845133
68.19990777062885,52.93273350272065,70.35075165480241,57.26735969228644,83.45113389000304,50.46459071649903
69.12726542206059,53.211283569984644,71.58506301585591,57.128337134855386,84.9174598375957,50.06562404775138
68.30198233161643,52.67168872564184,69.95480528192782,56.14410921904796,84.05558058345885,49.19250481218531
67.80059171700594,53.01211065704804,68.51073340510696,57.06439390218396,83.94928056654159,48.98044116846055
66.73226311259434,52.07561968022299,67.59500728391207,55.90322228630686,80.49159372987418,48.72118591519894
66.01526592166056,51.63850379305694,66.4853552206823,55.16851173307842,80.02561698483905,47.92483567780549
65.46190938760276,50.27988436297724,66.20183519062375,56.01482366377128,78.60378223289936,47.62942982373916
65.68571706646955,50.53331393041361,66.45524458858466,54.88189934573046,79.18916279595102,46.88527492325843
65.90109724951473,52.62452521596328,67.13240192572911,56.72212301953033,80.7908533935969,49.0505420562101
66.75662791957375,54.44487785671221,67.00495477362269,57.291516524298146,81.2144835191074,49.510142447553356
65.08074208599587,52.99588184452518,65.27112312668145,57.24654470007796,79.28662813035052,49.68254590494813
66.3633464687764,54.34747931399091,65.93884757296337,59.01147396402397,78.63306539726267,50.70357829844174
66.75854407727293,53.37003057171163,65.38556908761119,57.116873322280846,78.40308319959497,50.7594343352745
66.4851247812184,53.4863887468075,66.15445432316307,57.10560488713236,77.62448222788173,51.03953114636946
67.29855968730334,53.6860347164203,66.65959000789508,57.65314693756778,78.07920927392824,52.19050310546999
68.06714163901172,53.050027007825676,66.74584176469888,58.88208133519715,79.12141666744107,52.8939138376494
68.02853326888933,52.75105682339704,65.55695956180267,58.25783908385515,77.34023565237725,52.0825661743737
68.14169018600967,53.639468671510286,66.18755166886153,58.68719161056362,78.5060537559803,52.89091703899116
67.15786573727158,52.52130589312375,65.5980675523966,57.42850329050091,76.45128342928425,50.890601016215044
67.50849380839071,52.94692873501315,66.16204605750127,58.08708284061322,75.11578221950795,50.67693566763611
67.9240353199414,52.80237553655627,66.23039225184,58.21583329561994,73.52639852576522,50.410170098904
67.86726995304902,52.44918003664699,66.71927851556173,57.33281951244306,73.04346200463849,50.193705074489785
69.0991989568071,53.08203607268463,67.73132490266315,58.561167858232324,73.91456661761283,51.00474184439141
69.0860160148721,54.594902034777014,69.01427679211325,59.915654040680714,75.45379884291995,51.06406077249288
68.26636395136055,53.577806453893714,68.23816680092328,58.96188582299515,75.81914776920456,49.33642132173329
69.38498999061713,54.29281940884528,69.44583255193945,59.62589333051015,76.74927439604335,49.76602841261038
69.87992798874266,55.27943501944918,69.92798139053777,60.91103733183436,77.64892862623418,49.668874776437164
69.7107478910016,55.4997010149183,70.49429335806911,61.091259391094454,77.92822302905842,49.44784071627609
69.83481612773656,55.586724257143544,71.43418113242852,61.29894957571724,78.75732970076695,49.272789959147815
69.4416854527604,55.02442308377322,71.52315910879693,61.98526782415225,78.61075248589137,49.75779720243138
70.62078992765238,55.77426551286221,73.94807514864272,63.49614765649003,79.26028006079797,50.687727506736266
70.81772158380072,55.85235785046081,72.98390189185902,63.14193760157445,79.46615478420334,50.669965878201
69.03981323940968,54.69191821276779,72.32673165602448,62.291034162893325,78.48961481782511,49.89561507084941
67.36689273002905,54.48398724397857,72.40785891973913,61.92327966393342,78.20445663460468,49.90407582271867
67.33675001163648,54.02552906858043,73.69844599536577,61.76036442482548,78.52468999595725,50.27655768177513
65.77320463911224,54.07713001669565,72.49130012086927,61.93723523054221,79.36991738745394,50.322364802806845
66.51770235756813,55.419286023262266,72.256676237118,62.12020505039072,80.21536921745695,50.19374046503094
65.99801733455521,55.83715689927515,71.55188374261279,62.05317423927125,79.40365382028698,49.267801668886
67.11144259917872,55.69824814873412,72.58462424536008,62.88076742643031,80.35693799379456,49.887417839451025
67.26997997140667,56.4207739996856,72.82956525606265,63.1284618799504,80.09299692316881,49.8141387086755
67.41010359328864,55.70904974978332,72.17703274213389,63.314788624252756,79.67247091027166,50.0987257277734
67.77879777447932,56.603937489355275,74.27974949759674,64.33129924433263,81.41573287623886,50.33289935117186
66.88917726247651,55.85215957868452,74.0888181040048,64.05760863708612,80.29981647864481,49.5254416514932
68.26530065118385,54.76116710080011,73.18746981570746,64.86200957312593,81.17864649453293,49.657632535837315
68.07851674769752,54.36302663927901,71.82942367378391,64.35782126479042,80.40612304463933,49.28981625122958
68.72688735596307,55.30411662994139,73.7491751602143,65.28211957325499,83.69822895462559,49.4447746723965
68.8466526479847,54.73837763105357,73.75188370368443,64.28418544155329,82.48843809568285,49.34695124155959
69.7774522350453,54.97711596838281,74.67739675839037,64.20199691678908,82.01870485991755,49.845464512777205
70.84949760616156,55.23232247555753,74.90008010341917,64.5519398047511,84.36118797329878,50.65031023714979
70.64568274032031,55.15517515904693,74.33234531007453,64.82052720404576,83.21531290413597,50.45637096289862
70.89267676428402,55.29719058051918,73.08494134435523,65.45858869181308,82.63941195511825,50.29797923174264
71.29394803355092,55.00587375160097,73.06857948336305,66.86309421429041,81.96953307415869,49.87222159761414
70.51600241188007,53.40277094371351,70.4907110932606,65.12348757771478,79.42662118980105,48.723687618285965
70.11188106726566,53.74901761534504,69.81278570736279,65.17380608224066,78.46765780218666,48.8355190717706
70.09395277866997,53.18971980872588,71.12222974908477,65.86229702845198,79.61848113309534,49.770405383011905
69.56191598544598,53.50337483454008,71.26882594186628,65.83753990776631,79.85246599241277,49.77412202502653
68.74877304642897,52.5005831830488,69.96109913847246,64.5486037647301,78.75142279032607,48.62696567023714
69.38031567801492,52.70822898823535,68.43652593151593,63.898955672078785,76.90301337624953,48.02609925548624
71.53013903632308,54.17734103916933,68.04534609893552,64.27915714896547,77.98166552772274,48.124954599934895
72.68179044234626,55.05421214996003,68.95560335713719,63.273434902410195,79.33051299538965,49.289252250187396
72.47245186633285,55.37873376106315,67.71034317487553,63.148995056340695,79.98502149023368,49.294671064097436
73.51606361739312,57.09170261867771,67.62988647845901,63.42082577017112,81.52071171360964,49.69365889777212
72.64045473724791,58.02118988667655,67.78904967780544,64.23798788231686,81.98900009303014,50.237973922765505
74.0886250793896,58.54808578197886,67.8986852881766,63.888353573853614,82.26677849390065,49.69665369941086
75.79784923479076,60.71217216222268,69.26723307431448,64.70952228705417,84.30878541058593,50.34668971350133
75.34526148334645,60.52574398772729,69.34960777790636,64.94992034684307,85.2903430353503,49.52232539430742
74.69355896202303,61.005462468403444,68.22256164845967,64.38454280428921,84.0346373532111,49.117030602280884
74.54732801859895,62.69474934761522,68.92449639725089,66.0904539889829,85.33362843593406,50.44992310376503
73.73870925922536,61.79973003234766,67.4372956189899,64.67075611937484,85.8017367127498,50.334765209268696
70.41366940969958,62.13572211902804,66.53449894564346,63.751035180402106,84.98704555481658,49.39904502419956
71.83367133654784,62.85975949756791,67.49334000377326,65.72842108137604,88.14366799875273,50.44684368281882
69.90928019737004,62.84874574141602,66.8777216797741,64.9079093493083,86.82367854518914,50.39756584664491
70.47425908420558,62.84078234390327,68.17339276693744,65.21257704399127,88.03533665342806,50.95679959539312
71.37646754989727,62.674472259921494,69.1387221309383,66.39861699509667,88.96781410926127,51.292964682804595
70.76997224064978,61.969421369009346,66.2508017141491,64.84818630064495,87.02649580082189,50.324857217173744
71.82521728078929,62.637818219437804,66.3536714988721,66.61331520012124,88.49315562505056,51.97697894312849
71.81520089537658,62.61875816069345,66.10867498413357,66.18811198493084,86.84008196653913,52.30263594661844
71.14399523868533,62.86897266778215,67.63229573352162,67.58106724966332,86.58010283398099,53.52449299868736
71.33965001623042,62.50806609076633,68.18067697056259,67.48853192237041,87.43573532314792,53.65407894687475
69.66846052274957,62.71021302158919,68.00315428337882,66.29399375689067,87.44764480976603,53.611040000943525
69.63552424961239,62.03608214414228,67.93035959452244,64.66397878584432,87.07379433851179,53.4591141167912
68.46813301839845,60.98602941330602,66.37888642168832,63.26255730278289,86.3699070609288,51.942615267215594
67.96345544417737,60.271882997094835,66.19803574780316,62.626132463295654,86.62468483692459,51.27249997275297
68.47604468478293,61.268336013604035,67.17570164507958,64.33604771747699,86.35338584928132,52.139485040452904
68.03955270108578,60.54246546222283,67.44214800420966,64.28637614094959,86.59593356276932,51.85946055595015
67.89334716193697,60.963109254174746,67.33442149669922,63.42077051318307,86.98948441540091,51.37832754867057
69.33452426126361,61.42389166431919,67.10432322142117,64.48391274676949,87.33478371343753,52.319864269213085
69.57984359973814,62.724528945277896,68.65160544786613,67.2468738804619,88.48270732564279,53.53996782454228
72.00738223425132,64.13744442635088,70.48851192444981,69.4047499035804,90.41186670004448,54.886904121888946
72.2011761537225,63.62496500308371,69.1748076527263,68.24695388582049,90.68976632006171,54.26726745488419
72.38842502949082,64.07841463850397,69.20215048132007,68.05000271991199,90.43012220738905,53.530784743097556
75.77786875501357,65.01694872153627,70.58892376060079,69.9255551602676,92.88363622196596,55.10055936716683
75.45295592185128,65.64720125454656,70.29987415590227,69.24287927007909,92.87755300134533,54.8760933409537
76.42698335756836,66.75514180703023,70.25977885898304,69.11483329979187,92.7270573550528,55.164838141316075
74.74044580237116,65.5064200258522,69.83944223661531,69.01351743229503,91.47860308554374,53.962898265788866
76.86456430811407,65.57905533332767,69.8294467553943,68.76914772309932,89.16647799511874,54.66035944650342
77.8121160011167,67.02425290729028,70.05930715098997,69.58816949532806,90.68293342107712,55.69813636675578
76.25124567640366,65.91597365333088,69.33081875103262,68.22563461951756,88.78100465065639,55.31401931641074
75.1340959810626,64.10363207176565,67.86182187865093,66.60601649417535,88.37979535908242,53.27719596815781
73.74162756396927,64.31192341034425,68.34820604833388,67.82662634168268,88.50462442490556,53.21182911139307
74.78912511379549,64.96710428640421,67.78708035788455,67.1651544126669,89.9685731491473,54.3151382413024
76.34422000370657,66.68216313928008,69.85834214583012,68.21737959091757,90.79064251925283,55.08194864183679
76.00620876642796,66.34782826311186,70.4069588581782,67.71082631344488,90.14204084204644,54.83770291956119
75.96923306022983,65.76992444893327,71.166118556633,69.06559063052373,89.92121309017098,54.826743769062645
77.6444257838973,67.66160864496156,72.04586791586573,69.77573484305904,90.47867263093065,55.819004522043016
77.17067814248868,67.40149645839946,70.99587852343285,68.76001344601084,90.52774071740885,56.2267125361835
78.99338167433197,68.47492084606618,72.893166179034,70.5889810182266,92.26137307363018,58.04438442877841
78.45034909436774,69.3252892190062,71.99969886878925,70.02381409512144,91.36774566508034,58.1124531142383
78.3018160588851,67.50203438900098,70.8180554664445,69.2986855197315,87.20761766729812,57.47532154448036
75.43439488421087,66.31394093334987,68.99710990039112,68.88987882201059,86.06724284660929,55.634213101077926
75.08122616150543,65.59665230665925,70.23191104574846,68.69064764207762,86.7370035195365,56.103340799483064
74.85314096012208,66.12765459937351,70.6980111547844,68.81154462020514,86.71027603664695,56.22519144587264
73.99800361740404,66.16928193776899,69.34267891641959,67.42866256340395,85.74429215662357,55.76343483920184
73.4768683162454,65.15333277681589,68.31866726855047,64.69464323468769,84.47093556711968,54.41243937204568
74.81401155282717,66.98179934997975,71.06882997134367,65.04734590078982,86.16272363240977,54.26813449567422
75.32694123458275,68.64597456393413,72.25663044507468,65.73534868704056,86.07071979087078,55.28405224817239
76.63916202298319,69.15747627781187,72.81735873066226,66.82616649922599,86.15541294751267,55.58939268957344
76.0832716987266,68.66271247410103,74.11173650938161,66.71530403402572,86.72045064902126,56.37683225231701
76.89684512473251,69.00707531939672,74.4557904041265,67.72952315655397,86.38652953877947,56.216423606962856
78.54010362659102,70.07057940030377,73.54018365113723,68.17953336716047,86.81132969892995,56.291001570084
80.04976226949923,71.46129573757585,74.04572998080525,68.05639915482585,88.1714365451827,55.77653776351682
79.7330840971081,70.59307181124186,74.19731616451448,66.90257492751431,87.4239507817769,56.100775186615856
80.08772101664994,71.52477308908666,75.54839528568164,67.38868652196737,88.14878385269695,56.59135582676541
79.4468118833229,72.3162823559186,75.6360982606361,67.6305763030206,89.35161751550605,56.75982952858531
77.39098447387255,70.68718425394904,72.8892895261215,66.1020822404913,87.59098682008776,55.04301826199087
77.43157724217346,71.8536569715049,73.0354974565288,65.55721453841801,87.64292794375244,54.53016679967208
76.66535001627027,73.76566243641612,72.98495851257994,64.56217541720278,88.1923302037129,54.680788563095504
76.66764833750028,73.25730893878776,72.93457421300005,63.84312397707252,87.17524795868796,54.04199964282831
76.93642972617387,74.27736303940544,72.66683413377628,63.48753721521364,88.31730326021443,54.06230571899264
76.59813657623361,72.47858427639918,71.11608333081598,63.0031219835607,88.33885967293163,53.211457398620006
77.34395391913188,71.24386602635492,70.8759139687454,62.01483090129787,88.15205899607103,52.81226213357771
79.56972646496702,72.14634701304263,71.9481417331718,63.568923908050635,88.66972930222248,54.31253048982996
78.16526933722702,71.89688657341122,71.62523433185086,63.68470179007707,88.57140464052137,54.67605028680518
79.18060469960925,71.17567403588069,70.85090840604988,62.77602359860365,87.15122929458236,55.45077394044028
79.49778967953236,71.43303446188874,71.08780289318443,63.382322238668905,87.98736531445901,56.43810224172337
78.68893387758357,71.57428499219677,70.24349490023302,62.844321335376215,87.58976269569526,56.061379783269004
79.14941983137672,71.53743468357396,69.71495663503524,64.11228628215315,89.08031514570332,56.682732837371915
78.35393416832785,70.06120897081105,68.76955447561453,62.6487541152293,88.35727474910945,54.82015718883297
79.74026909800375,71.29580228621805,71.37863244171373,63.859148665381475,89.79649087633962,55.66990688788567
81.55832691333012,71.51053012625619,71.71292389947007,64.48621730881494,90.35746021662138,56.144146886836786
78.0933337324311,69.61084710979645,70.004660339006,64.54016694160556,88.85450010202307,55.46525692358445
78.61207949567691,71.25342407828595,69.33445004215504,65.1788594245153,89.08945412363157,56.70270900446737
79.60708095710544,71.70608580359797,71.03408113276068,64.68681822427715,88.64879031950105,57.479772389599525
80.64159914813264,72.8218419110006,72.31344581413056,64.60794044021553,89.42765848325136,58.14801845330133
81.75471238326345,73.70618039627728,74.92109989549554,65.01183393406083,91.14744392744525,58.99504799353017
83.37278970275496,73.1757028149537,74.64898967450077,64.38357054893073,90.83626076165704,59.56376230845138
83.25292006510513,73.21329069746639,73.88574281097698,64.43677339792107,91.4176214727131,58.05572122080275
81.00062301138522,73.06074542498108,73.86949584754937,62.71209326640325,88.4757827717761,56.897295550129364
81.63560720602632,74.64962560162914,75.13422687671478,62.58271102570555,88.32841229908963,58.3079896014081
81.94827716230395,76.04971277800702,76.69295451370198,62.62937113206901,88.95422597311641,60.053751297237646
82.12787240179098,75.42117895891364,77.71317470309336,62.75162514613164,87.78878640679689,59.34979465991469
79.83362741933861,71.98519557140794,75.36863728420458,60.96270515937911,84.91291659449153,57.92422838252471
80.65831011193958,72.89492372427966,75.72663398415934,62.041774924426285,86.11455935469407,59.023191462118085
80.44588436491308,71.30942926737464,73.4530694641562,61.63491261258016,84.89072192240135,58.61447325607567
80.6346636615409,73.6774639142005,74.3254071422455,62.126242939024394,85.45304450273774,58.44509816549334
80.58883653285555,74.44839416384228,74.02008756195016,62.72659878433515,85.7711282577335,58.62209554245303
83.31408338683381,76.29697936014595,76.89780297449443,63.99031357113553,88.42557939900387,60.87707639113593
82.11669748409666,76.13604752280648,75.19752142112475,63.000295405597015,86.38350052380106,60.62751242167218
82.40604404255436,76.67517321295387,74.49844647295164,63.1174729652038,86.23825082224108,61.20496084353385
81.221355621642,76.0312459084808,73.32518815329668,63.73512760553573,85.73951602441804,60.30220444481445
81.1747284200359,77.4038575601114,74.08392338189233,63.67076757694401,86.45827767528101,60.70143362644015
82.68212881572349,79.18667427268454,75.14215491733768,64.14438527941452,87.93975775663311,61.26972445355533
80.63568955708651,78.04433407561025,73.98944681302784,64.02233848175497,86.90846852356698,60.43190985200696
80.58421102643555,78.55953941148306,74.07250776285042,63.45375314929902,86.64232079358352,60.473883334756245
80.03295427610183,79.34752535140868,73.59242628829965,65.2823325773607,88.76589474656531,59.93421395419468
79.35687730249634,77.64393780807244,73.25720481653515,65.01288578074198,87.92620353881743,58.82034410103083
77.50284191106488,77.43712846466964,72.73716000402449,65.00896702878745,88.58925671780952,59.60443324920201
75.55302051544356,75.38447386849016,71.54901171839832,63.50825135892903,87.61180592029498,58.671058721426576
76.0253504914646,76.1182820415514,71.57138069210846,63.43095936644451,88.45088794399221,58.83433398509809
75.67121673083857,75.17837044945405,71.59740064211928,62.65978343829982,88.26927659283069,58.93428457221981
76.28403026703391,74.73340537158255,72.1655966885229,62.501188140154014,88.68665381707379,58.770469301412675
75.55406112028939,73.78528318129494,71.10706707306117,61.76426085312014,86.6228166901355,58.37714651485955
74.42725584559554,73.21360341045484,71.39321224732979,61.50210846018276,85.73544445367932,57.09219595601487
75.47101263921382,74.68119995854147,72.37537863178747,61.34113765509087,87.24709762424968,57.510002905366896
73.51252008575067,72.84059869974543,72.08633938005175,59.292712520928205,86.50301443572667,57.26484853278263
74.50184857663378,73.46402740808017,72.6961817762891,60.403194064551215,85.92597787782942,57.076685667852445
76.32476899583195,73.81556209428138,74.09020060859123,60.73989753093438,85.40571027318566,56.854736111410084
78.03448655016969,74.06875983242149,75.44897651898886,61.269802915233946,88.27153334477026,57.009510473391515
77.51376869110392,73.9625082716615,76.07977271323178,62.42148637819871,89.29988734979673,57.26700052836492
77.11705797206866,73.00189676915623,77.01948582475883,62.44765053398857,88.29823454962826,57.389179851967384
77.43715150268908,71.79934612312204,75.70839714208097,62.500537340038946,87.69127424132415,57.022122604024666
79.11218406743275,72.75033045447215,76.96604458950911,62.880949161057,88.03752600290497,57.784758543181105
79.53626964623884,72.63001234475834,75.73653493967345,62.81441921938044,87.46318439604977,58.38819595535727
78.72137016446457,70.46386834101746,75.31188804044255,62.96058274920704,86.02757356310659,57.212290976836776
79.8917026423667,70.11307398384835,75.76242315564527,62.102105265761196,86.84590654159607,57.57072271763628
79.10850553730465,71.19821373061828,75.90124289019728,61.58136217503251,88.50835278515525,57.12705488851345
79.32678568645697,72.84137850567448,77.29966815660634,62.163753423145984,88.26384648943271,57.75686357312683
79.76293540852612,72.81780213537779,75.22327021821197,61.43413817375543,86.13286399750562,56.16281223691591
78.02327652925203,72.12633597525628,74.31066261688233,60.10162542202386,86.20304241954912,55.391817632821045
77.96112611728219,72.10266227416757,76.04507298171687,59.342462491749984,87.47097022059694,55.539231649312235
79.24754533240173,73.65463657374859,77.04536137279096,60.798023000181,88.72756547916954,56.08709404434157
79.4985623849645,74.19367801504661,77.5155651871902,61.27331015223886,86.91114143180945,55.70724539531254
80.78500681120474,75.04737510681201,78.87474717896187,61.708903898606295,88.29799864728624,56.602968476817686
81.55255979565072,75.78213563180341,78.47074172415917,61.61466329538638,88.75299595488387,56.13704257582535
82.68384464615683,77.77109119382439,80.06104874745348,62.208132594788324,88.0906276465728,56.860216523584555
84.43830695632084,78.71657319852797,81.29231445994726,63.45238744131209,89.29392376251025,57.06615703863907
85.11633862571891,76.64152002794575,79.34999186696781,62.27030818846364,87.48583135514048,57.17368808726703
85.24973333881294,76.46785442364103,79.02152308126229,62.27348449626454,88.76309791507404,57.55391213207931
84.45722131965505,76.05324023629763,78.15997475332578,61.769398902659354,88.65296260221916,57.16687984625668
82.01030642576727,75.02023089420528,76.98081415029391,60.76153272814134,85.65729491785807,57.03853378375196
79.95907614839375,74.16021359429202,76.62082129444678,60.44927224160448,84.77280636145828,56.23607797429288
77.3650962927998,73.97038203347586,74.16283719852477,59.992376726582236,82.5798778386993,55.136824829701006
76.83917117413819,73.59994395147989,73.02871711815598,60.42955110282369,81.46199646191377,54.56707078572406
75.31053006795483,73.419942522565,73.3028676460736,60.259066729546475,81.28196432548093,52.75255849618804
78.00564144582209,74.59878361155903,74.31823846445373,60.61824230312904,83.44245064231974,53.58156051259992
78.31602213992531,73.73654788228122,74.47521268609043,59.34415600756018,81.85452439227045,51.66422132115579
80.66420647779984,75.00775292332594,76.00169727114552,59.90921484497195,83.03901410492612,53.622969358999235
81.08847942473578,74.92465156080287,76.14408578295969,59.92075279110219,83.44131863117802,54.470394931218586
81.42385079312653,73.82903092401705,76.69504487967288,59.58119394132963,82.44190239557375,54.42600596810958
80.36328581038548,74.08481394821138,76.15672785791372,58.15850418994487,80.79733059829368,53.019887653869205
80.81000757683394,74.16931029920369,75.89551944718794,57.76705718019754,80.76119670503559,53.41367228969126
81.67760852180844,74.13038587496587,76.88170211085499,58.59994897700416,81.538816925171,53.93067683567457
81.65171030058141,74.79736912647076,76.64803986943545,59.691995100751114,84.19047162860268,54.37310819241577
81.25692817173893,72.9987006863229,75.46164423039389,59.084042703385656,83.35060364534004,53.08060339549471
80.19235038413744,73.31926828628937,74.31409844470984,58.8553193081372,82.67576148448698,52.22448899071996
82.29461641395248,74.58087794584684,77.16791068901107,60.084739206440865,85.74262671715664,53.27333515311021
81.22269917084247,74.40824592557614,76.13265448293696,58.95375816810522,84.19225657386315,53.12209373775978
81.82386441951185,73.45824823757405,75.35584607895427,59.53461433472741,85.4686821579824,53.49455806317193
82.46450899593783,74.0513909714652,75.78292287036139,58.346818458011484,86.71077926578431,53.52222014933008
80.39052280742958,73.02956898541167,75.56478655035679,57.78134671386089,84.96688349662499,52.20856890985632
80.59872948431291,73.16933648511315,75.45885787294077,58.57135172181991,85.97249312899241,51.651050114041404
82.52459898488975,73.99053019110404,74.76611624941758,58.49364577364794,85.35660476924578,50.02441063873113
81.35160786650472,72.83749439220736,72.92432671408821,57.90216019695443,84.67274775182271,49.22749292007409
78.157071204059,70.8945078622213,70.99313412675923,56.165803228734745,84.03070134789405,48.546463535045106
79.3375882461923,72.32578119385157,71.87499937359472,56.01507489130012,84.40783511259441,49.95672855705728
79.0826961998874,72.77521256127443,71.63916474097327,55.39732770120543,83.91203264085432,50.86021376383546
78.63717362692681,71.66879904101299,70.44348835177526,53.03064219609637,82.45196857540743,50.080277589419964
79.96369420671789,74.03534424101093,73.50951914018911,54.45668873203328,84.1094409296315,51.085325557924705
81.38369232554037,73.39506396246173,73.55007740866859,54.753963110419704,84.40158681287622,50.85029173390556
78.64649162889538,71.19615017688919,70.37761343432487,53.87486033845566,82.61578965236167,50.435175074584514
76.96887695532979,70.91565982701151,69.57897721408185,52.935621532189444,83.42137759399958,50.43659660658363
76.55275508013848,70.3630252565425,69.00970526515185,52.3477338023333,82.6797326094587,50.85186209410428
78.63244241924076,72.00190179797306,70.78469737174387,53.284226897219426,85.38175077989979,52.02442457310694
77.82505747384066,72.0418521280262,71.54453606420009,52.80274447145604,85.5901032802176,51.53148277056218
76.34109558349316,70.38224437001507,70.5996077209255,52.119353528991944,83.43539294789724,50.84769576865525
76.6132976273647,69.67846366741911,70.96565587951561,51.56493260533067,83.20624260968363,50.34063574299171
75.90080114003761,67.5756114503607,69.97255118142819,50.51171167291067,80.84916411327997,49.25293168473738
74.74392781635414,66.16826618282286,69.25061951498233,49.773705273151045,79.9253391195755,47.98917318079456
75.5900324314882,67.02060194042099,69.84215010807749,50.68937774864041,81.40857597120001,49.27820633087259
76.00162341447766,66.24657872640161,70.02281343696384,49.81776727300179,79.87214940708868,48.84142048834088
73.87982010938843,65.1036381963646,67.95371127345892,49.29442644233272,78.00246961492705,47.417265875554484
72.82942853756286,63.39575613213683,67.21458912279722,48.9909724777764,75.98050874657118,46.97837357122761
71.94665534582907,63.131569690854334,67.76464453367255,50.0358955617597,75.91129984729271,46.71090548834321
69.90350678504026,62.11237419739369,66.9902501480313,48.88318208078991,75.11707523342142,45.66269500227338
68.85823568969407,62.61973641864835,65.08417695261858,48.2353019712303,73.45707493288444,45.06629104220992
69.51471720796137,63.54533008343583,64.4899902081037,48.82889603444451,72.7951966177016,44.84158749078013
69.7332432592645,65.00159432076372,63.93816090533215,48.79473495475008,73.49022943433094,46.02173736672028
69.28673552536907,64.90801670335472,63.274336887222134,48.61158214323626,71.87546285044893,45.47781305108021
67.77851100395775,64.25891259373556,63.197438232223966,48.98737919785302,72.01875752585096,44.913237604929336
68.21233516942445,65.13812823476712,63.622531092339884,49.539958570709935,72.95224297587045,45.77061021442705
68.6550833459245,65.79975875325451,63.45916111707158,50.31848010975488,73.29933125331975,46.361195187183526
69.3968526283706,65.80578322962197,63.99013796986613,50.07243599797297,73.52652849387465,46.28544510082802
68.54601801609626,65.68450760643698,63.98232994817371,49.70929734112975,73.90676392907501,45.92538154088634
67.9898875447714,63.59032446840873,63.816679870394296,49.2912245983468,72.3718132841381,46.18666303944838
67.92251556044317,65.27613083219045,64.1706665960312,49.82056235373598,72.81260325354785,46.84554753009801
66.86818997896265,65.19734685384454,64.71243322324706,49.97338274394768,71.9881448662419,46.64321918625124
65.49281985232334,64.34278925642082,63.38930787493266,49.3587047436991,71.89611365874609,45.26676238106485
66.67864247184791,65.04263852198724,63.20112867735817,49.13903245119702,72.40099177808854,45.40854390434576
66.49665100481357,67.00864853077073,63.97791549775146,49.85288834251007,72.53101049697628,45.200535812020476
65.78656294374996,65.95399517096766,63.812210106208305,49.60043327905896,71.60011451299592,44.34186426963945
65.37937680211671,64.6708420401595,61.07741512412065,48.01857640035038,69.52334389889897,43.3354178365164
65.05952567242754,64.93546450091698,61.35257660872691,48.55890958788886,70.19358360130386,43.04477649065623
64.51539729163414,64.15545788290002,62.54723015644199,48.69701950689708,70.78558269109622,43.35821264853568
65.39876016649384,64.58300136089724,62.5095025135853,48.77457522409945,69.76667284821127,43.52095440078735
66.07218141446113,64.701041151029,62.8620841712556,49.748548471281005,70.85074561319806,43.9808550271626
65.87233539827473,65.18558284944368,63.15245919266274,49.03655932142701,70.70025666640821,44.23706622057797
66.15442173064392,64.89356203591119,63.14618701888049,48.27014579867272,70.78389287331699,44.38245589219847
66.84059528112333,65.65330708859862,63.425499379053086,48.50726881289458,71.45074053399361,43.81835790121126
65.78784838706962,65.43738179327893,63.51394956526475,47.44760068791632,70.44973970507134,43.34514283071626
65.86524556164368,64.28808031406852,63.678441579613114,47.374987149449076,69.94464556554898,43.08631920423953
65.57586305416542,62.736437758341296,63.10002284748005,46.85362463532034,70.18985660301311,42.133663184015575
65.91469465290771,64.73240263773127,63.827289354997326,47.30147967643559,71.37894471097744,42.659801691635856
65.1429689166544,63.99266557084304,64.00113123741663,47.927676699950545,72.45582284556536,42.91995068123048
66.04999024887321,65.21949958313648,64.7131177974302,48.53723702002288,73.43141892576489,43.35869377977474
66.30115531725335,65.5973659403142,64.70290985708024,48.76689115808779,73.70711917134808,43.2863282780621
66.53560934954808,65.88138843221365,65.70987822502995,48.77033924843631,73.81391191096546,43.27888589550483
66.07869011965919,64.93905566711369,65.42356021730258,48.21693647020585,73.63626055019218,43.46918556109462
65.38639681738961,65.00886100561986,64.34040336832405,47.48369613995383,74.33035313239044,42.97728260277779
65.87979670547799,64.2086176172391,65.18169081813308,47.519248018538946,74.64437753858529,43.29325838047589
67.24908208005606,63.96504455018489,65.32385695407005,47.673680620061475,75.73307107885623,42.77879133841114
65.74246836742678,62.87059526806981,65.30960865742782,47.820432565596526,74.8060663130302,43.533182045401574
65.73497715462909,63.37852936402466,64.35484702828806,48.13134345135154,74.35047541721534,43.417402457036886
67.08057234709544,65.47565274693017,65.74462626409561,49.89564104396659,76.25728425093341,44.03544521657214
66.19745851642053,65.54909752475754,67.0990811394957,49.35884632834637,75.6753791284736,43.8882346968061
65.2995297506993,65.74730403777542,67.3955882160332,48.76955452762998,74.36684464079221,43.356574983128056
64.18431458378106,65.02337378322878,66.21152080366882,48.09974984500217,73.48816114676718,42.16530532955896
64.18791872923792,65.94345070860301,66.85232778452121,48.392133483767495,75.2220349140103,41.852800556735616
64.79240020124136,67.05689519640417,66.67004453624016,47.91514461014315,75.24092750969722,41.80704582682047
64.09961407810181,66.47516992226795,66.93712834091336,48.00082210357721,74.4388886659666,41.68171864985304
64.23582573042358,66.83689177936147,67.36391660033217,48.15992190948207,74.94112749409764,42.2483853405165
63.392151982483966,65.49874220200294,67.82983587522307,47.64305377763803,75.32149968300884,41.852111097038936
63.289005645103295,65.56598836525986,68.35130168338371,48.20555278925882,77.13550134444162,41.97696921540156
63.82126737497812,67.45331599063677,69.77336779170822,48.68161890773142,78.24506414926051,43.33573824850902
64.66174580068645,67.24325240580026,70.45688039668774,48.626428494963214,79.67783964693047,44.01122914369473
64.94992891654599,67.68825295305201,69.86892466357828,49.41237796958777,81.14821226574328,43.97912909058348
65.4002409902355,68.96569129359568,69.84251686460253,49.84951056966174,82.12552746798332,44.128660177351584
66.407364759658,68.608688266292,69.89498843113145,50.20761408477637,82.4725208652837,44.64722057509973
65.16133135838687,67.14105872779332,68.86083764703103,49.569854411702785,81.82288259085736,43.88847497958036
65.81211355832653,67.10792457954098,68.71219938775172,49.36015563620978,81.76046038336264,43.53368036862541
67.44116552349854,68.64083922725048,71.50064769992537,50.29850871958869,83.37068170076684,44.858089697645575
67.50515669500395,68.89886064427549,71.5271125060832,50.08924656717578,82.86008715410252,44.22681436718483
67.2630800986782,69.26484881972547,70.37500525034632,49.77243778478058,83.45650264770548,44.181476864080956
69.19441968529078,69.72058726864267,71.55871639119876,49.82202737774184,84.11555694944619,43.3443043973869
68.36113163248808,69.36059581740818,70.23506302880527,49.260032337698384,82.67999183594371,41.798509176265874
69.21626563061105,69.73343389057005,70.28328944422478,49.43331246394386,83.45153796567783,43.09393790918167
68.44809715156882,69.32677324115315,69.35897132275065,48.570722951962004,81.37694299417007,42.777532468894016
68.80724234327334,68.93833336517092,68.27964203504843,48.32491383789632,80.62380830431184,42.778605095857614
69.18890333889969,67.99946754573752,68.45674574912691,48.40339544154169,78.89273470641265,43.13420293991058
68.22470161496283,68.29264136367584,67.98028846762382,48.416203462428946,78.64422780670274,43.39410674511417
66.87134233909497,67.72326669847176,67.67132924591881,48.200075101242405,77.84419717829341,42.47822209211377
66.77251396088695,69.26066508138503,66.54441782452345,47.93615128837498,79.50865478058414,42.3100067336863
67.07616395916358,70.74883230618997,66.92800807326878,48.521410571974975,80.18303872663039,41.84810280033169
69.09660612800381,70.8887901240987,66.77462684465192,48.134559466113274,81.08792461559655,41.542845418608415
68.65219418170751,72.09712652971082,66.27180681690665,48.150583358089314,79.10650826008597,41.38410212180282
69.42293291877758,72.60977120106466,66.82271144132216,49.20531955347053,80.84704738594809,41.90993663440938
68.70922107422705,72.41971477352939,66.84382936673829,49.18057340737292,81.8541282720823,42.4466247050186
69.66242843499896,72.68459364037166,68.3605071079459,49.745804934881036,82.57092818646727,43.24389813163574
69.92701478692165,72.19240642627102,69.21216159313877,49.15561728505004,81.54823519326064,43.06414057066716
72.51322416754005,74.56541614559472,71.0817441358558,50.75364884342305,85.27644069651036,43.85305614465348
72.12262623612033,74.88755115069748,70.70075526548497,50.22997166429456,85.04270046093542,43.208797151995014
72.42574390619143,75.44972607049866,71.00008539140602,51.3953313055837,86.42760128472004,43.62383394235885
72.87043448321045,75.68245747174201,72.22466727387909,52.492206088671416,87.54138740847067,44.91496642768478
72.73924255585297,75.15211846476048,71.25498352051856,52.153373227474006,87.0041264741408,44.51645376120288
70.24121128189117,72.27727661505907,69.02410204692393,51.02776237490583,84.41095173389664,43.81403726613491
70.04596055930553,72.0532057329847,68.96410755255555,50.19422630994379,85.31038578667163,43.33748001080651
70.35750798779144,71.71657907843004,70.20746003410508,50.248208194688885,86.21752301026511,43.89318962314189
70.87559662559373,72.27895920744724,71.9798182133813,51.43782962428811,88.8477329395002,44.822360268134375
71.4327855753253,75.21307206707056,73.67993897881921,52.71153679135795,90.69946820054122,45.60725386174128
71.0028732831129,75.5229796407011,73.94897920426135,52.48744830303972,89.73099209768039,45.67400210010875
71.25076649589155,75.30802898227196,74.82970232118362,53.57489440822042,89.79640200765202,46.7923419223328
70.63717614092462,74.90706057300591,73.18042083656529,53.108277398345756,90.05575667587759,46.89627310634623
71.08767146622624,74.16131582826733,72.71576627932626,52.738771125097564,90.92305344706442,47.642705713411175
72.11043774267024,73.62517116611495,72.96773917650265,52.72917861222496,90.546936150976,47.91617060960959
72.02604072964895,74.06732174786838,72.36576277186528,52.37943612090269,91.33516432785152,47.52993492661226
73.00865305859357,75.73216151183698,73.93843845026869,53.546426282330074,91.67109695521953,48.23816374206641
73.04547293089233,76.85813583984982,74.15627531075968,52.881644220001185,91.55509928898474,47.995100630405716
71.66985777643569,76.08194176365527,75.53835400958086,52.56856221392096,91.06298574621633,48.00102925843899
71.20077712944385,76.83451426503083,74.11394528741081,51.737266710397265,88.94990844675073,48.112196909027496
72.79182868111157,77.6789773073842,74.30736364567369,52.943329004455705,89.09910896850387,48.26934253562827
71.82962333278752,77.61367916214401,74.6927231436804,52.80590055089419,89.32703946217322,48.274472295865024
69.96221242970678,77.47367429920358,74.42545025044706,52.79007858460152,89.2085965696935,48.294867909025186
69.60244458056299,77.30235762912011,75.88740420666903,53.27182007722395,92.06715891830903,48.0857736236395
70.53289385808219,77.9979685269684,78.76858949334039,54.553569646556056,93.61053065165068,49.376979551814856
70.23375812516994,77.97345289674085,77.40265320577195,54.43262183777246,91.67439136186155,49.32318260056878
70.28256325922806,78.32981341500928,77.46619815558104,54.14542340477333,91.9056140057963,49.60734194642916
69.58431176918978,78.44476045921884,78.593775898116,55.080475506642216,92.55277686625894,50.49921441583338
71.14464089725699,78.20697041349995,78.89585106360488,55.9007615247052,93.94227136392696,50.79976861389472
70.80170044860857,79.00484500703104,78.5209881339744,55.838950686280285,93.7022975463328,51.10215890125389
69.23903701186583,78.24202265194488,79.00274471722274,55.00155272214877,94.73851803742443,50.700223319120006
69.56768815024303,78.68149538244258,78.31971401055567,54.98581847910568,94.12812600459617,51.08040188202498
71.52965098878079,81.25666576246677,80.22111317261894,56.06730532819575,96.75501378415748,52.18782768585573
72.0009268238025,79.22481565125521,82.06992550584914,56.17634664695451,96.43007017132832,51.60281068276448
72.03774608241257,79.76053024502262,82.15212731623868,56.31628261737081,98.05833011884089,51.43974485613063
72.87544611227004,81.102479879355,82.54893668607443,56.799509202982755,100.23953929328718,51.698212995763654
74.2842593652159,82.73518258845411,82.94158532896907,57.56081595186809,100.68782542604797,52.62757448422694
75.19589822434877,84.68585160954912,84.18509938745888,59.16243246950118,103.79044246842206,53.98136896609505
73.78026977399702,82.77885346659289,83.90260901998164,58.89770734673704,102.50317823484383,53.33071994097154
73.065765624551,82.67193660745745,82.7301063042504,59.570223550934536,103.57093837266933,52.662596729871844
74.21076081967522,82.44614845128578,84.4646236985263,60.1254371345587,104.97351135508072,53.513168794502285
74.00970551562428,82.00954587656375,83.35064814638748,61.22230780913335,104.97578332302785,53.99946682733804
75.74707722568755,83.6480818970247,85.21131833087854,62.58575437202296,105.78592752367418,54.17631532527266
76.02705479971902,82.4208830568955,85.17250472013608,62.194225759659375,105.77870477220728,54.52337052687581
77.28302378785976,82.64547876211414,85.0953955384725,63.56794239064229,105.81972452273759,54.87401557147471
77.78308037038983,83.55741032481781,85.44807118811144,65.12129251105806,106.17792596076279,54.0257311605058
77.60875297546595,84.39552821559056,85.46701813010417,64.0919523769092,103.3466234228717,53.869277696191546
75.66496998007577,83.77544838509019,85.01067283580845,63.42164986963697,103.45617752534795,52.90650728657786
74.71530237533496,85.45259648944484,85.15090903693739,63.493394685061276,104.90395208772543,52.97045734953104
74.94863597522537,86.04865667779704,85.00452441501072,63.938809230836966,104.59393155747888,53.57225040454499
73.34145991263162,84.3757436540626,83.58945667162551,61.72539357158826,103.44462696979511,52.563828433016354
74.0314236112257,86.34763861411561,83.8765201552658,64.0011456724907,102.86409209452779,53.880318915635854
74.15265694545376,85.68971379913405,84.22215811134339,63.32950637155162,101.29723776034052,52.932024225282305
72.79543033046363,86.16992128591544,82.3741022091455,62.455949374183746,98.09634050493669,52.29620801356402
72.0722414692978,88.39171362500709,82.5248925330146,62.52592551552031,98.91482983149344,52.29822005168502
74.2119377170483,89.918402931556,83.98136217016759,63.4099049506619,100.22286692309306,53.37469346711189
74.74889345476414,91.68691551027767,82.34860490513705,63.793977006688465,101.40679668047174,53.9481635463794
77.68396917615235,92.89661258870511,83.7255050359788,64.72821228660237,103.5728895653596,54.35333882045256
78.65834765552319,93.16230595677985,84.27314728467805,64.56833708258681,104.03483459344976,54.1850345980724
76.92305342218027,93.1652546702966,83.34351216555491,63.81672150471238,103.8569412580745,52.76703288402619
75.71210865841918,91.44885455013534,82.59391909982843,62.39267164192733,103.54402280069588,52.851215482701306
77.71003274544208,92.10586159299642,83.29432787871092,63.384757690818766,104.77294155163223,54.290346341710986
77.79153764339384,91.95457644537412,83.15215585018369,63.86485735636194,103.01444674194475,53.24577948419024
76.34836519975049,91.49791709535376,80.85342078734145,64.00409533460854,103.26848693039886,53.05286691257524
76.33363545028922,90.66776131155558,81.7962626984573,64.31028349461553,101.92921216270288,54.631566236920435
74.8310437974006,90.49053348196063,81.50131410791408,63.78094381176069,100.9422245078114,55.17164978335312
76.0290680613095,92.36448881553443,80.6650478057696,64.95625967473843,103.53249640458985,55.74467704052685
73.82554112209627,91.47814640437568,78.66221956609057,64.51517606084288,103.12075130139756,55.024197975328406
76.15652122917791,90.68988795967981,80.12127334000493,64.71384088741841,102.47555646518465,54.94247132101329
77.01562682644764,90.78876327896876,80.78910854873416,64.92818862054712,103.72022635253563,55.39753404120009
77.39683360551555,92.31221593951776,80.79633454519946,64.48758096521678,102.44552471367929,54.39085171326894
76.6345025044644,91.02130026899965,79.9443587884866,63.227764170812186,102.1149147664304,54.044784933810384
77.55006148611876,92.83648866682468,80.22402942804203,64.1996385972065,104.11798428844405,55.78256135542499
77.18599601849051,92.19125514261438,78.83161237316689,62.92512551104022,103.05863089055576,55.347912621289865
75.55341124864925,89.89874711560574,77.61994032021857,61.175305477059794,102.54847969734267,53.985177229944256
74.92587538727102,88.59269338427298,76.85463741313293,60.54706001642709,99.94292798883905,53.722811004962864
73.18989151484436,86.69491490103832,75.9952977409792,59.035722768980655,99.09692296294597,52.386346462138526
72.15839242273948,85.37894381596143,75.73453766120817,58.37837267282887,95.71082781330442,52.37538598237927
70.63115333533507,82.44729991910772,72.88738659345985,56.918931613528535,92.84186943703457,51.75640428553958
70.22962899382146,81.27515216105498,71.29005618564081,55.12053927269076,91.45343014677346,50.49230973002012
69.38890886130277,81.50798363079132,69.41406815137562,54.515204525365874,90.96701180210061,49.35774379424428
69.09531739233171,82.00495010303385,68.605397490551,54.280690481045774,89.98101381750344,48.99555761790682
67.81519333551043,81.30882242532668,67.36066953525608,53.3973544769723,87.72169010968314,48.723813121821955
67.71095388671968,83.0335617531067,66.8033600268825,53.2296284345198,88.48959978428773,48.01127404536429
66.2899739591439,81.96229288872063,66.12553791634474,52.81319877306706,87.40125447331411,47.482108594990535
66.40150769951146,82.10809669486808,66.05433718730637,52.12075051144569,86.830158871265,47.988424892170784
65.3554535304178,80.41133343841734,64.64659118910131,50.97722516341354,85.08916299286366,47.8052885601294
64.64357878725149,80.74434574109465,64.9441300019481,50.72819566245012,85.18514508454021,47.91323279326526
65.76536972728287,80.22732075410144,64.03170865714205,51.00863436225034,84.13796868032226,48.09524429690001
64.09628281811797,79.91803053342133,63.81981221468539,51.2393937397081,84.90588108952973,48.01823167879853
63.334927922079615,78.82204073288588,64.68513793269851,50.89254468357022,85.22017947344652,48.66591648677557
64.14933357622813,79.13121373829287,65.12385302242954,52.15584899454471,87.28815414648194,49.096008372742496
64.8143090048976,78.99433531685366,66.53708704892081,51.92127447100197,88.9606428264102,49.43894593513858
66.1212557085503,79.71637913455547,65.04276637341547,52.62977678725571,90.29952768132469,50.92771398918672
66.2230348920539,80.10699858514795,65.42318310177663,52.84514348483484,89.59945057025999,50.69434244334028
67.85155571199856,81.04172009189824,66.26535811479488,54.07944132874885,92.77412595495207,51.27444650250878
65.74928457468357,79.98867226847801,65.45827846892355,53.89450465149156,91.41799770897622,50.70611705999581
65.78625168797517,79.52433819114641,64.76236634440023,54.224495119228486,92.36730441567626,51.00805459396335
66.17832175554607,80.4387908168975,63.83346383218756,54.269940219572916,91.97149402352225,50.571563276979724
66.58131278907642,79.56904342963765,62.92945841832179,52.59013164174901,90.92611970936359,50.243349738224644
68.45274005653337,81.23425058827863,63.674387339940104,53.56898931853468,94.79308618611736,51.70245387255558
67.85967706164128,80.90019423444512,62.38906788825285,53.43159106263464,94.48611972658644,51.15931051955384
68.76789113112014,82.39411231082076,64.86750709614637,54.17025596744195,93.87192327639836,52.69260861325412
69.98482158019799,82.00255367614291,65.12599810991013,53.35593962372058,92.6219922940167,53.10754585888614
70.6537669381847,81.13869325307677,64.1136183846093,53.9879294917476,90.87667558632262,53.40373559794217
69.92019580311435,80.2413732938777,63.09514911279821,53.76303252901841,89.49295095412666,53.59196452034623
69.81767450744411,78.24580325208825,62.80453335409942,53.809479685833836,89.66783102082871,52.89101026846117
68.45437908725174,75.97796002018906,63.499436601541596,53.31166274680253,89.21727043136045,51.69030485405022
68.45422731941659,74.77065483310517,62.729906223299885,53.26938717455068,88.30923932976575,52.09504933710272
68.8750133110709,75.38400161837932,62.66587604939549,54.44271712199243,89.33834318977085,51.32899725154771
68.22193338507873,74.20690308332924,61.597212074645995,53.29940973416928,87.74107982069192,50.73984826940554
69.73254837438678,75.17770145617907,62.49500832187338,53.30720267318883,89.35934625163566,51.036110954245196
69.49694154531312,75.76240948947397,62.58978070592851,54.49972916487438,88.36772671761899,51.392207558003854
68.62718441279617,75.104727014391,59.514310115263065,53.538299626022926,85.3893306127451,50.37629271890204
70.6717149613916,75.26833920197178,60.44152679912245,53.63142925308665,85.88414771515684,50.34448488755275
70.92287792829359,75.05996530167612,60.23802649837695,54.27060393756565,85.7408002738393,49.40525706881405
70.4846116645353,73.50185965058678,58.78466931279764,52.91179782267534,85.33469902936045,48.72800316373855
68.9638101720179,72.75451076812166,57.75792843636,50.724929641593754,84.54052607845153,48.583262911254444
68.18226163260162,72.96491010827778,57.406271514418805,50.62655096778192,83.98762650341699,48.42300404057438
67.91592383841414,73.78358072991051,56.79127668510043,50.63730254138166,82.11086555775906,48.20333653541553
68.96068801232273,74.12125460386237,57.35970686000087,51.17217103259312,82.42058469105864,48.71312365128729
69.79893901233798,76.27181507020626,58.19235382859345,52.18094703303356,84.98308769297505,50.416199031777886
71.01082659140971,77.35663651263584,58.45254028655901,52.683321720507266,84.63957573695004,49.88638422086735
70.43757438436987,78.2940669863245,58.57284363150467,52.48820508313868,85.5139295331049,50.07076924665659
70.53987577501836,79.23728634478601,56.46241692474936,51.9472643155694,84.7700552778658,50.11887591548034
71.07235403161245,78.73169545561439,56.30311253765138,51.43359308705372,82.66619491581399,49.21266765788027
70.31028345280211,78.55839850631088,54.5432900124188,50.7187718147481,80.8256644494854,48.01495977462546
70.91639591173582,79.62087294802551,55.62505880015482,50.64470165044884,81.37144723689912,48.69834312296361
71.11029474034578,79.39681184460586,56.26482841342722,50.164211971088385,82.03905695490009,48.392088643668004
70.08877074233193,80.187073677985,56.77442347370265,50.60591108086002,82.40820099040978,48.29638624560338
67.02250665122581,78.84990633604079,56.2786236606733,48.89523942569655,81.31469525207474,47.35960898521805
65.02287099815594,78.64763402045511,56.16100719063892,48.77559843938448,79.88347376503445,47.267473930779545
67.35556789849193,78.97874050026304,57.75889110581395,49.10181992175843,81.7428010227749,47.90131315051384
68.03825701452276,80.15139776618724,58.208683232369665,50.43561889519215,83.38352937048796,48.90206971760162
66.4327939876533,79.47970455503693,57.86318595909757,50.52234247722836,81.91287784441838,49.07409388426465
66.5657588000694,79.17442753804626,59.11241212432047,51.229503101328525,83.81816288385805,48.85986489390865
66.66341605700471,78.5293931662841,57.8321618085363,50.64447327982858,82.85301543104556,49.224499898166094
68.01094379389583,79.55919146694094,59.97911034343551,50.82910683127758,85.84752644759045,49.546852716620016
66.4293872661719,78.21214895716129,58.4437475584368,51.06155597657067,85.79906068781756,49.292709464180376
67.37960533702363,78.52892129560645,58.205706109832676,51.51947615197126,87.30717549774916,49.47118056476694
67.97503562938245,78.07556299930559,58.896703926724875,51.94610779038463,87.3993568870075,48.70370607671106
67.43411426001796,76.32868696788839,58.090514425028815,51.281776046516086,86.85335105660657,48.19580550875814
67.55829552298844,77.3620572458528,58.238012640426774,50.65183024720161,87.91549788637137,48.8485279046803
66.89273837873615,77.50950233798636,57.63021861930123,50.03914101170334,88.97762042679581,48.37125221289695
66.4656375811582,77.71649257990244,56.65106521555886,49.96430872605617,88.93111248028416,48.10117770524495
65.89325822899497,76.82277073795798,57.123201832896896,48.91751863884835,88.23278531897547,47.438981558378536
64.57852505605906,78.70166123932141,57.21220090308529,49.22051972803016,88.05372938124344,47.147507070498925
64.32288854838421,78.74762670686745,57.68266859616565,48.64798099437659,87.67616538598217,47.690429790301664
65.53687453414888,78.21107093611964,58.16240940020279,49.97830965609249,87.9190267482306,48.58332046292166
65.48014566331031,79.23619993782593,57.352058952516664,50.7203762228779,87.71989122963448,49.283243691168515
65.67776553252492,78.09028770255843,57.028000741644085,49.96361588331415,87.73397782047473,48.774288695733105
64.21772637221272,76.60480438622193,56.266954244296095,48.435072641265364,86.12215507135532,48.19569387311148
65.10115199538194,79.53741285136043,56.70268352539413,49.71068123511311,89.93191323210243,48.97509340648923
65.3278336389527,79.40378334332836,55.67887527359949,50.229778066397884,90.35999496910368,48.96816561510181
65.05242184234757,81.18999502745928,56.83607875444934,51.006364996915494,89.88200768536198,49.269566134027045
66.16980747799707,83.07691194210477,57.953765939221555,51.196881032987214,91.70257504270234,49.146859585258746
68.19422687287388,86.08299318608624,59.44776925401445,52.62543137612591,96.19188106878009,50.825082659125016
68.84502324148745,86.91688310350145,60.301208801928475,53.439956075083074,98.6795223584185,51.95716591997896
68.54274810863205,85.76793007587199,59.61707571773258,52.73384949900715,95.92681731283966,51.72245079046977
69.13547013615327,86.11749730865986,60.40213913839729,53.87023762251784,96.24638743396963,52.90539539368552
68.91538370430206,88.33197026421217,60.872658615623294,54.505912751493504,96.24637897871817,53.86862264704358
67.58231768303139,88.0263894676626,60.13403753114877,54.26072806258452,97.43301653931216,53.103645162890636
68.2122550459463,89.57598550760828,60.98493845449186,54.3693080466147,100.75317538833686,53.61325899148654
68.04309826496295,89.14602108805055,60.58262950147597,54.53097610463829,98.93420326414562,53.539795763632064
68.10357941639948,89.00538197124584,60.42284484597008,54.92256505291552,98.9205107551129,54.10110853516719
67.07279450681739,88.98859203353796,60.64096112939398,55.006057134367865,97.92519730995566,53.294981143913816
68.35676560241639,90.07140236697055,61.19334937582146,55.758509536896746,99.25469610738367,53.61404400800464
68.79788181269892,92.3054365418084,60.907537262613566,54.28995816018699,99.29770777674351,53.32856945029807
69.53065908112944,92.8286166211418,62.091816058377006,54.38620203168356,101.40951610637126,54.413852905770966
70.81289264647639,97.23542173922588,65.07768982968936,56.7655383208499,104.8568447341502,55.47883895041273
69.4212533364978,94.76195115595576,63.241091908353035,55.30497725654173,101.89955723434589,54.49766409714476
71.59418556951627,97.86912524948453,65.22217225775208,57.20188777176918,105.57723717457058,56.55801420021884
73.1476410712656,99.00778905116357,66.46189921478349,58.29164481005979,105.42840944700535,57.30937793725692
73.57656579441625,98.80675895653955,65.14283879684459,58.21949846959205,105.84046593307463,57.41959146412479
72.2541846592948,100.95385543241194,66.82801112286688,58.08532660339359,105.72670014367985,57.16749113504284
72.39962678368185,99.20502881449308,65.86303685770025,57.98320930975801,106.00867508143921,56.51947305874436
72.34545848605117,97.74128942973996,65.7310575132684,58.48202620925691,107.00474113143629,56.80071974444459
71.8898084639351,100.00593437625986,66.79817963718165,58.98137293847104,109.68806958502216,58.00957328492021
71.63667796311617,100.42629755580822,66.42553044168665,58.95104064792731,109.6712131117392,58.59533199935846
72.80298169147021,101.33490812936022,66.29066695993218,58.43856121926532,110.13938356138625,58.26117914878448
74.50207242366942,101.74596316979428,67.41825924653949,58.604868855391324,111.79480223183997,58.46502848860764
75.15437478301163,101.54804847722936,66.61542139484594,59.63770983647757,113.833567622234,58.49317492572698
75.1395083573339,103.4185344849349,66.39885928356973,58.72832555561605,113.63040461013229,58.354512399082985
75.9905998425903,104.66309122356625,66.58173405362876,59.206890997366465,113.79650739884408,57.60215867566162
76.49237170490278,105.20188508206336,66.67451808684847,59.49057743006803,114.6464358721211,57.65422525578917
75.96320335776615,104.26710140197817,64.91229315088319,58.224635499773726,111.2653660730156,56.88132319167917
76.60656712680738,105.42922727690177,65.74387423451458,59.7655971461029,113.04164101521499,57.45757550968198
78.00803178019059,108.94550329021935,67.9073080674862,59.63284787843751,114.9484041798802,58.37032293726159
76.53740940926222,107.01543413195104,67.85341868833197,59.23420202514841,112.70000303219848,57.606540342438144
75.56337174675699,104.88779054628124,66.96899389196285,59.35140019284288,111.86825647500231,57.492976810620284
76.5034751879666,106.0720908610049,67.63834018887434,59.74058469406757,115.78923880453245,57.93480303696315
75.62909106728422,104.29246672408712,67.69788907869642,58.98151699884121,113.3650691196431,57.241186386425376
76.42144410951282,105.67780632124727,67.5221850187749,59.57149418916963,115.54031091089895,57.935054581431565
76.73575810995118,105.67419306597145,67.38718611852683,59.534879712695115,117.6433175188507,58.53425217618979
74.9985921605587,102.79135029073704,65.33165319209387,57.96492103889172,115.98438619317892,58.003750614762865
73.5431527658975,100.05648164931073,64.2965194691771,56.461464358425516,114.59320997726499,56.63696737165996
72.59803557097587,101.57423897212139,64.86998491669512,56.51570909510918,116.3031697233286,57.149151798631756
71.32980390974788,100.30024241075266,63.76437775095509,56.267378567693974,113.37467932788296,56.481846929915946
71.26376681711474,101.81800156485468,64.22035149389171,57.245052877110766,116.65901798082508,56.94461324685212
70.6386552604309,100.77084457584475,63.443791305661975,56.61717217963916,114.98712592687009,56.25330499105539
67.97518826577104,97.98120250585525,61.81138703295364,55.51796120272868,112.22562919542386,54.77272949912987
68.8614202487829,97.85905471113419,61.8296104376931,55.77729180590089,114.48715940175404,56.44594247691619
69.54712369939217,99.23139767153872,62.445899332413966,56.32168591586776,117.57366032790421,57.16340995769558
70.85191649855878,102.03168716256202,64.06561873635734,57.4487776678163,121.86492737601445,58.66923884320871
72.60314859562475,105.07582068780954,65.25602214696248,59.08726287332367,124.78900792318163,59.229384862278806
71.47925039636151,104.1207634314791,65.83041781534412,60.33252488000141,126.33969080071253,59.880604090057716
70.14010848056017,103.3896125261985,65.54183592359021,58.83656258082999,127.73442601862125,58.08479318306484
69.91957186406154,102.2723816172629,64.97245045847026,58.65045714059974,126.76683825152739,56.60845497749342
71.3145014306072,103.57250913260721,65.17981605694285,57.88120470184021,126.90218147536316,56.87466304065177
72.55563450606144,103.75329761367053,68.13621642894714,60.0241539063846,130.76848173894885,57.38875124409284
75.00134982269114,106.82992681786234,70.00916251886981,60.98759239750339,134.8931336700001,58.791828139065544
76.40457330878073,108.43956683270902,72.53301678379005,62.13065433922192,136.9568101645152,59.88082836034393
76.99249448400256,108.83517040203563,72.99139232317263,61.220236361948686,138.76985284813188,60.40213215527539
77.51545455926825,107.81492450522627,73.78945475356716,60.333860527676585,138.99317998796272,59.50779950613694
76.58008963264864,107.92138978798691,74.09613092411541,60.49768891771941,139.2002091641737,58.7164620486349
74.76302032251574,105.74545954383282,72.46236360867017,59.390768249466724,135.2776390396274,58.028080350338406
74.47618286102816,105.8877323244463,71.7885660671441,59.17448523286728,135.84776223896733,57.42544361711059
74.60006584207598,105.90212549968422,70.1650949565199,59.17661317231442,135.11521634216055,56.32322309006577
75.8542679648273,106.38377620633307,71.21971358778545,59.23107184287101,138.25761979314055,55.57731458077082
75.99017939295018,107.02566343059367,70.65641504326369,59.526659327182095,141.20500220302569,55.350252908758144
75.94300022971103,106.60517342813557,69.28032596065411,59.88243600896853,140.05465861924256,54.633753354219316
77.01305860840598,105.8182630540925,69.33833008069503,61.066967730774756,139.73091644529174,55.19056229699433
78.96480222803439,106.17826412284559,69.21634310997062,61.774114716465355,142.70650098863547,55.58743407128947
78.3445082891435,106.22579888482424,69.21805505921726,61.52256972842679,141.89062636446346,54.54152130052534
78.27761461368205,106.02557021265267,69.96411290148264,61.28125558923081,140.26512236456946,53.85066779864069
77.19780634925569,105.1518027729506,70.09282449085927,60.72318844330368,140.8582896151255,54.32332897322539
75.15411287108364,104.31835563911503,69.27598137356459,60.542628822687966,138.16085160670465,52.687667550568236
73.97123020256367,105.24276161465887,69.51843716917544,61.0821323843611,137.74796311178105,52.388153021386685
74.33966736411372,105.96436562869165,68.64813007939193,61.73135041406895,136.96709491237402,53.09730966671869
73.91902853662091,107.36249826329139,69.86238810457813,61.69336432660851,137.8188172844497,52.62317168254135
74.4677641203772,105.73335832479205,69.42411534906017,61.224993456544084,139.490451967472,51.69442367801725
77.01262089523176,108.07654287254033,71.19030302924251,62.81646389498592,141.25659155135918,52.64662019527847
77.82829991985601,107.62400137504015,71.4416716179124,62.449555196905045,142.53905056265808,53.77886873966131
77.27873076310135,105.9463714860413,69.22620676542775,61.94344801311513,141.3321400681591,52.407870589813214
78.09572420676822,106.60087749004062,69.52675256748945,62.64630429526556,141.30228574510278,53.20587847106752
76.58076622467796,102.67621245902389,67.93686628690311,62.44031168575168,136.0827397828102,52.96957628504609
76.013794330487,100.9992291466647,67.0867767899978,61.670087332175655,135.35879402053814,52.85433632627562
76.88750968110642,101.52965736513018,67.49025582229987,61.871697437363736,133.41709365974526,53.08893638822386
75.91672964298695,100.10534354581732,67.39577799446434,61.38263954549477,132.39769602174138,51.56801919998923
75.99413192172509,98.91974116947976,66.98791216336618,61.52859706583172,130.12070204110825,51.84966622402175
73.97655753549826,97.26398648357738,65.28359307824843,61.55205390186088,127.13067842747604,52.096939327748636
74.68079445243883,99.77671553342627,64.73324893879798,62.10587801891823,129.7633743849184,53.23051691671681
74.71183056514217,101.49415927045162,64.3075758870208,61.874873997857556,131.1561472755582,53.217471586861436
75.39376974335647,101.31876203801006,64.14612110251689,62.000270675417184,130.73180815007206,53.00690415762393
75.7507173211631,104.19661602013343,63.38378401074464,62.79309403994239,131.61859837096563,52.855505303700575
76.05785134005262,107.41749292067975,64.63918658973648,64.56799645528415,134.72737202229277,52.98717156893739
74.9813165578641,107.1431750459079,64.3848788027069,65.07478822930538,137.2310178899423,53.084355264200894
73.96181281058375,105.78336525108841,63.529141927123476,63.45459341292045,135.36715758612783,52.435617771738805
73.24887781434,105.50859598608413,63.368669938810164,63.374727917152036,133.94568616324756,52.06778183446882
71.25134715937351,103.03958601489263,63.71927576509114,61.777776137434515,136.53101382425598,50.412569154452314
70.87671074433652,103.83672588043387,64.62856213426116,62.52316819361882,137.7218972882887,52.18410673463425
72.81792420472752,106.03705639548507,66.13618050731358,64.71061888628367,139.38124891763925,53.297545369810706
72.85032052566724,104.84233257832732,65.61070429875222,63.34615450795815,136.21719055640125,52.851617666570654
74.0157048497819,106.50437280789978,66.29299819104048,64.21320811057068,140.11173631841874,54.474362930862924
74.22379450844186,106.65096072414723,66.12924501698079,64.36961790929136,138.70558016531427,53.61086920891379
75.27670298064388,106.10199871701168,66.63642506706752,63.66113405379491,139.93424428361146,53.61994724108675
72.06021055719866,102.29566865950292,63.82822272721942,61.227782387784444,135.52545561129597,51.03213113170917
75.25868868179913,106.13402768813832,66.1815852183685,62.90824935376714,137.7678310036095,53.20390857318828
73.92607588862754,107.50110726559859,67.46910380060768,63.58386514933714,139.7366019588353,53.901590029424746
73.06282521643142,107.66168428972414,67.49101486800939,63.050481313475636,139.16612085284464,53.302445239654396
72.9824173472317,106.87868442742914,67.32509067931471,63.230613525643825,139.3345327634774,53.13006710164231
73.11778709062901,106.88070922230055,67.05030145824574,63.61190708814665,139.2484106859809,52.868861308323005
73.09446779941347,107.35422048679183,66.36402867509626,64.39496433871393,140.0936948341085,52.65729539575508
71.71818723025501,105.63249226876155,64.8884027238829,63.20227518902814,139.51380268681766,52.27610753267943
71.02772417208027,104.94282538371432,64.17397959881347,63.30105518445937,138.38902132765142,52.291114892478696
70.9034095041211,108.83482288517018,65.7433288578849,65.86379270311339,141.9128724508398,53.49145905097788
69.50017536968184,109.42667351582092,64.93685638126132,65.5853821783843,141.99954232209046,52.17817073510075
69.17441119142983,108.96148284382714,65.43333023665477,65.74198777487318,142.71675514912795,52.513421969191185
69.31517704488164,110.10894071484887,64.53647894871546,65.56276317732991,138.7863228527118,51.52517017004207
67.93411975649194,109.36390197928145,64.06441844134125,64.44157671474292,136.1792149584259,50.7500025814798
67.94349800774107,109.94329043661314,64.13580712738259,63.289313403359756,133.07299654279657,50.72090076069809
67.70459783288928,110.47783066968695,64.08773591529568,63.32869701243002,133.50256417831602,50.84048741568559
66.85341580457327,110.12545712991857,63.316312591346176,63.21342811762453,130.6236720694906,51.05377108115679
66.81402601752023,110.50165233581734,64.73660624044568,63.79183354041648,132.3149195372968,52.152632513734304
67.62695504814631,111.47067419351903,65.93404904481679,64.36100600919129,136.48930336826535,52.19690141772175
64.98073833605851,107.8043844102526,64.84437966051702,62.37322663504563,134.66586924088705,51.48974586366023
65.84991140441927,107.9271815341723,65.5762656176593,63.70414398541511,134.52600950421265,51.94960935047671
66.77683485446798,106.09479825360289,64.40954788055691,62.59059827389023,131.41272491754768,51.71563366609667
66.42005335579067,107.46451447445473,63.93655792589658,62.99617945378133,130.67415645610922,50.95796810776583
66.82279601317548,108.39515418323585,64.40756352809885,62.45610442673211,129.05724797667182,50.21975264452109
67.62949442227385,108.99187570276757,65.4571487740048,62.97024134852214,129.6600157304516,50.65091466348118
66.57846051365928,108.40420144655612,65.14419520245458,62.19063173322972,130.41082806857253,49.80438710872929
66.0241580797029,108.2681714433547,65.84929479862637,62.59767245194572,128.5955711933027,49.71189058111294
66.60745136241093,106.57377687504747,66.41883171933516,62.69908997083597,129.6936303421499,50.128612295659515
67.51603718906327,104.36575357862813,65.08930118229308,62.471778266073905,129.22075598807376,50.08590455771502
68.37664861346197,104.61541078366014,65.41853376340238,62.97008444724132,131.22935451108978,50.795013810668756
67.67855213996256,104.1019401258694,65.66889901348875,63.37328926989637,131.74190724736678,50.64827049289265
68.05914200685937,102.81205633899168,65.33124488734224,62.91349279221915,132.6815824498163,49.4823701886634
68.20102519582748,103.16282528006812,64.91357481141686,63.007655145145144,129.3395044090205,49.04744188094546
68.7425562379496,104.4804711164353,65.20221147319836,62.473073804302345,129.60544718957027,49.21925171620103
67.30008882815478,103.29365324175275,64.99916252431485,61.698785277049204,127.33331736572005,48.28516617609519
68.36041887509998,104.3266626894904,65.84602984968869,61.16264198417861,127.7487523331523,48.27863737639913
69.25739995614416,104.37461089851874,66.08295510761256,60.4798209938729,129.00865915059669,47.511800762618925
70.5280173105669,107.21563394807897,67.79879151572008,61.50139307362507,131.12718827251496,47.95831926707237
71.72620012093805,108.4294319263811,67.54694929189677,62.591455711890376,132.23969841129195,48.490843920711136
70.18864057493325,107.50677373080045,66.52795256071948,62.6785156420673,131.17219995641557,48.054940603491
71.33377782690593,107.92994476939073,67.67989851471204,63.22101850717788,132.6339138545141,48.43840606375821
70.0999001471,103.78340305259286,66.96952249202315,63.20794662641389,131.92080967083464,48.01847188898752
69.88223112210244,102.95892490452368,66.4781707897926,62.66522232193197,129.29037114823856,47.6381753365428
70.8936416846071,103.65086599139109,65.67315928914886,62.217969388317215,131.50308751965,47.71680469405813
69.57482230618469,101.84220091516318,64.32293755469045,60.012982806561546,128.8618905029313,46.16634821121383
71.86462739903455,104.12894611702052,64.17956026379957,60.21296008516341,132.1048074209875,47.92020282267846
71.54579092111307,103.08126677355335,64.94210997559743,59.7659665926257,131.1068085894895,47.72684032273967
71.06781330768003,100.70667126100479,64.35283608543435,60.38951459047628,128.43465065363827,47.111287315913174
70.45394336235518,100.31514708348381,64.30433507100898,59.58653074284128,125.69127453449116,46.00591354064351
72.54718174422483,101.47010235738074,65.60596285384938,61.10248156967366,127.41979204300235,46.17281059254319
74.75568879245233,104.05823497039476,66.66639740969107,61.52361860254735,128.5332012672101,46.4149489357295
75.22127163697887,107.54931411091914,65.8847830407413,61.62732048649495,128.4829888449719,46.52259928248154
74.72915910688796,108.20103401219906,66.80405876143811,61.45757608359952,127.8663231510424,46.56783287716556
73.79927507780592,109.88698980841428,67.34567183931655,60.1557415673783,128.2278870615815,46.38706941325886
74.81140498419326,111.18045004690673,67.8440201632764,59.942299513030235,129.34064901055356,46.85270286777114
73.47777745568938,109.36036814446632,67.66913552292156,59.4365460332537,127.72246929316645,46.7037701626308
73.46581752640652,109.56204225201394,66.64363523656566,60.72902908164619,127.71265426492387,46.91750627744368
74.88317258833719,112.35383234529708,67.512624290792,62.022692388486476,130.21538598536543,47.99801686810068
73.99363573268857,114.49581635093642,68.69743154307346,63.06179888641533,131.96338400162549,48.72122332401271
73.73109869515551,111.5652713953095,69.03203709937506,62.90655168178284,132.5467220611449,48.34713854825251
74.24377680098868,112.31983005519511,69.3951563866508,65.37444095835862,135.4410205406212,48.48581032530276
75.76764920005395,115.24863244047313,69.53565085024482,66.95743156985421,138.19502684033307,49.86745831619621
77.23752348159609,116.82833030517436,70.95500458092087,68.27614800587776,141.83452466902799,50.670488659150976
76.07735451634339,118.17396214078428,70.6098111747378,68.08239929975781,139.9609860966238,50.48589247302093
77.31955793202121,117.97532986176729,70.89717380739062,67.69735108516944,139.00222940959372,50.24495229448864
77.4323983487129,120.1449877999341,70.46985045847218,69.48036198088309,139.52800598995142,51.64274411949423
75.3304795690111,117.71371631533286,70.08832746244461,67.55423257245246,138.43277523526083,51.53089154956737
76.97678044181816,119.36628847409452,70.50104520150063,66.99640597977121,136.72956217291616,51.20848948441836
75.31703685611373,118.81238252377625,69.57638151641572,67.63647978165335,134.23666052257778,51.60095230517539
74.71943802648119,118.18347095622636,68.87822444485897,67.28155034975153,132.59477994823817,51.32193179251705
73.15492915854207,117.51147258950537,67.9148634424019,66.75784376249163,131.02178967936447,50.87989346671941
73.66792182886313,118.71787052403556,66.61468507827821,66.21215806814548,128.6886824665423,49.892404172397576
72.70510319393135,118.80674229691087,66.07479862523425,65.5990920772651,128.37319066912636,49.621541700727555
72.014015521975,117.54518086956615,65.58416937164826,64.75153604790464,126.6390029120885,48.70105276872694
72.12486568976877,117.3905489410785,65.0951631838325,65.19491043533463,127.84615965536075,48.6868876922052
73.16199611911026,119.27909481547367,66.73273630085497,66.8098369123369,134.18663014041215,49.54212221708473
74.07435281459706,122.39786089297161,66.8252720031784,67.30633089208058,134.49819711089864,49.97086591956654
74.1834390403239,122.01257730723671,68.04178063847301,68.14202115630391,134.62562239620087,50.779516219767636
74.11647752770092,120.99042770301236,68.831186970107,70.1409629743166,136.25479835527221,52.22579508017784
71.89869778590258,120.08464724302827,67.0451081224383,69.86782860727678,135.94981111330912,51.042241626361744
71.60420294864932,120.42654364913612,68.31041140544653,71.26703755630098,140.05126370872648,50.76931878754623
72.2718774434077,120.98984651428958,68.93686419706727,72.40731031809679,141.10129645364742,52.10028471811157
75.27939871719371,123.36490701818744,70.16439469118963,74.89010749099626,143.42210088071238,53.40926967870165
75.90528997546409,122.72324100128935,70.16889389787755,74.70174356152206,144.33272890082847,53.97324931618879
75.46415389988451,122.44837495450102,67.69802864865271,73.74981196149226,142.89721179866257,52.294956092339426
76.33620408376237,123.01348177304871,68.74567237642846,74.0823922356716,145.29749077042635,52.40825693688549
74.98086269415535,118.74853970669727,69.16172344379387,72.03530451820876,142.82178676548637,51.35773447367533
75.21145221456935,119.60830207221936,70.10784983312678,73.19093180472404,144.32684357752368,51.92085599115602
74.18788506888083,120.50722886293394,70.19446361587303,73.78395936615694,148.68067910270017,52.362991483996026
74.5450007956289,122.3931703050304,70.32077147507037,71.8250702339407,145.80367179470733,52.439940430719496
74.16377062697312,121.58987701595933,71.01943772989551,71.95698705939994,146.96313448275976,52.343942765960854
73.38670650028241,122.06780492024124,71.16901387273788,71.23946460137105,145.96945043397483,52.56062335350053
75.52077536121337,121.84681291904369,71.03809264549618,72.42976033528988,143.18491499046377,51.0188636993737
75.69559530430715,121.60108919614444,70.63484452435463,73.70053275552826,145.24539497465466,50.34968341548807
76.79278931690158,121.60156330433665,69.53324108839611,73.40951706275139,145.82749654758314,49.04191149663482
78.45204290776998,123.24590139575734,70.9624692290828,75.27581087205097,150.35684871679487,50.512571233431984
78.1102847830046,124.49221087780333,72.20446637240143,75.36717073026392,153.2860868917608,51.40121451194298
80.13243509632817,126.85222998452001,72.82259437210547,76.7357145012816,154.837216282969,51.88533620974701
80.57323996085934,124.11323954979906,71.82672481687148,76.84244914363198,156.0460110137473,50.621364663611935
82.93912074423861,127.67854199217594,73.28521324378717,77.9274206860051,158.49642828026282,52.60590530920898
82.28609690699638,125.63561559069771,72.34159565566554,75.78961605390423,158.05023879816352,52.03236047265618
82.24304044851056,124.72976585133323,72.2278950570261,76.952218097696,160.0868758005062,52.36238144570486
84.09256795100016,128.69359856235033,73.86660655093584,79.40992425177983,165.3959105143231,54.01827893697025
83.6252599987234,128.96451257251658,72.95647732906693,77.57456711048816,163.01640508888636,53.083243959000825
82.17476174976699,126.03088532912209,72.55617854134195,77.98079459520919,158.63267261478757,53.581314135274376
80.8605457809252,123.67814231682792,71.36324280703165,78.2117543788725,154.1048628619438,52.95619725941112
80.70598583968356,123.86499887888158,71.0674238399476,79.27109264802948,154.42645451428425,53.73668429267545
80.35426898838614,124.05621231809664,70.3927792236736,79.74152373126068,154.07460728330108,53.81623824552331
79.67384184981383,123.76777876456822,69.19583083543306,79.15999497392065,155.5473620698445,53.461387418372944
80.84858307218212,124.01854667412874,69.69849818661676,79.30606214261569,152.94534649619564,52.98957358115143
80.37265140423511,125.62420231376665,69.54477717039009,80.61118724076172,153.53922260101842,52.696650475242535
82.18944378646682,128.13734122830914,69.96095015749053,83.05238885910117,152.19551879357067,52.977302907960215
82.58733021222895,129.13298150093732,70.73569452360053,82.87008499833983,153.68969426642622,53.75802281073689
85.1558333370204,132.38989577948018,72.12718149125563,84.27000576245723,158.78125110845193,55.02639616496304
84.44839223872884,130.04790454144643,71.91755961533637,83.8055905440236,159.03707315473636,55.12466534913722
86.97696668816765,134.65944159765212,73.29401341411565,86.43330262919068,164.26803123235106,56.33430706249038
86.08086018328352,133.08193942945144,74.32916187432889,87.03706881138295,165.26778219075806,56.85585090467441
84.83008566905566,131.30999869608036,73.54319798229531,85.80753088686605,163.6099250964934,56.612605139585426
85.51025197595135,133.33516331446273,74.54935020367628,86.32260745701778,165.40805581682702,56.027821889573545
85.92973191326094,133.8782207593368,76.24107700293315,86.24096643367537,169.18140248821155,57.23777563266543
83.79165428876951,131.59639850337703,74.14454574274905,85.19291830463777,165.9428245266125,56.24846628125652
81.8688860787518,125.67951640172444,71.17736644144074,83.98116087833493,159.0336390001899,54.595010108140976
84.01629488306496,128.62330517003997,71.3310100606154,84.0071214494208,158.1558580653938,54.69430602737261
83.38894846709817,126.93031396417004,70.59774578136447,83.81315129567717,156.18399811340015,53.6205901328499
82.512621637423,124.92625766526098,69.85515137073877,81.92318015148054,154.57769360331645,53.5355291614266
82.65682876658671,124.39157179486521,71.6776527775737,82.26439680319936,154.77604564859365,54.21495915725531
84.1484516930422,122.44226899341842,71.893933658574,78.69319583672058,153.666071274753,54.00168284674935
84.89394449679266,123.89323254006939,74.1496599653986,78.69365308166934,157.17254051024298,54.131635158140156
86.41538973966055,126.85483612270261,74.6145087085784,80.75312573459779,158.18945531610342,55.125338552369335
88.38175719090117,130.05571891083403,75.92086116486988,81.84482865433925,159.45309240605832,56.12809167713006
88.01927545678556,131.4752050876701,76.73902331700823,82.78186709165428,164.27377231778584,56.28435272304623
86.08261935433505,129.95021346224786,76.4977982958538,80.81236229789926,164.1402450869905,57.04476750144329
85.33698007011154,126.26777426693832,76.64207850803963,79.89024606988873,160.87490339079008,56.40666521852049
86.10375646359167,127.95715589854494,75.8065024421007,79.38090068425079,160.5538618089651,56.81925190144439
86.72238193917056,128.00208524522085,76.67527971205475,76.91569159514917,160.63090318508077,56.78101968583348
86.70506118220945,127.83099491744458,76.6342754496783,76.1738405064231,159.3484464854856,58.25511725949209
88.29636755474728,130.68918331546078,75.74953620734435,77.00309486807735,161.2014987984124,58.355144308213276
84.14331729972191,129.37204932835945,73.96920894207817,74.89162986255542,156.3034577177171,57.0107992890159
84.65467180268584,127.06365996289077,74.84834347769555,74.52456057103366,157.9123886637635,55.951378343101695
83.46749749500474,126.21454277726593,74.53654641667278,74.6202323282964,159.775221648385,55.85706225161084
83.07379917293467,124.16349122889984,73.63637548839841,73.57501780151166,158.68532533060176,55.59940720731444
85.47330702357242,126.20040712590115,75.50395694631123,74.32027372916488,160.30797885688986,56.44478485141215
88.1169106882738,127.05658936828804,77.0187753244168,75.40757064292802,163.91968758501665,57.59506540130177
88.86022366939812,131.2190360433899,77.20353317085,76.28334171274328,168.33536326524225,58.335506681144004
89.48055471451954,132.5866587917857,77.72005936898962,77.87210159014066,169.6635774654459,56.924684084906474
88.74158959906916,136.53308690640822,79.37333216863146,79.06952105744632,172.25826695582728,58.13052060642821
89.61793588060097,137.39368232767617,80.53141566129948,77.73928470773114,173.5071041562909,57.04201218568556
91.66035949644245,140.4170215738739,82.87829437648747,79.59413056524335,181.86000862756944,58.26968202907171
92.48378985835812,138.82184192966344,83.65200553002644,78.3654400102473,181.92991155239773,57.69793884602286
93.05389771403868,138.30698868773317,83.58694486862017,78.10039308161232,181.65053696828534,57.15663435226316
93.05755535679137,140.22994838017632,84.05270000847187,78.57122925673215,181.70895540091922,57.571814371059695
94.15167437669461,142.97695994797687,85.55919037021923,79.66979450599203,185.45689340343174,59.07960412321477
95.15109022959525,142.37264183116608,86.69892785443892,80.70088613837248,190.82181635854843,58.58129985017991
95.37779166137916,143.7989634656945,86.28167911604153,80.82492028198621,185.5745666878099,58.0713240719913
96.27264471688906,141.76334290787767,85.7909193796571,81.4832222974858,183.80395985437238,58.157987446156746
97.51310718746817,142.27919926812072,85.92878432028101,82.09734174573941,184.44473105439448,58.49015993046288
97.26716878723701,143.02586053615815,86.54821129074013,81.11164168025785,178.95638310041002,58.19049339951114
95.2624679016183,141.06608553943815,87.34064088448598,81.22980933031147,177.09548980086018,56.84541352408483
96.20160875117335,138.1040415403114,85.27455832255791,79.8865852773406,173.63926625185616,56.84727923832648
94.94863062116046,136.5465287155796,85.02007796258393,79.59762073873591,171.94293951587133,56.855102260053556
95.53596737905626,135.879088847235,85.18900656011002,79.38614131927362,170.38599920481224,57.63778968473337
95.80503253612935,139.06044148892568,86.6676831209426,81.55076274604052,170.65929793598437,58.42994217531651
93.7398863418491,138.81569118734677,85.80295555867842,82.34485505478253,170.11195575721572,57.55695239167887
93.71654497900064,138.37924242382016,84.44191044460892,81.89468383446714,169.85570878468866,56.52068783950162
91.11524093881853,136.06375834103144,83.34097739175357,81.67504409530626,170.66020786217308,55.52492044010896
92.14864824195571,134.3255757353566,83.9292150720532,80.38669139747422,168.2120797852622,54.76442321823303
90.97343636987357,134.63382358623005,81.21721275817083,79.00880088571401,164.64339016185428,52.83138979966299
88.63880001262746,130.42187438950552,80.42054529644723,77.05520290650169,160.840374856025,50.69313582223514
90.59980627410852,135.62514526485643,82.17073168410779,79.29443157441217,166.08544749901168,52.51837708134338
88.14724413300664,135.93178709823513,79.9812005013992,78.20410178742505,164.10651354283422,52.09094975001851
87.0316050161856,132.95050600238156,78.43682381516597,76.44747954501003,161.78635053781852,52.243025182667346
87.35339309911653,135.48156167822728,77.78055342377824,74.95542976462782,162.60177244636603,52.02392414396466
90.17605531309565,137.3180104224377,79.95330731730826,75.95796021538652,166.28892747882463,53.20993416362062
88.67772281773651,134.65936378456067,77.70478958728873,73.72811074674581,162.81499715394682,51.53067812914584
86.96692518163087,135.19447881185914,76.8017828584534,72.96281640725066,159.35557168427488,50.586457445903484
86.21778792898128,137.14258350422665,77.71046751875176,72.36721941083587,160.23997676207497,50.051220875609246
86.39528297485151,136.92971261653403,76.97821845091335,72.87863226081596,159.12008528524515,49.61791360794919
87.46792794274984,138.14232946261987,77.12300873125376,72.65248242698512,159.27537937822055,50.053786664521176
85.40844188862215,136.37693370744626,74.93558033028006,71.62524591003329,154.7093131893875,49.15681776225586
84.06614622504378,134.18818517153844,75.47927459798282,72.65465823709832,156.15998694480407,48.26538578796641
83.22343744899551,132.28236448387023,75.7020072851159,71.80123029953623,160.4561369777937,47.689683568208736
84.46575175971674,133.59493564865292,76.58169556010716,72.4920801722225,160.0663703738643,48.0797355801262
84.5318571120241,131.21094718260377,76.21881063300845,72.24414254290923,158.63425731377959,47.30621865521837
85.24422926002325,130.3487894625536,76.13659557667117,72.40231537975978,155.7591135214677,47.123894997930805
83.21519260315796,125.99177463253571,74.30960413555079,70.68108029612027,150.85340880029858,45.8702956930552
85.14718678709873,126.65662836123492,75.16873953025507,71.39527689555646,152.75249402940744,46.439627175740426
85.05280337724137,126.19327112589603,73.80051240067252,71.21090259048553,154.54257078259062,46.7785923001826
86.15371857959508,126.6355856653534,73.69127347108774,72.39539497120862,154.77950117304223,46.88719876178905
87.97393399288924,129.95956356627383,76.09462856022692,75.2705899038212,160.35596888311102,48.60609855218944
86.63841733202814,128.05171599659798,73.96544206634064,72.90733094134839,155.30969095426482,47.5719634200537
85.32141417824538,128.07433758222516,74.15654873304759,71.92146247085483,155.93370799844587,47.745899626633815
84.93207909088149,129.34085418186174,75.0327005253492,73.77840682501456,157.13645105403302,46.891837779162614
84.83523911723523,131.82064909917804,74.5530031298271,74.69042324812989,158.91485352754685,47.77561756195877
86.25568133080232,134.75571245007814,74.68761770547788,74.94798833132477,157.95445600248857,48.55184796373564
87.36360111684283,134.9201376451219,75.69074743448815,76.92651365598081,158.82085863966387,49.16956125678043
84.6555760035877,133.07641037791896,74.70266231413969,75.48579072309671,154.3186736878257,47.77406798638444
84.45073003090856,132.65273630154496,74.77045585618039,75.70300978624154,155.35914520697105,47.32274105480891
83.69417568827198,129.7480949530861,74.52765234259297,73.40823154789713,153.97845972230104,47.31114756400728
82.1188468540766,129.06929891452774,73.36723734996714,71.69107142043978,153.0157456968436,46.58109193755807
83.04892151345567,128.96730387936614,72.2908680905985,71.90000007145925,151.60699078245702,46.580075648696045
82.65984130239585,130.3307745056091,71.809819713865,71.12520031880526,150.90285121170973,46.55095135616903
83.20725872038557,133.89539123630556,73.05638727864591,72.49365078448757,151.97662287370306,47.48433859785444
81.65874086815268,128.83917623284884,70.56319103477367,71.90446479400423,146.90796446915124,46.20145101532303
81.48818295993244,127.10744917409639,70.51263569050619,72.28386391200328,150.01156898061996,46.335637658141025
82.2415066498148,126.85561493430335,71.68233760685268,73.76025647547414,148.26870540332777,46.30806332015154
82.00641329079484,127.35921372577523,71.62674732515102,73.98386454742858,148.19219846387975,47.520082414407035
81.01076750760858,124.92054080390429,71.65532250381183,74.24358820460557,148.79739763153142,47.45769446892013
80.97530126048818,124.32936497592266,71.54635848347668,73.1675072943032,151.74767014925786,47.25789532825208
80.69966705876455,121.30656073525385,69.8304173794405,72.88767957538307,151.48801396320863,47.08442240248981
81.945089873105,119.12151024655546,69.90810269331345,72.29693795135776,150.14075889181848,46.77177145872025
82.93005130722047,119.19736951152953,71.51143817230326,73.1554860644294,152.21931169250354,47.15861499851435
82.001179517692,118.19664887985525,71.67073284261386,72.13386455889547,151.99976685196026,47.85946020594526
81.34961632259807,115.15306865696894,71.36292719404543,70.95750670001692,150.27992473292093,46.92785088357913
81.98656864337964,117.66779417233538,71.77002793523916,71.27359135806478,152.6540413686435,47.90377019843582
83.39074103749377,121.17458311452623,71.54101748019434,72.41633483785789,152.5091663154188,48.62043895696452
83.3235155894309,121.06255929102197,71.19165209441063,72.51638180750112,152.436826022321,49.816384620020514
83.92168880963268,120.12667557893238,70.23780834768108,71.63408111663449,150.20706430139322,49.20885526006179
84.63326094731595,121.99531544042044,71.57218546471806,71.62567047915903,149.17157603079895,49.53699171489387
84.72734226159034,122.00736513420678,71.41772997379427,71.20423821416588,147.10438544985502,48.50704278597947
86.33569261935799,122.92885244426247,72.95635879575555,72.29115142312179,149.38104288912595,49.26473856451785
86.42950968782883,128.88612867248634,74.85761495302535,72.8590980820531,153.441397625409,49.278220238247684
85.90566758946066,129.29695870045583,74.35355356327963,72.95484737699708,151.66572483724235,49.27255502326192
86.83792239127695,132.91855556539252,75.19871650143564,75.28898186038705,157.0411400376659,50.41019287995319
87.19305617207061,132.5719820021681,74.82053820885902,75.27827420504195,157.94227010866373,50.318128264146445
88.73323872999721,135.9174041884434,77.11359572524803,78.11127553335757,158.52887231360643,52.09573762937398
89.51042507481758,133.26466321263518,76.11318380472616,78.00147360916186,157.91012865001653,51.53994925943497
91.77332838853073,135.45458506056315,76.94241309057013,80.63517426273789,160.7860083508955,52.51579311581224
91.52025754129014,133.78751513528803,76.24857041279418,80.2826747344093,158.59385584555176,52.96553347214765
90.1349043585573,133.7253342680033,74.79917539314243,78.23299807659481,156.32695992688886,51.474375186522984
87.90164152801022,135.02273288964804,73.3286821537554,77.74159217534746,157.07059387834047,50.72314641527478
91.06292366478341,140.52417863288468,76.15150392068058,80.68093642500918,162.1843986562176,51.82694458294293
93.05460181545489,144.1448052449416,78.18633043302809,82.72821566826285,166.07085309591426,52.621353518535564
91.63784499296698,146.1039347801347,76.85104480647995,84.1329726186744,163.68257622315895,52.29475571027872
92.8771307005326,147.96210221931236,77.35230837585105,83.72173871239458,169.27807238370252,52.992573631570814
93.3117540656289,145.57760749210382,78.04315320303502,82.25827097074175,167.49663735018638,52.297914762720936
95.63808818503983,144.8111606402805,78.6429085165075,83.46859948119037,166.23583626256635,52.69511332033515
93.3349684069851,144.6756333498867,78.75730967590219,81.82605406071414,161.13168662684336,51.30364623341725
92.12230084456284,147.34896109575277,79.492575413794,80.79948493888934,162.2733194120929,50.364689024974005
92.29721681420395,148.75694447744692,81.13042810440581,81.6023291579718,158.5435400723706,50.6361406914179
94.7018967385641,154.73454747010481,82.4809888657799,82.81764128999691,158.4888548767639,50.82286062521018
95.82619113886786,157.06833236830812,83.54208487222994,82.27911463350122,157.35606022642378,50.827997675354226
94.09368274737287,158.09262836007557,82.17181035413742,79.6567917352932,157.81888412427065,50.716351599307025
93.5382063633735,157.78894195704382,82.74657518030705,79.71857658731464,157.1223275398836,51.066480448593204
94.39956729181345,158.5850258796774,83.01626496457254,79.528909976612,157.32178099141072,50.76854424364057
96.20766579310133,158.71273213818932,82.38616489882554,79.76024969727551,158.6713626277286,50.57270128373306
99.0116032104027,159.39896202391668,83.62113731652654,81.46366469286868,159.24780446371582,52.06488470087502
98.2732098793877,156.86090196810008,81.57791299996657,81.26133642465406,158.87779393671093,51.79584672256047
100.4658838724459,162.26851864827367,84.25200334974255,83.24183434706569,161.1958184302721,52.20686705747587
99.58417454164704,159.51667233439258,84.55191848570732,83.13559228566491,158.9138773423032,51.493129991016865
100.08765834652651,154.71249572486926,82.01906106636564,81.91060016903918,155.86284580645716,51.209282540096055
98.56108059705767,152.7349563439746,82.13320175373421,81.36361570310416,150.10233528982445,50.09175607325548
100.29116096779134,154.65477451356338,83.19487296894192,82.16683688413605,155.75584618683305,51.39363353922272
99.75015538792289,154.73034836921252,82.34678414795123,80.6787143271554,153.6202481174756,51.308081610255165
100.18751090356855,154.31434018537755,81.82667952895483,80.35343490331502,154.56905017447917,51.67861989129614
102.24173105066514,154.39756408456714,81.98095432670108,81.76041046234542,155.03517434022973,52.84302523124856
102.43567947752447,152.96836975899174,81.60041061195274,80.95661609922023,154.95299577274935,52.64818201695584
101.38722254510866,151.69404969260682,79.30493643259537,78.43516777881285,154.04200779263851,51.08772307203516
100.36422804980653,151.47631883456364,79.65372280656139,79.87212073320633,155.2410586911125,51.446857941411224
101.67755736669238,149.8556550432096,79.20935151677844,79.76122062229848,157.6154557090127,51.818744205918364
102.09739326676758,151.55300065601656,78.17511920921717,79.33529179167479,159.9598130032579,52.30473593134221
99.9717244193318,150.80997928095417,79.2544559802674,79.74046331313268,159.05850933515916,52.41079385994943
99.92392409959194,150.44818431246952,80.7665191668346,80.1539585261063,157.61056678675058,53.03483874175067
98.99033540482638,150.49774714308228,80.61501484422331,79.13943084374937,155.0310595609946,53.66304798735983
97.65793559700654,146.40422066378346,78.72695425739668,78.21330575607125,151.90132447080708,52.72416721933946
96.1279179961441,143.1253429764989,77.12822541005595,76.83395484810517,148.29910998049638,51.38120776792663
95.5988851828872,143.9923794127305,78.92467475963966,76.55591402020552,148.45624428750764,51.79692865461902
95.60972646613213,142.83699045198912,79.36894413185051,75.91302686115024,148.99186708580854,51.56968424806276
93.55693425097422,139.46409273345347,79.73860507686771,75.0135763820305,145.91677275527022,50.42209202928892
93.3247960053462,136.3794375927873,78.1133469759206,75.56615332299849,143.6131959085732,49.785816456253535
94.00274777221502,134.31905082066856,77.93337965385808,77.35179344773341,145.76883310228334,50.604605188598256
93.2871706351803,131.65266061798823,76.5440188187123,76.82621229871773,145.16968689176767,50.20197173046515
90.72855286352093,129.37882754573434,75.26827443578692,76.38003709796996,142.2580781925924,49.88051219408122
91.5296714927726,128.66722462477478,75.67516534022221,77.10197906004434,143.97618738989746,49.749798166052386
91.083448704057,130.04148487413408,77.71224207870178,77.8553905943083,143.7150610283621,50.75440839675082
91.16500616012824,130.03464547780982,77.00010752749738,76.81756064684878,139.06601183368403,50.05376160801617
90.09125683768971,131.49112357889595,77.70947087385272,76.6136018895681,139.70650702511665,49.92575349709622
91.60325784118727,135.85835306572545,78.82464714853107,77.00850698771231,144.05900494690775,50.662923988429334
93.16579022898297,135.1132923731603,80.41299104217386,76.95631252949323,141.03887495548733,50.491960682020775
93.29662481539845,132.57087216356874,79.77013421213957,77.94096673129067,140.66241058333839,49.78253929790372
94.44744098655893,135.7837885759042,80.2411197442967,78.50833771025121,143.41181445914108,51.140995350627506
94.52325311059477,136.20909443168813,80.07168081207172,79.96537187935228,145.101443661872,52.37564685683231
93.76265671487944,137.54386042238352,80.22601875325206,80.40640074573942,146.70033057601563,51.95583929198776
93.06060741699794,138.77840255680155,80.82008849346145,81.59981042732127,149.21581482886958,52.29784467279057
93.64317192651241,140.03808288644822,80.01065238752726,81.23770781562581,152.45038246451844,51.62833356896087
93.02187357299518,142.03760171138777,80.55593270365267,81.52263982735704,153.56407745564803,51.097761768715976
91.88787097799288,142.51102067606428,79.49174787191865,81.39335173041283,154.5179031809365,50.93227096451235
92.15288200188103,141.49707875073426,77.73913910702069,80.18382479270456,155.16444036475775,51.21753132679769
90.56583949306956,137.1607611296839,75.1411360765749,79.90191268523395,150.62751290539958,50.32918882422075
90.20186104219192,134.93660311362217,75.01940623508833,79.89773423847211,151.8360936530488,50.65316410920212
89.90144713640397,136.0212328442279,75.23211282949845,79.2222970552199,151.26389987611387,50.03603269818937
88.89586360871186,136.42931577953362,77.33353320834136,78.42495175506811,153.31999408432452,50.020362619508454
90.57329827860084,137.43664230439913,77.88368170928038,80.42726049158819,153.1555209560535,49.807589705870946
91.75474742407366,137.79086134752328,76.52448103135586,80.07054839842138,153.9308428079863,49.35942039289533
91.58274764842925,139.65841383023874,75.50883442249209,79.50327386485907,154.68051953878472,51.113690524073554
92.80841089034216,138.59036547609642,76.23653597960235,79.94135205374705,157.26644639791476,52.766401512036666
92.34658327920984,140.28526882220103,77.1666677951426,80.83692662290953,158.8435345758178,52.51769474398535
90.7614475684756,137.60904267707843,75.390784673438,79.08450651413543,155.1084203905969,52.28177708006181
92.43733859956791,140.5054250119665,77.23758064876768,81.32865947002847,157.77403862333202,52.94456235308186
90.92942935945933,139.57458940006933,75.17207752635937,80.43169082819502,155.59904973720586,51.83954498492484
92.11851184872431,137.68724602581423,74.41046838291241,81.13165707969188,157.28194609357254,51.33027557415365
89.26800711366904,134.86922682731577,72.7688229728655,79.09208544203058,154.01028298085467,50.43778876672428
90.33930531588378,134.89629587947869,72.63819743695827,79.12630611525434,156.57324147207186,50.282761701329036
89.74822844599345,132.6026088281247,72.64837672067944,79.24885815655333,155.95472786920323,50.11374730152459
90.85355310839128,135.29137421928053,73.16687009561058,79.87849787939221,155.97585105023148,49.7626689365286
92.05974734702163,136.5970479218847,73.83593069336611,80.17318669531558,159.6438457961622,49.838858524181376
92.49953085090743,139.39496885409704,74.45577926236804,80.00984944807728,159.92086413022102,50.62475347941454
93.97247630415124,141.45248386822905,74.8324430874148,80.1719133058515,162.47628249094132,50.3446947780973
93.00873203298698,138.7946602522183,74.13826937141019,80.06919930415978,162.3396400412271,49.94266583402582
92.6037689831503,136.34002740595798,72.7920994786998,79.90018896858466,161.80802873432364,50.19748262452072
91.75386069133336,136.55385106785863,73.0402822879509,79.94691564935935,162.23478161606022,49.69732422209987
90.77730378132397,135.3627626038672,71.02276570504162,79.37118215817088,161.09128655316908,49.61996029540824
89.4693567069117,133.40327952975588,69.39138502684867,78.70418336077033,157.20681335256577,48.97615901390426
88.34794462664544,129.6047575829033,67.87124847690778,77.68556552034293,156.25742610963692,48.141093004865446
88.73425639165426,128.43667290441846,67.19883936470848,76.46418309994841,151.35271773291458,47.15381648187852
86.59196818076167,126.91743736854289,67.57673337839329,75.73219372016193,147.68075194222618,47.48734068550489
86.19433082117712,126.26547003606255,67.6079743171936,75.44801470940145,147.98420110580014,47.32726527659157
87.0665929545024,126.19922950996835,67.96494134114435,74.93628898827404,149.86827446308726,47.24725420918004
86.39460076043164,124.50169585679194,66.443862053068,73.70299214304498,146.0017013294236,45.8516806971729
88.24092423632527,123.78625279703034,66.84409122096064,75.79675745928233,150.62172456413097,46.62013980230609
89.28903313124127,123.26411922771868,65.540004277329,75.147212347017,148.93447654589067,47.0347496363652
91.42969083565413,123.86844653551489,65.7569495272536,75.84647252356352,150.9723803955924,48.86141552489626
91.16166664009448,123.86539467071604,66.23277768693367,76.38445722953624,152.39219497730343,50.10464748796382
90.55290747397449,122.92235562595101,65.86312261761962,76.41264044451205,149.1056892575375,50.92199618333679
87.69172442812362,121.82542404675668,64.54156066862602,75.37178065645145,147.8125094292629,50.422736153008465
91.22704342150612,124.22018610910831,66.15814096499797,77.24376134247991,150.90199761270657,52.2903875137323
93.10638531851528,127.14600423388923,66.11001117014987,78.16024665337659,155.36411174258978,53.98671176119708
92.58690235932201,126.85298511179101,66.07625416328675,76.95004388520142,155.72109501027768,53.780628250210796
93.76154520908219,128.28642430281732,66.49362876222155,77.34649301155257,161.29826152026547,54.51081819772087
92.67912961531997,126.69525528403295,64.7783860190807,76.00378755175515,159.3800915229952,53.26301597998557
95.5980482500139,127.12158093966758,65.90568522780335,75.91910691897944,161.59246936173363,54.50733022319015
98.15752896941171,128.89503351039565,66.73298287046488,76.93236214181466,161.7600028163043,54.446413880224256
101.21996459442917,131.0219960965024,66.55258079129977,78.3888081179996,164.48756392161172,55.28110187661944
102.79928139565074,131.75478662191162,67.46255396707211,79.45361950114923,164.40783015317393,56.45498620529739
103.14049301128816,133.6728910641272,66.78559506399358,79.30005564744536,168.07590275118548,56.414100467332915
100.85492664022445,133.26004773440513,66.16339889961645,78.79477635778069,166.1235458200086,56.86570919734317
100.98370217599529,133.75425312496904,66.44494692075182,78.75109161653232,161.18432497220908,56.3836198723983
97.94870858894325,130.6174080593312,64.43638908298757,77.35901364763956,156.44917214202755,55.90017658307826
97.11819199312407,132.86654352585904,64.38988555642085,77.83557178468187,156.34854016002683,55.44230424593948
96.35878013089746,131.75806079988106,64.61328365012184,78.06867617959145,157.21295773841035,55.67005318464894
96.76585224587829,133.65444542103089,65.88907808997227,78.03161087459155,157.97680991049714,56.32951283824401
97.31421352411041,132.79338189155928,65.05978463473629,77.49944859605979,155.10319763013155,56.01096026301336
96.55474557503626,134.03290471581604,64.57732628024165,78.27977542462514,154.4103406234834,55.973538750073146
95.37233671039223,135.4127667434409,64.92596455746268,76.34947195843408,152.65931847768576,56.3626351934031
93.25418599685439,134.14072275029847,64.74801062834966,74.3358471495142,151.03909414425266,56.76884924392675
94.54821362295424,136.071338399492,65.90920786204916,75.31821702301129,152.1906297313701,57.122385266568834
95.39533006475028,139.18333747691895,66.79279486244008,76.27646161944119,152.32883758713464,58.33481736966321
94.65185489829463,136.76926632248035,66.83814943326719,75.19206085810445,151.959175928559,57.89841518244547
93.99902009630362,132.98367681898515,67.41907764642332,74.65196160402,151.35690558072068,56.3347139681507
92.61904805447168,131.07452320583008,66.31142195527967,74.17476724464932,151.0861082917917,56.79175687063605
91.2181268759583,128.66132626410348,65.13861576364646,72.1925742606265,148.64297704092618,55.97750149654736
91.04751826610152,129.452197143996,63.69933083575793,72.19781669283928,147.91023320284702,56.17836173577242
92.50955272972959,130.91691774130956,64.63197522183721,73.31441576859687,147.74230680236104,56.888904794205104
90.86503252932704,128.72303982393916,64.60568041803367,73.11525831366454,146.15121824875877,56.56211763356596
90.42273971301243,128.3326688549858,66.56894963698242,75.57019131772094,147.97409525471681,57.46179566949815
89.77660257738192,125.98078898017535,66.2528985641473,76.44170551140182,147.90958809122404,58.091870653960555
89.86041939897636,125.14202827143404,65.4058959846337,76.13257382821595,145.26431357768632,57.929010221241555
91.15075275777087,127.63747324121478,66.85162616460735,77.70165695977079,148.6352281562652,59.10612368811436
88.45231167043116,125.9824219762363,65.61411648462483,75.60111200344711,148.6688833490375,58.177967054440664
88.66772609865576,124.15013023673701,65.67143012431544,75.52796178865158,149.67910923718424,58.00669124030504
89.39120360419443,122.89941924640509,65.26103110545388,74.21367987003745,150.25840524260317,58.435097031480794
89.13104411196028,121.19457971668646,63.6385956913481,73.32961549358508,146.85870053208197,57.78746051127962
87.43622619307192,118.01906697402175,62.35040838123853,72.3225220552088,144.99802453204623,56.388486630931375
86.01504665629082,118.10694019054057,62.564489705655376,72.47954534284433,144.982257718875,55.8419758324197
88.51721715035674,121.51162978176687,64.70048291667443,74.60590572811081,150.21929415499713,55.958251347667904
89.4797926970591,121.22760288236955,65.01878612985413,73.5183575616443,149.8871087337598,56.44885904844712
86.93922079977227,120.20377539522765,64.15797775388933,71.93401343247957,149.41002724964238,55.83981039769089
86.25804355413644,125.28671027398184,65.55062454382629,72.70899272163095,152.5627987389203,56.58719953485669
87.92596396619489,128.30799112813872,67.0355398084876,74.51831455055358,158.38714450372402,58.40019508637859
85.86591363331829,125.32640184942241,64.96308691656351,73.11712916884808,154.71719735089505,58.04513239018269
86.20779146132487,126.88683378918273,64.03594469155914,73.96139853050006,154.6299348491916,58.107931186887974
87.28657367843786,127.41784775773243,64.23611303764105,74.69480256172604,155.15149601435385,58.99569549359852
87.17082664998986,128.65083351592688,63.230455383784935,73.50906266606873,154.23045259862945,58.32414449553636
84.92312949605028,125.57147695026475,62.53056269513362,72.24246397060163,147.8540118730855,56.515950964021215
85.39796510329937,123.27248325308456,62.000914152031356,71.95910883427884,145.21028446704256,56.6582342975472
85.14859313062607,124.53173293717926,63.473156570786934,72.1261557892323,142.89665968949802,56.727737132116474
86.40421839732024,126.51184164279536,64.6132949787045,72.39145280935605,146.0789158052312,57.36537513814187
86.16274660284223,124.05586585331484,63.57141842569718,72.61493406225358,147.9726899224484,56.39929430951597
86.22617594622383,122.16292258897786,63.31040201261531,72.95556574214204,144.65477068096124,55.43346846689093
86.20394614562638,122.65768808089258,63.176921231164435,71.6544768073199,142.62343266685033,55.58853474433446
86.53248392559745,121.93684163354114,63.75354991075041,70.86435325026378,142.34251630579072,55.6822750112893
87.87646767773496,120.96482436221567,63.22678392897557,71.95240293928317,144.73462065911363,56.46647704673707
88.11336313460879,121.11389855629626,61.955308754306095,70.64511654646032,143.7404899803362,55.72789234411442
89.49556376760127,122.98265443293396,62.82831024950415,71.25673772914827,147.3825388404002,56.51462608132599
88.11682359297875,122.23298448365024,63.37549131369241,70.38439263594738,145.8119129084442,56.25701300004824
88.72317381623094,121.7250755199873,62.65788973829716,70.86606174167095,147.27135604971693,55.97159482321814
89.20535614619352,122.66793413864768,63.1834673908063,72.41854459285605,146.1312401886005,56.51542833818563
87.30177396545089,120.17666038830976,63.26104574811382,71.93579074399042,144.96788595239897,56.636259846326716
89.38559241531642,119.71928313639596,63.527417061708576,72.36502937753616,147.01860351271725,56.72978045994608
88.18348874125012,117.49478902441254,63.32163565396722,71.93395903375063,145.2337304026951,56.22981759211869
87.49477917317073,117.52232736007893,63.428635110304164,70.97857560234918,145.53152889727153,56.81529599408475
85.75389991159854,116.9772886531237,61.914697992400534,69.8326866487729,144.03465460629403,55.377814390831375
85.39538742713246,113.59680092248954,60.75415970396073,69.0070530633992,143.4864505984645,54.78968223601909
83.84543549689975,110.24734161355157,59.62139823614906,67.95942585243789,139.20581078571323,52.82865503775967
82.48558263470709,110.56489388766482,59.59528814300433,67.81596286848949,139.25622649639834,52.74358306033495
83.4450362378883,111.75323894462497,60.26405782220874,69.29043231888181,140.22506391074887,53.61246182586395
81.58349398976318,110.87866133410229,60.50300201936849,68.18552265263642,137.28111503142864,52.07837403592656
81.26851242480738,109.65388403125488,58.69048089233943,66.41230581573527,136.10794020759832,50.36562871482046
82.1591682543992,111.53469705877558,60.270242478507,66.7900369674369,138.58467270308344,50.25728200899003
83.54561544057212,111.96970194783212,59.638841721786406,65.82281940868953,138.4410995433742,49.890983568121236
85.34686865394568,114.35173163896118,59.88781501877127,67.78201632475785,141.33088884996332,50.991439335386936
84.50314266140654,113.5801688838507,59.097053634347915,67.47723076800906,142.34983251946082,50.748272697847966
84.08769476554606,110.40179916993637,59.73318323222147,67.26120934362977,143.8947782682153,50.25263685753118
85.56177445359242,110.90848898433077,61.36027542597608,69.2476838598905,145.85565388069398,51.627572858936205
85.12950675367553,111.26435969056384,61.400056851418945,70.06762260230765,145.67700154600504,50.77961261715381
88.26554808371878,112.8338600655772,61.98137484895611,71.70839094073808,146.80157544152792,50.76424739007058
86.54227406202996,113.14533817688091,61.97272764511153,70.62634761186261,143.83779381473877,50.04789825527316
85.13345251656423,115.84066632399347,61.87586346030982,70.98170427420712,144.1100945492213,50.12492826428549
83.5695951580098,112.28884536671994,61.35760839020291,70.6475854572404,140.03794707403264,50.39071472583158
82.71617252614253,111.01212827387437,62.302958383910756,70.41564977117561,139.5755240531943,50.03415253151944
82.99329263190053,111.26719018301422,62.77458443671276,70.49689766448415,140.7316247395443,49.61084495124003
82.49996830322864,110.94521372711287,61.42340625530656,68.79026465178511,140.15959906896902,48.822688281902586
82.05174624254933,109.5702305447957,60.237021279429335,68.08622713380274,139.86185732451935,47.541210428215955
80.25641617966505,108.51944913681518,59.59765677711307,68.21869901635674,138.60609879893624,47.56400089523562
80.30346792619314,107.40474616646848,59.45987316012399,68.06365795805172,138.70020056316127,47.234022968374966
78.7275218045774,105.42371270358967,58.26641036338606,67.7673518257703,138.96937229286152,46.477651611366845
79.10247965255031,106.46398235408874,57.74647690002604,67.88639979184964,139.23189667059313,46.81741105647418
78.97435017524529,107.62445388084437,57.58811634590045,66.86753798815332,140.79350560772772,48.028027688117966
79.16616769047803,107.58418983325227,58.14011866208052,68.08175401938503,141.5683461221965,47.787934712191884
81.16778108597566,111.5859880531075,58.567338441078675,68.06375825629817,144.65116187755575,49.164266800385086
82.27260953285126,110.49403881579964,58.73824293185153,68.17711401016713,141.1324064570589,49.82411627165094
82.72306127436126,109.66366121504814,58.59331146703922,69.35284847370676,141.05910333084745,49.985634813106095
81.62775315336647,109.39794873893992,58.043158885535185,69.82142851771277,143.31210226370632,49.42127420063003
81.7622566018467,106.31728772637385,57.170243211679384,68.4564259915625,139.87391761955803,48.19213281937707
79.55212023585524,103.9183468367295,55.171084405495186,68.52636450269725,135.32756152659962,47.342304896262625
78.66973551182859,102.6728840900191,55.56174557412858,68.03532843612166,138.65891700319844,46.48796400624191
78.97809317129125,102.33357447894275,56.23874804194579,67.45333014178927,138.1512822084198,46.68158387598736
76.39889834281529,100.15479073227661,54.655544790557414,67.30735851357375,134.41073924571705,46.868113235414576
78.16867725024476,103.16597868344917,56.3113022293558,69.29846926460829,138.1980834883728,48.47552158329121
77.06796041842824,103.24647469019773,56.02953080705135,68.41869301564117,140.37649391187782,48.086221854920296
78.73479564727835,103.18271797420665,56.365049703790135,68.63798082614922,141.131901499809,48.27793667662465
80.59992638261967,102.74519243967043,57.67048763427683,69.68181620734724,142.01135454210572,49.14432652840465
80.79838110696281,100.1528561484911,57.27754007560752,68.46859546043201,139.02383432297881,48.583846458947725
78.77729082150206,97.80881512115869,55.02968749482895,66.55387443487315,134.97391166081505,46.92065259028813
82.34388648957818,99.51330849357619,56.966031975486956,69.08665412587338,136.2330840605456,48.267960186326334
81.8945003844026,100.81697069043928,56.406449956483215,69.36971792229278,137.2075188274326,48.165088234177865
80.75117107591068,97.3386050672568,55.44506433851913,67.52285003858076,133.1602815001634,47.54351234160313
82.71789895450384,97.13604874009127,54.45493717774228,67.91796366550864,133.09595928202523,48.057701458975835
84.1660082057964,97.8346945117392,54.998943099618856,69.06832078463363,134.0593533772053,48.19912521678368
84.06352176245562,99.28652948729201,55.238052725304506,69.19411401867418,134.29015909312957,49.48872090435449
83.51676066672601,101.3394053299033,55.25628053556072,68.95524321896887,134.35507665631692,49.33761035482732
83.54576918574065,101.32926320670593,54.52278987548597,68.43022265889796,133.10339954452368,49.35308426242888
83.29430304620746,103.22307573181916,55.477099126223486,68.54349911794569,133.01708777453166,50.11517355238273
81.66762386785813,101.76659792628769,54.87779710427854,68.63506375967408,132.49859345993858,50.66951802732634
80.34694734402899,102.46110960461982,54.61075750348627,68.07865133388032,133.2337004157245,50.52019679037674
81.45557918756793,103.8822032845654,54.709937115550204,68.07384922560007,134.72530098910164,51.09377511970511
82.07058773250546,106.069309750089,55.92333647055242,70.07200972474155,136.5476066175173,52.75157256285687
83.57065693820857,109.22898093365366,56.240076729733225,70.8607821757939,139.3058989699344,53.549632173635004
84.32431324817804,112.13537242105005,57.257455889539244,72.06529014541958,144.2397242198817,54.50918471994749
85.95080615284047,114.00546055590394,58.368452808133284,72.15348506444052,145.51313593575418,55.515589936016326
88.02720161133178,117.64332283616397,58.80962082601283,73.67986189997244,151.33152972030464,56.11289834795034
87.92568841170392,117.67383155948633,57.70580451614545,73.52828635261608,154.16208592552152,56.92304891278011
87.52923565439936,116.31034921269759,56.915438933381274,73.50815108837507,153.81657569608925,56.76833078861348
87.16636216035485,115.06197080378925,57.258287362490435,72.80557778241497,152.2425963387493,57.50039170507016
87.84675413408954,118.09555947574941,58.11975077232336,74.37788896331963,151.79224344806573,58.991963176851684
86.0219681508851,118.7437106692765,57.314213194155805,73.73858032095613,148.88666564270082,58.65558279651591
86.36607985532314,121.13180114184806,58.48013331404849,74.90870136776455,149.1414472148452,59.8541820275911
87.10959178126686,121.60625024656517,58.002381824314725,75.04113919219598,148.90058334895977,60.74496578259861
87.39233733295332,122.26723478796092,58.82109792893408,76.94149504543125,152.42291120033508,61.691032017368414
85.85447144021629,118.19677803780347,57.665974313922796,73.75832866891963,151.18414215028966,58.706339543880794
85.20037875894785,118.7470002970272,57.182083246152125,74.00437713335167,151.88624744396643,59.64937647614682
84.62306707191411,119.0691114710488,55.21880756045313,72.96962711602102,148.30751245439467,59.0286439122846
85.16808732980601,117.36783907881888,54.89782905659858,73.08433784002146,143.4779330521503,58.15376153297593
85.40356863567852,118.70956775061204,56.468481008108256,71.96151467366037,142.73055991842995,57.80255299738631
85.15303200906251,117.15487771493682,55.01637105859437,70.68467815128393,143.03859647079219,57.179803704461264
84.16103477649517,117.99931278266054,53.946322444537145,71.2554870789816,141.24290404501443,57.395610477691704
83.8882207221687,117.66152531173188,53.57237727523958,72.35375388302644,141.80138284623658,58.2513168776628
83.7641077479909,115.7097405748354,53.2209052085541,69.41287629641221,138.4308147060994,56.84367897363895
81.63102859871596,113.21408076237141,52.80226993156728,68.41403412497412,136.3060629762149,55.774335139099065
81.85015320362362,115.72241846253833,52.42188205291633,69.0276125001985,138.1852771104652,55.90414102111246
82.02412239818969,115.56272613568291,52.29914142992663,68.52734335760742,139.43817701554778,56.91305780896063
82.61643784484676,115.39779892826294,52.75705556857513,69.39337874655516,139.80672596994913,57.424732871521186
80.21416406632815,113.68645932900934,51.66852906730366,68.25834213018993,137.92670398302357,56.10091399679834
79.53135958793797,113.15773805996493,51.2536913825159,67.44199861292836,135.71901205919534,54.70645455363595
79.97335427747484,114.4405801526604,50.94037510806439,67.70296025384758,135.9566077089068,55.91198502347975
77.70737880687832,112.32848501829704,49.31326739414916,66.6755754192474,132.82534637807788,54.802082173859986
77.8247703773061,113.74487415176986,50.67341158870037,66.18585672325845,136.95885697066268,53.768654097237764
77.76358205379343,113.94242431145267,50.97033202447839,66.7009648586444,136.82436437307516,53.96011905861073
76.29205642737566,112.47648061617826,49.588697807208256,67.05083408500617,132.0109857890739,52.3131969243539
74.2920706076043,112.5762305780648,49.62241444088285,66.10532588352072,130.96651795609768,52.61662758325198
76.42203050020561,115.82684815964538,50.34704892329242,67.39817337033452,135.74954766634463,54.409029985009354
74.37580590045286,114.06796667217304,49.18610243875849,66.5340070119876,134.277219605257,52.74118912126738
74.30474352495257,115.32075887455014,50.36204469359397,67.86727823590452,136.60481981280498,53.69925853119754
74.69899444699757,115.06980132327952,50.118714700616266,67.14839333218563,135.38813170610734,54.07431664346167
73.45965304782895,114.64729826922705,49.966684855174705,66.33620096569753,132.72550018484435,53.80791170755882
73.72324944028897,117.38100545404737,50.55114118673965,68.13352423439764,136.5347418162937,55.256921154122786
74.65782515002198,118.81478055140792,51.29514017156594,71.12967291585616,139.12722665809594,56.267378784934955
75.73589345966968,117.3842439445344,51.171101103274744,71.25860916573816,139.94168942189233,56.36902173824087
77.5086039528733,116.67380434514858,51.00864480981804,72.28588632625419,140.0039409452613,56.395630813336304
76.4176081884169,117.91233090408234,51.66784660208099,72.27502646870141,142.17576035801176,56.217915741049474
76.71182706480103,121.57483203628233,52.59335551252052,73.0572197604295,143.81249281293714,57.702075999198804
78.89296983007623,121.39102540024831,53.226285288274795,74.71841218773629,145.26294780712146,58.22058715127898
80.95262825277413,119.22017418097109,53.484906025833794,75.2099600340077,145.78066335786954,58.89972297412406
81.17316476191222,121.48939099265736,53.4484809501301,75.68775643971244,143.6328664665994,59.24369586270525
81.47277640025197,123.30357367718806,54.02254691474903,76.72537979694057,142.43812245486438,60.846112131700856
82.14351522703602,122.9356676246198,53.7608969651169,76.00457846039934,143.09723045822983,61.756152436446285
79.19339332691136,121.90298594740686,52.477395746285,74.35005869420267,141.69141630254535,60.02177905634825
77.71344491240743,119.99113923399953,51.31281791194177,72.71218503045667,140.35715737875603,58.618509732714635
77.01544333085157,120.03356129596949,50.80970129672291,72.32431607397163,138.9421767393214,58.051057908099594
75.23838687488268,116.2191896049545,48.76694312870986,70.88584442928142,135.04020220556032,56.366060334451824
74.73724949243582,114.5027387713289,49.36536177185784,70.31806101773927,134.07664292528324,55.35976647634368
75.30274763768614,115.15807668658803,48.59801637421298,70.91236762929778,133.90932759531816,55.540188018518606
75.22867569276927,114.94231299708669,48.87036120295923,71.13240647695821,133.78473556530506,56.08108416385611
76.1781334592753,114.65375264921377,49.0375207365772,71.02255694954744,134.95838168268136,56.39531305061076
77.46006246183053,113.63506641635804,49.187544226576506,71.69535663091456,134.01727742729776,57.29621682732423
77.72662369390522,113.13313738925987,48.731386244863955,71.30029389303343,132.14158956689556,56.74180667689434
76.4425055580383,110.55074516137283,48.92645473728981,70.79736076722602,128.87261748296845,56.16387341882818
75.88592692085835,109.64865021994638,48.712367884273746,70.60489482950413,129.23223164332344,55.66403932118987
74.44927086326138,110.26976637200725,48.797213825056645,70.46360594757613,128.08844180077887,55.54825783621646
75.24097831454905,113.85214273081063,50.15877203683611,71.23179225015853,132.12454914069758,55.80396396217807
76.60824693724464,116.45438461391092,51.777403443154455,73.3239597981493,136.65534313131636,57.50712141664064
78.0727903029856,120.7076011699644,53.5837016083267,74.82621374178963,138.67449476736675,57.15328898967398
80.84079454538555,123.38026923319067,56.219351351502134,77.36274068332776,139.40571015825103,57.95658651692766
81.39108971773459,123.61800107324136,55.65718008957672,78.21815673354871,138.78593764255157,57.26980688307417
81.04401453013749,121.9087393007123,55.70500742811445,76.66211952338443,136.78758362863647,57.91008055388763
81.92092703953502,121.8776812107516,55.14388501614576,76.9325924351107,138.97450749224723,58.45036190723328
82.1640154372689,121.3439440996445,55.04193852826487,77.60311743336021,138.23609047451296,57.61024498528309
83.05424620023923,123.37530126866362,56.321077709969664,79.02072343810516,138.43497394066364,58.83844699015154
83.52397449275928,122.81960157389322,57.864377839913644,81.2285230269135,140.0469377672656,59.03468387987156
82.64718533719281,120.1566835035701,56.15433594725795,81.03782571583979,140.23626249821123,60.38168789522116
82.6626399608982,120.09206316585212,55.31800684455974,79.58465720462824,140.07748810698254,60.613516274034914
82.10780770265924,121.13684227318858,55.77226030267664,80.39678030326404,139.06536374247545,59.938901258943666
82.55884783507982,123.21875478549181,56.36531669777133,82.25054203132711,141.38701335916193,61.23805086722655
82.65200283952517,121.79285198622469,55.148679070323844,83.3534323263252,140.842052585651,60.93808907617773
81.5986350248934,120.71148542117538,55.088370614336974,82.35155043012213,138.5183143140597,59.862054051656145
84.92375312606761,123.84062486091996,56.70634574127799,83.79651003509821,141.63242606120255,60.30270824808535
84.06844625511823,120.99466031037764,55.440518258756576,82.39081003845129,138.74904107813967,59.373952899909035
82.02361477865333,119.20642584528434,55.175840192078226,82.02749567877659,133.684699471948,58.113412557505036
82.06908518416795,119.9724354936574,54.45632821309128,80.9550982866584,133.35545293348576,57.48005384059242
82.5280827587034,120.46621521919128,54.615702862219926,81.57824216158816,134.36169523229242,58.36460121231696
82.17619523151741,119.51975785764648,54.97621037806279,82.79164468665454,133.43454783400654,58.583956708387966
83.6651970742892,119.94084263356427,55.00603547769024,82.91218705034117,131.9415545089665,58.4340109325859
83.40603829418461,119.7205546638499,54.39377988645165,82.49231467965313,130.24123504236312,57.818639936465686
84.66499127597828,117.74367204950258,54.48277351383191,82.25216694488505,128.96766530757355,57.91353274558921
85.03819244684998,117.75287536932348,53.67192323328667,81.67392813943583,129.76256401242617,57.46029156352967
83.58488356672355,120.41091019651515,54.570796279815305,81.49115980330674,129.62551606928042,57.55311049126183
83.17402505219299,118.05425571525963,54.631342368836705,81.32778858048536,127.5362464553937,56.39475015300393
83.66988380707845,119.7868761234764,54.69684203779261,82.28474109640021,128.36973266287575,56.99614470918938
82.0187817534656,118.47339655820277,53.72311972827147,83.15383277783775,124.14708684491144,55.08813822210582
80.9246566721653,114.7533511666314,52.83048793992767,81.99133746210731,122.31881669698251,54.7022275301681
83.00117431886235,117.46627832473936,54.664010244730235,84.3831205561803,125.16483790453931,56.37733047571014
83.43169386727917,117.80568293684473,55.67341258552621,86.26094869716148,129.72268774030317,57.396192223238806
83.33554980969791,116.8170843048292,54.82687512421389,87.7145275233437,128.12673769531577,56.43853942561346
81.52914702500583,116.07600926792925,55.1219725067736,87.0129441926014,126.8139566573117,56.19340681986021
80.21679610811628,113.62392098502416,54.655867192788314,85.4468224913549,128.18906644415202,55.7167487316531
81.14633140525046,113.2534482178194,55.64710627842046,87.10658420553374,129.83640223077882,55.304460526572335
80.43148806890657,113.09311377707913,54.33022782640794,85.81825345888436,131.83446520252068,55.20706674493756
80.52030580065673,114.20851832246738,53.85534476425816,85.38329763955132,131.0253863138368,55.41670286803003
80.99615944561852,116.23995603689934,54.93431768119838,87.04935899091281,131.68577080736432,56.61685235323879
81.22127514523834,116.70616041559173,55.25297061003414,87.2282375412286,132.6587283490159,56.50792143573149
80.4244924905199,114.40916394665636,55.89569464009688,86.73471012970441,133.31460789520068,56.47014898538684
82.17794232098467,115.65912617183005,55.96462921594371,88.38270655844127,136.2452875157844,57.908495405364015
80.50974860622524,114.4427823633079,54.26947833660339,86.76549418233876,135.77932505849512,57.151791992789406
81.27127537423594,115.24189006607021,55.009298781694035,86.49311598604966,138.72983138385283,57.93348433397668
80.25501294555485,112.46535691184071,54.49065048621995,85.29459283610339,135.71967505509164,57.466069868573
79.39542767583363,113.16533915547275,53.23185753130194,84.30842215163203,135.31419785088835,57.38762895056629
78.45710947125505,110.92022258671162,52.41532004595775,83.57100798418665,132.8848076111292,56.27559277288524
78.68143727591601,111.74297004005172,52.744509444198926,84.65647338428602,131.8340919693989,57.1189405265553
78.61837975433258,111.48198620501044,52.909363145741466,86.59918074987533,133.20136219725768,58.45821735171644
78.41758262137155,110.80404315602365,53.58174850085941,87.78561174091159,134.24908184093331,57.76354511452653
80.14925070698214,113.37699618561102,54.65449539323727,89.43741393931944,136.8467315957869,59.42162888841237
79.30823190406964,111.1921936740895,54.03786745582472,88.70745345926913,134.21608781811665,58.58128154512112
80.65206082467668,112.77661132599965,55.72030393721233,91.27125910829523,138.4497353206599,59.53969192246239
81.87115344503414,112.91455271020176,56.4560891533893,89.98349980360759,140.9203164724764,60.12134758613609
82.68652759675683,113.50992402060562,56.62830371908736,89.28329346802302,142.1186385398093,60.75342288910038
81.46250334841145,112.89016163532432,57.10978929305774,88.99283445467364,141.96948218352617,60.41209618253482
