ID,prediction
0,-0.17548414
1,0.43071485
2,0.11310414
3,-0.20985281
4,-0.17489427
5,0.15652116
6,1.5391442
7,-0.09911381
8,0.039464407
9,-0.15955693
10,0.89123654
11,-0.19145183
12,-0.016973695
13,0.6294145
14,0.09872162
15,-0.6451353
16,-0.23558275
17,1.5794873
18,-0.6704097
19,-0.70272106
20,0.19567078
21,-0.75477904
22,0.15517578
23,-0.46048167
24,-0.14112575
25,-0.550121
26,-0.035591
27,-0.5214116
28,0.17686486
29,0.24411571
30,-0.05192024
31,-0.5783477
32,-0.80371135
33,-0.056661375
34,0.060058687
35,-0.28361544
36,1.2135023
37,-0.4479889
38,0.20947772
39,0.0017894563
40,-0.7237762
41,0.19164014
42,0.7617598
43,0.17705724
44,-1.0431805
45,0.06858689
46,-0.19849308
47,-0.042891257
48,0.03482772
49,0.208933
50,1.9249882
51,0.05272223
52,-0.75797784
53,0.3156739
54,1.1621866
55,0.038606223
56,-0.022023525
57,-0.68827367
58,0.11969745
59,1.9520462
60,-0.64708465
61,0.57363003
62,-0.22295071
63,1.2823035
64,-0.8707617
65,-0.14571899
66,-0.048283406
67,-0.31041333
68,0.12181977
69,-0.1038719
70,-0.119143985
71,-0.018767811
72,-1.1722398
73,0.21971989
74,-0.71226233
75,0.48887423
76,0.15462679
77,0.14042494
78,1.0115439
79,2.017265
80,0.06808065
81,1.8485419
82,-0.3365732
83,0.30912158
84,0.07289139
85,-0.32063708
86,0.64182156
87,0.9318011
88,-0.147247
89,0.02140749
90,-0.06311272
91,-0.04226398
92,0.30112138
93,0.3839093
94,-0.22314171
95,0.2480907
96,0.91791075
97,-0.09971189
98,0.14680848
99,0.099048786
100,1.0852072
101,-0.48388365
102,-0.10182256
103,-0.063016444
104,0.5832743
105,0.80414945
106,-1.222198
107,-0.6707327
108,0.15139844
109,0.85173905
110,0.5498982
111,0.010941421
112,-0.5157839
113,-0.5588852
114,-0.26750553
115,0.229572
116,-0.35988516
117,0.31351608
118,-0.20782472
119,-0.039099187
120,-0.12071827
121,0.44571245
122,0.2937277
123,-0.22143658
124,-0.705757
125,0.59421057
126,-0.6012974
127,-0.6395803
128,0.6193392
129,0.8660791
130,1.8084681
131,2.2198405
132,0.35341552
133,0.20415594
134,-0.31667802
135,0.07148734
136,0.3412694
137,0.045300234
138,-0.30769593
139,0.52155006
140,0.014593952
141,0.36387268
142,-0.27684432
143,0.10380309
144,-0.44887882
145,-0.030188676
146,-0.13965416
147,1.1371521
148,-0.19834577
149,-0.07602325
150,-0.10808527
151,-0.52209044
152,-0.45709413
153,-0.23580876
154,0.27073544
155,-0.21181226
156,0.046031278
157,0.082037725
158,0.24452524
159,0.6760631
160,0.06691061
161,0.69447213
162,0.003515992
163,-0.028977383
164,0.34139693
165,-0.3076125
166,0.027129509
167,0.6942773
168,-0.17118213
169,-0.627671
170,1.7491264
171,-0.36789668
172,-0.1187901
173,-0.15809341
174,0.048761945
175,-0.2639385
176,-0.19354814
177,0.040156778
178,-0.5480375
179,-0.04102763
180,0.3929686
181,0.14422774
182,0.83509463
183,0.2375781
184,-0.42758605
185,0.49400818
186,0.11694846
187,-0.01945015
188,-0.23105863
189,1.6298164
190,0.075390615
191,0.26302603
192,0.33491987
193,-0.22068611
194,0.96930134
195,-0.003913884
196,0.04153945
197,-0.6372491
198,-0.21476175
199,0.36387196
200,0.24955092
201,-0.2252985
202,-0.0011441589
203,0.39294916
204,-0.14132369
205,-0.007093438
206,-0.10148033
207,0.087725356
208,0.18317115
209,-0.6789653
210,-0.7653121
211,0.2225941
212,0.4416596
213,-0.26164478
214,-0.6211522
215,-0.13987398
216,-0.2602695
217,0.7496731
218,0.48768845
219,0.10230755
220,-0.27561146
221,-0.11762577
222,-0.16077799
223,0.5217847
224,-0.0037774958
225,-0.08136567
226,-0.0713511
227,0.07976297
228,-0.7634921
229,1.7400465
230,0.6844297
231,-0.12970659
232,0.11017289
233,-0.46563417
234,1.5833598
235,0.035132
236,0.23714207
237,3.503024
238,0.123073965
239,0.5480104
240,-0.5233018
241,-0.5898475
242,0.13060726
243,0.8166109
244,-0.02109521
245,0.0354258
246,-0.38711333
247,-0.19488128
248,1.1471221
249,-0.3013628
250,0.6514664
251,0.26141584
252,0.6998321
253,0.047651574
254,1.190212
255,-0.23068006
256,2.083129
257,-0.6437188
258,-0.37999195
259,-0.21504588
260,0.08356496
261,-0.2972955
262,0.69107676
263,-0.69662946
264,-0.1548736
265,0.16103922
266,0.31952944
267,-0.09857636
268,-0.19243994
269,-0.35975108
270,0.20072909
271,0.23726045
272,0.07847903
273,-0.16374065
274,0.16176875
275,0.20803706
276,0.95855564
277,-0.33219114
278,0.5775695
279,0.24463113
280,0.09217697
281,-1.1209732
282,-0.33143342
283,-0.14798409
284,0.22630402
285,0.14012726
286,-0.20780036
287,0.7247442
288,0.028872546
289,0.34750026
290,-0.2811231
291,-0.018388491
292,0.9390946
293,0.30184218
294,0.35595775
295,-0.5012641
296,0.16705744
297,0.27305812
298,0.36458954
299,0.082554094
300,3.2156036
301,0.17765711
302,-0.2623262
303,-0.27933997
304,-0.7104268
305,1.0173519
306,-0.2564887
307,-0.39986184
308,-0.03868384
309,0.7587773
310,0.5523099
311,-0.2853458
312,-0.036836453
313,0.31424633
314,1.0563676
315,-0.4458757
316,2.684716
317,-0.24083391
318,-0.32687402
319,0.24204822
320,0.6837721
321,1.4259738
322,0.05748087
323,1.364428
324,0.91586
325,-0.46468568
326,-0.121232204
327,0.41886553
328,0.32548228
329,-0.27693066
330,0.10753234
331,-0.5826832
332,-0.28732076
333,0.092255086
334,-1.6152878
335,-0.4211889
336,0.569101
337,0.014400016
338,-1.9263785
339,0.18434253
340,-0.2001121
341,0.2420207
342,-0.46939343
343,0.13075732
344,-0.108174905
345,0.058083527
346,0.0866383
347,-0.10998736
348,0.36737028
349,0.13847436
350,-0.012096611
351,-0.9850695
352,0.15816675
353,-0.12248845
354,0.17874606
355,-0.4559532
356,0.011362311
357,-0.23192659
358,0.67241806
359,0.2489899
360,-0.35446978
361,0.6411254
362,-0.2528066
363,-0.25237772
364,-0.7466752
365,-0.2612078
366,0.22703104
367,0.38251942
368,-0.2610768
369,-0.24798217
370,0.09443117
371,0.075584024
372,-0.0045789327
373,-0.11577549
374,0.06974927
375,0.29290068
376,-0.50655967
377,0.3132919
378,0.11591682
379,-0.1263917
380,0.9483316
381,-0.5304655
382,0.44027406
383,1.3701657
384,1.9718989
385,-0.20767738
386,-0.34781617
387,-0.053425334
388,-0.11994821
389,0.5143178
390,-0.71392703
391,0.48739538
392,0.53813684
393,-0.40464363
394,-0.3159346
395,1.6889596
396,0.19982839
397,-0.65770775
398,-0.2776063
399,0.85207105
400,0.14352219
401,-0.5572771
402,0.2770055
403,-0.2039035
404,1.769552
405,0.22582428
406,0.62009513
407,0.1686883
408,-0.36632162
409,0.09604133
410,-0.3117176
411,-0.2430333
412,-0.22710225
413,-0.34403855
414,0.73961323
415,-0.49419138
416,-0.048255846
417,-0.6663898
418,0.26190022
419,-0.28597498
420,0.085753135
421,0.2533309
422,-0.12314531
423,-0.34169835
424,-0.18817003
425,0.20268576
426,0.26021254
427,-0.43743324
428,0.15417273
429,-0.017398017
430,0.0725762
431,0.1576697
432,0.039266296
433,-0.7340953
434,-0.048871174
435,0.08956762
436,-0.1630163
437,0.32791093
438,-0.25977752
439,0.553102
440,-0.0357137
441,0.29641354
442,0.23436956
443,0.18857765
444,0.26464754
445,-0.4881064
446,-0.14820102
447,-0.37984726
448,-0.2618618
449,-0.5639994
450,0.11491249
451,0.39374036
452,-0.084273845
453,-0.23047037
454,0.3076113
455,-0.39022115
456,0.7440617
457,-0.060748514
458,0.619825
459,0.18553044
460,0.5704239
461,-0.24830493
462,0.104407035
463,-0.32853705
464,0.05438461
465,1.81956
466,0.2627682
467,-0.09464425
468,0.11663656
469,-1.0522163
470,0.22315231
471,1.2648041
472,0.8757261
473,0.034151535
474,0.3373793
475,-0.6017634
476,-0.13480857
477,0.015751805
478,0.24047047
479,0.4617857
480,-0.38438776
481,0.66233563
482,-0.48368654
483,-0.42237917
484,-0.035054475
485,0.07866492
486,0.062234104
487,-0.04382716
488,-0.12867604
489,-0.3208094
490,-0.017736176
491,0.7893217
492,1.9863682
493,0.035721716
494,-0.106300816
495,0.070451386
496,0.6024651
497,0.28668863
498,1.3348545
499,0.18544635
500,-0.5201128
501,0.0024430193
502,0.9671661
503,0.14080697
504,0.008747865
505,-0.0812292
506,-0.1600856
507,-0.3355774
508,-0.12407702
509,1.1078085
510,-1.2471969
511,1.093926
512,-0.4697564
513,0.042785097
514,-0.22646406
515,0.27691117
516,0.13427706
517,0.046594404
518,-1.0226631
519,-1.0375925
520,0.7885605
521,0.35177517
522,-0.5253207
523,-0.23792982
524,-0.19244638
525,0.21831632
526,0.086829774
527,-0.0056731114
528,-0.1454861
529,0.058553215
530,0.5406786
531,0.25870743
532,-0.4580658
533,-0.1509869
534,0.25742853
535,0.15188245
536,0.2252541
537,-0.36273986
538,1.0521957
539,0.06299643
540,-0.1859925
541,0.07717917
542,-0.34119835
543,0.29423934
544,0.23857266
545,0.34250876
546,0.06012375
547,0.1801059
548,-0.030169955
549,-0.18302003
550,0.089242235
551,-0.1379536
552,0.45338914
553,2.1570597
554,-0.07718359
555,0.7525123
556,-0.0029799964
557,0.8292723
558,0.13927737
559,-0.21632619
560,-0.06952097
561,0.19036925
562,-0.027169326
563,0.07117128
564,0.0001287991
565,-0.17159627
566,-0.27074468
567,-0.1295304
568,0.005783136
569,0.53683805
570,0.9010193
571,1.854629
572,1.2234005
573,-0.07514253
574,-0.74814516
575,0.29431245
576,-0.3566131
577,0.14247394
578,0.30423826
579,0.17747808
580,-0.5304702
581,-0.0009973313
582,-0.574197
583,0.10436698
584,-0.21605678
585,0.27344897
586,-1.15225
587,-2.1108487
588,0.16378787
589,0.08935017
590,1.1287793
591,-0.29047835
592,0.49535227
593,-0.7491502
594,-0.9743283
595,-0.10064222
596,0.14669456
597,-0.25121072
598,-0.69479203
599,0.07957685
600,0.30573812
601,-0.842163
602,-0.93986493
603,-0.07048007
604,-0.04950701
605,-0.102574475
606,0.12118738
607,-0.49702898
608,-0.50096256
609,-0.02897678
610,-0.14346799
611,-0.20410597
612,0.046374716
613,-0.095318556
614,0.43534252
615,0.6778171
616,-0.19362804
617,0.2170444
618,0.004496557
619,0.54617125
620,0.4574354
621,1.3264436
622,1.3950862
623,0.106187284
624,0.8210016
625,-0.4107845
626,0.2661303
627,-0.11332772
628,0.2875696
629,0.10440941
630,-0.10142159
631,1.4487319
632,0.6627715
633,0.34263587
634,-0.5339723
635,-0.17779383
636,2.4958065
637,-0.15918201
638,0.19130577
639,-0.036032762
640,-0.41215354
641,0.37447575
642,0.2965336
643,0.44853044
644,0.4144745
645,-0.33832648
646,-0.6517374
647,-0.030922428
648,0.4922098
649,0.10053407
650,-0.011399831
651,0.3214157
652,0.5966302
653,-0.032113697
654,0.240304
655,-0.61680037
656,0.3493356
657,-0.16662195
658,1.2881135
659,0.11093035
660,1.3631829
661,0.15354392
662,-0.28424656
663,0.14968857
664,-0.6072793
665,0.8627242
666,0.77549225
667,-0.06730011
668,-0.2345021
669,0.21258172
670,-0.48631814
671,-0.04589269
672,-0.10672779
673,0.23449199
674,0.4041682
675,-0.12057405
676,1.5499235
677,-0.038624406
678,0.12314901
679,-1.3604816
680,0.9446375
681,0.07935988
682,-0.09251085
683,0.84651124
684,1.7066491
685,-0.16121455
686,0.40554693
687,-0.14230333
688,0.34768716
689,-0.2655337
690,-0.23579277
691,0.81916976
692,1.7366332
693,0.020328032
694,0.43930185
695,0.024470637
696,0.4283471
697,0.22831357
698,-0.088856995
699,-0.035067394
700,0.46092135
701,0.009372302
702,0.25182888
703,-0.37351498
704,-0.27181128
705,0.06914867
706,0.04151757
707,2.5524943
708,-0.76710093
709,0.18635727
710,-0.28599823
711,0.0017257269
712,-0.18736996
713,0.46875614
714,-0.021989133
715,0.015459075
716,-0.099194296
717,-1.2466446
718,-0.18771563
719,0.6463324
720,1.0264579
721,0.3426095
722,0.07396344
723,0.27442273
724,0.59384114
725,0.27732763
726,-0.25069734
727,0.8148862
728,-0.019044466
729,1.0526397
730,0.3634942
731,-0.3245845
732,0.58846724
733,1.2631845
734,-0.0891498
735,1.2228391
736,0.20563358
737,0.59852296
738,0.23162957
739,-1.3895919
740,-0.120943464
741,0.27711487
742,0.027790828
743,-0.20675902
744,-0.6101401
745,-0.1901166
746,0.34834138
747,-0.08483244
748,-0.7331678
749,0.0053686607
750,-0.14890465
751,0.3914677
752,-0.56076276
753,0.0946518
754,-0.5256656
755,-0.08799175
756,0.12895095
757,-0.32992762
758,0.91595876
759,0.10845982
760,-0.15066253
761,0.15162194
762,0.0022669132
763,-0.2561641
764,-0.11118329
765,0.07798254
766,-0.017698277
767,0.06703932
768,0.24896897
769,-0.07342865
770,0.026248984
771,-0.1745867
772,0.0618204
773,-0.073359065
774,0.5491006
775,0.14240071
776,0.030191194
777,-0.19750413
778,0.23237501
779,-0.18632375
780,-0.24207373
781,0.24037401
782,0.073763505
783,0.9908368
784,-0.54404557
785,0.0739869
786,0.31368944
787,-0.34525135
788,0.07245436
789,0.43751377
790,-0.4811181
791,0.29549995
792,0.0020976758
793,0.84973425
794,0.017666504
795,0.19578564
796,0.009963482
797,-0.18673503
798,-0.010356945
799,-1.358573
800,1.704744
801,-0.6682948
802,-0.04331488
803,-0.07374472
804,-0.17638882
805,-0.16746944
806,0.11073803
807,0.21257818
808,0.29726794
809,0.27514365
810,0.15369675
811,0.22077647
812,0.04272921
813,-0.3229672
814,0.036309958
815,-0.2593148
816,0.82755077
817,0.6514283
818,-0.10512545
819,-1.0616076
820,-0.037025478
821,0.24060053
822,-0.06656795
823,-0.15153204
824,0.08443293
825,1.1528311
826,0.07979245
827,0.7283868
828,0.30273196
829,0.26499912
830,-0.28327835
831,1.2438354
832,1.5188187
833,-0.35175496
834,-0.6874304
835,-0.26797026
836,-0.49271384
837,-0.25307214
838,0.92755526
839,0.055836678
840,2.9493995
841,0.10035241
842,2.2143385
843,-0.17119083
844,0.13487776
845,0.52578276
846,-0.047069766
847,-0.25579196
848,0.68481
849,0.19358842
850,0.7356636
851,-0.38060424
852,-0.090791784
853,-0.2137745
854,0.02751102
855,0.23430257
856,-0.16581929
857,1.220651
858,0.17905536
859,-0.19109741
860,0.16403268
861,-0.72287595
862,-0.107278645
863,-0.22875306
864,-0.11258538
865,-0.31530374
866,0.40475726
867,-0.37880385
868,0.8112849
869,-0.42783025
870,0.37759206
871,1.062999
872,0.09343613
873,-0.02765326
874,-0.57230765
875,0.27621007
876,0.1321438
877,-0.4688376
878,0.049059387
879,-0.0609045
880,-0.4497312
881,0.07081604
882,0.10098618
883,-0.015868338
884,0.06426126
885,1.3077986
886,1.2669094
887,-0.30056238
888,-0.060400043
889,0.011741672
890,0.5289043
891,0.10803008
892,0.21520388
893,0.34169316
894,0.2837369
895,-0.24887662
896,0.19554125
897,-0.05459099
898,-0.27816987
899,0.25779477
900,1.1815252
901,0.4065198
902,0.21713111
903,-0.20078766
904,-0.14098233
905,0.7012749
906,1.6381398
907,0.15641807
908,-0.15979142
909,0.046043135
910,-0.037288174
911,0.3745048
912,0.4090771
913,-0.48920405
914,-1.5699905
915,-0.25057745
916,-0.083206
917,-0.71089095
918,-0.08893538
919,-0.40115494
920,-0.019616462
921,0.10791849
922,1.4867674
923,-0.20649499
924,0.39636123
925,1.5792831
926,-2.273204
927,0.15051554
928,0.0920287
929,0.4983245
930,-0.6827931
931,-0.27485445
932,-0.054019522
933,0.70211214
934,0.43228814
935,0.41065687
936,0.16857868
937,-0.55124176
938,-0.15875019
939,0.080551594
940,0.079779774
941,0.3080984
942,-0.024780102
943,0.996713
944,0.13603318
945,0.15010065
946,0.17557374
947,-0.15362287
948,0.031386632
949,-0.015647855
950,-0.2827838
951,-1.1719458
952,-0.11032279
953,-0.30530658
954,-0.06454432
955,0.23897953
956,0.04171474
957,0.14564447
958,0.5663457
959,-0.32681546
960,-0.43130884
961,-0.023744153
962,-0.18438452
963,0.82046413
964,-0.19815202
965,-0.09208073
966,0.6339034
967,0.43793705
968,0.9293727
969,0.045326233
970,-0.11875113
971,-0.80813414
972,-0.3313634
973,0.43969828
974,0.31052247
975,0.33589992
976,-0.4905484
977,-0.5997906
978,-0.0680577
979,-0.13300526
980,-0.07397139
981,-0.15717244
982,0.21496013
983,-0.22621989
984,0.08455663
985,-0.04974934
986,0.26847947
987,-0.19369677
988,0.9026783
989,-0.042738006
990,-0.4061313
991,-0.053694513
992,1.3847206
993,1.1619542
994,-0.17999946
995,0.25180796
996,-0.28048992
997,-0.44710457
998,0.41310045
999,0.2092708
1000,0.76369053
1001,-0.101812564
1002,0.5103323
1003,-0.11478314
1004,0.24701084
1005,0.030626565
1006,-0.27127054
1007,-0.7964963
1008,-0.25611404
1009,-1.3585204
1010,0.5836942
1011,1.4135543
1012,0.07137352
1013,0.21606195
1014,-0.4337434
1015,-0.00080318423
1016,-0.0019767517
1017,0.31781447
1018,-0.01386207
1019,0.032840297
1020,-0.4321079
1021,-0.04475598
1022,0.098490305
1023,0.1908463
1024,-0.0025347078
1025,-0.36270413
1026,0.29320344
1027,0.17627035
1028,1.4650145
1029,-0.029363677
1030,0.019658864
1031,0.3179046
1032,-0.13040856
1033,-0.21750477
1034,0.15404068
1035,0.20291114
1036,0.45673338
1037,-0.7177903
1038,-0.30689263
1039,0.08182248
1040,0.47149968
1041,0.0008315163
1042,0.24540204
1043,-0.63443005
1044,0.035753973
1045,0.05477635
1046,-0.75338125
1047,0.11811888
1048,-0.38551503
1049,0.5987419
1050,0.034632478
1051,-0.08021034
1052,0.911161
1053,0.42345676
1054,0.024912333
1055,1.4764844
1056,0.12116051
1057,0.6423023
1058,0.34632084
1059,-0.58015305
1060,0.17760089
1061,0.15640353
1062,0.06736719
1063,1.3716973
1064,0.5477475
1065,1.2074406
1066,-0.21661586
1067,0.39506477
1068,-0.4901538
1069,0.5560652
1070,2.3141837
1071,0.08854321
1072,-0.14527884
1073,0.38317105
1074,0.22336502
1075,0.011249036
1076,0.66165304
1077,-0.5368456
1078,-0.3298661
1079,0.053288035
1080,-0.41929674
1081,-0.29240274
1082,-0.7800632
1083,-0.7906053
1084,0.24369916
1085,-0.0523345
1086,-0.08757155
1087,-0.20730223
1088,-0.17760187
1089,-0.67437506
1090,0.124826
1091,1.0945977
1092,0.14557527
1093,0.08596321
1094,1.5492631
1095,0.0702829
1096,0.41039497
1097,-0.104840554
1098,-0.1587277
1099,0.6583299
1100,0.1515439
1101,0.11775686
1102,-0.13170357
1103,-0.45120424
1104,0.3416198
1105,-1.0820824
1106,-0.32673496
1107,0.5651065
1108,0.34011495
1109,0.10637382
1110,-0.7497669
1111,0.08538546
1112,-0.34194833
1113,0.17203842
1114,0.73069876
1115,0.07474513
1116,0.3852512
1117,-1.2227843
1118,-0.007598221
1119,0.0092311315
1120,0.039926242
1121,-0.47832
1122,-0.29322875
1123,-0.06440215
1124,2.5969503
1125,-0.56866676
1126,0.05081614
1127,0.9692998
1128,-0.08855687
1129,-0.1766154
1130,-0.23400329
1131,-0.008609821
1132,1.4236685
1133,0.24759075
1134,1.8667895
1135,0.048246965
1136,-0.12923238
1137,0.600368
1138,0.08214053
1139,-0.1788648
1140,0.2222451
1141,-0.67691356
1142,-0.17303869
1143,0.4451087
1144,0.65203434
1145,-0.1552145
1146,-0.62551725
1147,0.05887298
1148,0.84546065
1149,-0.34521586
1150,1.7871226
1151,1.2829102
1152,-0.69890803
1153,0.031803064
1154,0.21380945
1155,0.26169494
1156,-0.049947914
1157,-0.3340712
1158,-0.41913292
1159,-0.28261492
1160,-0.08679856
1161,0.15972415
1162,-0.101799995
1163,-0.18112439
1164,-1.1558816
1165,-0.101276286
1166,-0.14435641
1167,-0.1391662
1168,-0.020563388
1169,-0.15881886
1170,-0.16718549
1171,-0.563207
1172,0.17965564
1173,1.7368232
1174,-0.15299676
1175,0.989019
1176,-0.276182
1177,0.19505379
1178,0.29919413
1179,-0.4668694
1180,0.1406965
1181,0.25554043
1182,0.11019085
1183,-0.32358682
1184,-0.78540885
1185,0.1305068
1186,1.4690688
1187,-0.77424264
1188,0.04623704
1189,0.050195213
1190,0.12735872
1191,0.18000646
1192,-0.15770313
1193,0.1419674
1194,0.8818162
1195,0.8364815
1196,-1.5852122
1197,0.37898144
1198,-0.70017636
1199,-0.1454642
1200,0.049299527
1201,1.3830701
1202,-0.051312987
1203,0.11509395
1204,0.135364
1205,0.12882036
1206,-0.11875792
1207,-0.02373616
1208,0.93247896
1209,0.24681476
1210,-0.5694478
1211,0.4337962
1212,0.44670016
1213,1.1811749
1214,0.3647838
1215,1.767394
1216,0.16006012
1217,-0.013704487
1218,-1.2436125
1219,1.371585
1220,0.14125946
1221,-0.15362346
1222,0.15488906
1223,-0.19069809
1224,-0.2346709
1225,1.0274198
1226,-0.17886156
1227,-0.05933435
1228,-1.1232663
1229,1.6247557
1230,0.0903023
1231,0.6304356
1232,1.8945092
1233,-0.10980401
1234,-0.31237754
1235,0.7108725
1236,0.21580996
1237,-0.39845327
1238,1.0977966
1239,0.08771912
1240,-0.5601163
1241,-0.27269864
1242,0.21370058
1243,-0.018933637
1244,0.17860758
1245,0.44293413
1246,-0.07722071
1247,0.044033367
1248,0.4783694
1249,0.5986596
1250,0.28022963
1251,0.45232522
1252,0.32390893
1253,0.018464042
1254,-0.21014188
1255,-0.057281684
1256,0.35043368
1257,-0.03600418
1258,-0.17311773
1259,0.33988494
1260,0.34263846
1261,0.59595436
1262,0.55637455
1263,-0.5226432
1264,-0.1014214
1265,0.058226652
1266,-0.09056992
1267,-0.13699448
1268,0.30029565
1269,0.03400048
1270,-0.42939416
1271,-0.6972487
1272,0.077632375
1273,-0.037319116
1274,1.6946183
1275,-0.5766416
1276,0.041204587
1277,-0.40973777
1278,0.18147086
1279,0.49768677
1280,-0.22428142
1281,-0.23236407
1282,0.33462727
1283,-0.28088284
1284,-0.22064367
1285,-0.7578916
1286,-0.24730685
1287,0.20927024
1288,0.06253531
1289,-0.6885949
1290,1.025202
1291,0.34557417
1292,1.1851507
1293,-0.2986786
1294,-0.2012832
1295,0.056689862
1296,0.50142473
1297,-0.6540085
1298,0.3665742
1299,0.15562937
1300,0.460897
1301,-0.20718843
1302,0.18660983
1303,-0.566484
1304,-1.4153186
1305,0.004451424
1306,0.27002427
1307,0.36427572
1308,0.39316815
1309,-0.6555444
1310,0.3696581
1311,0.30060336
1312,0.16165191
1313,0.17160869
1314,0.10995005
1315,0.43406382
1316,-0.0034406935
1317,-0.19593276
1318,-0.45169702
1319,-0.31660122
1320,1.0249541
1321,0.17721404
1322,-0.25242022
1323,-0.46221432
1324,-0.8335084
1325,0.2212256
1326,0.013736637
1327,-0.1304688
1328,0.4211089
1329,1.2499748
1330,-0.2873831
1331,0.098762676
1332,0.76638216
1333,-0.14105389
1334,0.8675675
1335,0.11673579
1336,0.4297956
1337,-0.88779217
1338,-0.10230941
1339,0.15477511
1340,-0.21512471
1341,-0.15407227
1342,0.19518477
1343,-0.388773
1344,-0.08935624
1345,-0.46229458
1346,0.3423738
1347,0.035779767
1348,1.1920867
1349,0.06608167
1350,0.091570884
1351,-0.15467095
1352,0.76924497
1353,0.19391248
1354,0.36615974
1355,0.25714236
1356,-0.7190752
1357,-0.16720451
1358,0.659969
1359,-0.44787794
1360,0.20868331
1361,-0.021611828
1362,-0.18977115
1363,0.1250073
1364,-0.3348282
1365,-0.8167395
1366,0.10680127
1367,1.1900699
1368,1.1373668
1369,-0.08998339
1370,-0.29440334
1371,1.613043
1372,-0.21255775
1373,0.3615328
1374,0.08734705
1375,0.05279435
1376,-0.48470908
1377,1.9132965
1378,-1.0740517
1379,-0.12218991
1380,-0.27998778
1381,0.78055525
1382,0.08831954
1383,-0.056265242
1384,-0.1861473
1385,0.31528395
1386,0.25288352
1387,1.6983557
1388,0.056258153
1389,0.42531592
1390,0.047290508
1391,-0.9013983
1392,1.4511896
1393,0.22793674
1394,0.83554894
1395,1.2673999
1396,0.18354303
1397,0.764565
1398,0.13876377
1399,-0.5369763
1400,-0.02489555
1401,-0.42085654
1402,0.3493378
1403,0.21908101
1404,-0.36261255
1405,-0.8698097
1406,0.22447687
1407,-0.72091043
1408,-0.9093769
1409,0.1809796
1410,-0.35740238
1411,0.08252272
1412,0.07996269
1413,-0.31854078
1414,0.3058608
1415,1.3215165
1416,0.23902245
1417,-0.36982805
1418,0.3253998
1419,2.9580944
1420,0.17366387
1421,-0.5604623
1422,0.2593793
1423,1.7547159
1424,1.1206763
1425,0.17360611
1426,0.6973755
1427,0.25065374
1428,-0.13057883
1429,-0.28841096
1430,0.06465687
1431,-0.33751282
1432,0.5847565
1433,0.2629352
1434,1.0179801
1435,1.4711798
1436,-0.3568153
1437,-0.10945552
1438,0.36034632
1439,0.036765765
1440,0.060048264
1441,-1.4168112
1442,0.27748737
1443,-0.25721586
1444,-0.5194009
1445,0.33176488
1446,-0.2147226
1447,-0.3910117
1448,0.3676856
1449,-1.0263137
1450,1.4233779
1451,-1.102398
1452,0.19485223
1453,0.28129727
1454,0.74877715
1455,-0.007298264
1456,-1.6073886
1457,0.34798175
1458,0.026334384
1459,0.251825
1460,-0.04418275
1461,0.09980611
1462,1.8064198
1463,0.15885495
1464,-0.25903413
1465,-0.46872112
1466,0.70274925
1467,-0.2607009
1468,1.2700248
1469,-0.22826512
1470,0.03879622
1471,-0.13314414
1472,-0.18405735
1473,-0.47089824
1474,1.5372676
1475,0.37359038
1476,0.09986889
1477,-0.16708508
1478,0.093298905
1479,0.008547311
1480,0.3192206
1481,0.056605127
1482,-0.31360808
1483,-0.124221176
1484,0.025322624
1485,1.7231476
1486,-0.22095901
1487,0.001979032
1488,0.5797233
1489,0.14846142
1490,0.26442337
1491,1.0516489
1492,-0.11074304
1493,1.5562569
1494,-0.068228886
1495,0.6299279
1496,0.23267733
1497,1.3930275
1498,0.48720494
1499,0.7955526
1500,1.2857218
1501,0.056241576
1502,-0.15081683
1503,0.759633
1504,0.6902373
1505,0.2779029
1506,-0.26685485
1507,0.1358615
1508,-0.2015276
1509,-0.12046906
1510,0.7705011
1511,0.49166945
1512,0.09773424
1513,-0.15492769
1514,0.8406306
1515,0.00942701
1516,0.06268331
1517,-0.9585001
1518,-0.11270646
1519,-0.35464403
1520,0.052623823
1521,-0.027618464
1522,0.86775297
1523,0.25895664
1524,-0.058939118
1525,-0.4817534
1526,0.2602895
1527,0.42006922
1528,0.042161558
1529,-0.14353536
1530,-0.53927255
1531,-0.5829445
1532,0.3179009
1533,0.44512525
1534,-0.20169999
1535,0.06937327
1536,0.77606976
1537,-0.33032936
1538,0.45296648
1539,-0.084805556
1540,0.11576376
1541,0.30437416
1542,0.24739109
1543,-0.21899651
1544,0.9366128
1545,-0.6887786
1546,-0.17909178
1547,-0.04316263
1548,0.8164656
1549,0.0954386
1550,0.43144336
1551,-0.13014548
1552,0.5709831
1553,-0.19590715
1554,-0.045035314
1555,0.13186271
1556,0.19841214
1557,0.8477123
1558,-0.17539613
1559,-0.9351678
1560,1.2222469
1561,0.3942325
1562,-0.11625502
1563,0.106666885
1564,-0.52158844
1565,0.34773135
1566,0.022924418
1567,0.32084203
1568,-0.019584458
1569,0.542882
1570,0.6192486
1571,0.084995426
1572,-0.14126432
1573,0.058650415
1574,-0.16615824
1575,-0.032734413
1576,0.006118729
1577,0.4838792
1578,0.108981416
1579,-0.13409378
1580,1.653021
1581,0.22142196
1582,-0.7118395
1583,0.41299012
1584,-0.27497515
1585,0.068320245
1586,-0.7007001
1587,-0.5555756
1588,-1.0970602
1589,-0.40944758
1590,0.26458016
1591,0.92585593
1592,-0.17831472
1593,1.0427469
1594,1.1111217
1595,-0.07664469
1596,0.3767445
1597,-0.4553349
1598,1.0128666
1599,-0.25567386
1600,0.06487541
1601,-0.085575946
1602,-0.13478142
1603,-0.066992074
1604,1.1539052
1605,0.21895534
1606,-0.5125373
1607,-0.34536555
1608,0.0045875474
1609,-0.029231789
1610,-0.8210928
1611,-0.11964543
1612,0.08013613
1613,-0.117177784
1614,0.6759143
1615,0.1664507
1616,0.21392635
1617,-0.43872315
1618,0.45765004
1619,0.32318333
1620,-0.24868426
1621,0.42203304
1622,0.14094126
1623,-0.3152666
1624,0.13077809
1625,1.3729454
1626,0.12783587
1627,-0.13619266
1628,0.23931307
1629,-0.4692661
1630,-0.37889487
1631,-0.64823145
1632,0.6290519
1633,0.23027584
1634,-0.20297675
1635,0.06788053
1636,-0.6225166
1637,0.014790944
1638,-0.8925138
1639,-0.19539094
1640,-0.1057803
1641,-0.26485366
1642,0.17716566
1643,-0.01130135
1644,1.2441918
1645,-0.41822928
1646,-0.029959442
1647,-0.10838937
1648,-0.32328853
1649,-0.097828165
1650,-0.071658306
1651,0.18749842
1652,-0.08953492
1653,0.113058425
1654,0.5847272
1655,0.52034044
1656,0.26844642
1657,-0.12585092
1658,0.7426738
1659,-0.29978713
1660,-0.4443206
1661,-1.1517295
1662,-0.11358083
1663,1.6392754
1664,0.11154461
1665,0.07350128
1666,-0.79316616
1667,-0.3673738
1668,-0.43285963
1669,0.6933628
1670,-0.10598354
1671,-0.11904305
1672,0.12854642
1673,-0.07205847
1674,-0.46137312
1675,1.205425
1676,0.21953587
1677,2.264574
1678,-0.08393156
1679,-0.3133094
1680,1.2621367
1681,0.2667764
1682,-1.1470981
1683,-0.26650557
1684,-0.94145334
1685,-0.08306829
1686,0.8704338
1687,-0.8239566
1688,-0.16040036
1689,-0.5375514
1690,0.5812997
1691,0.16457802
1692,-0.1187011
1693,0.5166397
1694,0.026763732
1695,1.2048949
1696,0.11847337
1697,-0.52569026
1698,-0.17982368
1699,-0.18158484
1700,-0.15880066
1701,-0.0038517024
1702,-0.3370525
1703,-0.33741477
1704,0.03929514
1705,1.5488024
1706,-0.15104137
1707,-0.4079251
1708,1.2496505
1709,-0.13212985
1710,0.12456222
1711,-0.09620615
1712,-0.10858791
1713,0.3404623
1714,0.15580896
1715,-0.07101679
1716,-0.20600559
1717,0.57885885
1718,0.25568256
1719,-0.6389691
1720,-0.15664162
1721,0.11374103
1722,0.74031514
1723,0.54388154
1724,-0.28738624
1725,0.2775074
1726,-0.26772305
1727,1.9593931
1728,-0.27250618
1729,-0.24040568
1730,-0.12719443
1731,0.039594658
1732,1.6915907
1733,0.6225163
1734,0.45182595
1735,-0.2706254
1736,0.15333076
1737,0.27784777
1738,-0.23517884
1739,0.005553942
1740,0.1596663
1741,1.0581523
1742,0.37610215
1743,0.31621027
1744,-0.02456707
1745,-0.07360063
1746,-0.12945656
1747,-0.63928473
1748,0.10182617
1749,-0.2912726
1750,0.010647064
1751,0.04584394
1752,-0.3313629
1753,0.04575775
1754,0.87395
1755,-0.9337227
1756,0.35515296
1757,-0.26438847
1758,0.32663417
1759,0.054243494
1760,0.07263524
1761,-0.052042376
1762,-0.40680465
1763,-0.2246555
1764,0.45484576
1765,-1.4096557
1766,0.07132572
1767,1.0277936
1768,-0.27370667
1769,0.71665955
1770,-0.021733308
1771,0.27513507
1772,1.6592906
1773,-0.27446064
1774,-0.17038156
1775,0.104580544
1776,1.6549695
1777,-0.14948662
1778,1.121929
1779,-0.080804415
1780,1.053254
1781,-0.6109359
1782,-0.010152425
1783,0.15833682
1784,0.108028166
1785,0.34809187
1786,0.12452562
1787,-1.5247827
1788,1.5144197
1789,1.3791419
1790,1.3837495
1791,-0.35955963
1792,-0.23030832
1793,0.02235263
1794,-0.70681936
1795,0.056805488
1796,0.16575706
1797,-0.31920508
1798,-0.3055791
1799,-0.038799632
1800,-0.042741507
1801,0.055263303
1802,0.27309248
1803,0.1032422
1804,0.10392731
1805,-0.20585768
1806,0.5863851
1807,0.046445
1808,-0.1326434
1809,1.0096766
1810,-0.024981696
1811,0.38263348
1812,0.18012902
1813,0.02392684
1814,1.3314974
1815,-0.15389536
1816,-1.290358
1817,2.554439
1818,-0.17262451
1819,0.30737564
1820,-0.11843271
1821,-0.2551379
1822,0.27222553
1823,0.031687167
1824,1.865864
1825,-0.18168133
1826,-0.707945
1827,-0.4887476
1828,0.37212113
1829,0.18078265
1830,-0.0791334
1831,-0.13995613
1832,-0.5093209
1833,0.36441725
1834,-0.20064342
1835,0.4778915
1836,1.3776143
1837,-0.18213345
1838,0.06358181
1839,0.43326998
1840,0.18826534
1841,0.21857245
1842,0.4602383
1843,-0.33995846
1844,-0.08619525
1845,-1.0017663
1846,0.15864648
1847,-0.7347319
1848,0.5484519
1849,-0.18289095
1850,0.25323692
1851,-0.10843677
1852,-0.2854328
1853,0.13990237
1854,0.4046843
1855,0.11064706
1856,-1.3779953
1857,-0.4541135
1858,0.855968
1859,0.30071193
1860,-0.1146149
1861,-0.5834768
1862,0.6537691
1863,-0.40023732
1864,-0.28529274
1865,-0.3821101
1866,-0.35015497
1867,-0.4163433
1868,-0.36686522
1869,-0.63369715
1870,0.069845356
1871,1.2386601
1872,1.594282
1873,0.2553399
1874,-1.3503582
1875,-0.20777702
1876,-0.037890013
1877,0.89326465
1878,-0.24127929
1879,0.11738387
1880,0.054980427
1881,-0.016790343
1882,-0.1460738
1883,-0.8282399
1884,0.20050599
1885,-0.112100355
1886,-0.17203772
1887,0.30947417
1888,-0.37692645
1889,0.03403155
1890,0.025343606
1891,1.0456028
1892,1.7449507
1893,-0.8422685
1894,0.38237944
1895,0.06923737
1896,0.27810144
1897,-0.040446818
1898,0.20510906
1899,2.0163002
1900,0.3118342
1901,0.54198235
1902,-0.26003087
1903,0.28774938
1904,0.094263576
1905,-0.2872882
1906,0.6322378
1907,-0.57650554
1908,0.8174585
1909,0.081749484
1910,0.7253495
1911,-0.45391378
1912,0.5675764
1913,0.12594192
1914,-0.28410587
1915,0.09378978
1916,0.18786576
1917,1.5375161
1918,-0.43000048
1919,-0.07211982
1920,-0.73174703
1921,0.30863082
1922,-0.25514716
1923,0.19696926
1924,-0.12472621
1925,1.4374031
1926,0.80441654
1927,0.071505375
1928,0.7913931
1929,-0.17961484
1930,0.7582124
1931,-0.30447608
1932,1.027629
1933,0.014563424
1934,0.037521202
1935,1.5603878
1936,2.4928215
1937,0.7915561
1938,-0.1030575
1939,0.11863994
1940,-0.029773036
1941,0.4257737
1942,-0.20567071
1943,-0.242147
1944,-0.08691805
1945,-0.095191255
1946,-0.45195267
1947,0.49311212
1948,0.6390324
1949,-0.13782384
1950,-1.1399724
1951,0.9749982
1952,-0.112660766
1953,1.2768322
1954,0.7487286
1955,0.1581695
1956,0.3875036
1957,-0.22248262
1958,-0.14997353
1959,-0.24063842
1960,0.34697348
1961,0.24408267
1962,-0.23273316
1963,-0.07056561
1964,1.6570951
1965,-0.71634996
1966,-0.1140284
1967,0.13506092
1968,0.2502985
1969,-0.10874845
1970,-0.41283715
1971,-0.38465118
1972,0.017080871
1973,0.30997235
1974,-0.68129146
1975,-0.57698035
1976,0.1477239
1977,-0.17139173
1978,-1.0549883
1979,0.16054906
1980,0.069504306
1981,1.4728426
1982,0.03332955
1983,-0.78077316
1984,0.32869202
1985,1.5864238
1986,0.5386469
1987,-0.57905704
1988,-0.09396084
1989,-0.16956452
1990,-0.08102562
1991,0.43571496
1992,-0.2866984
1993,0.25324336
1994,-0.035908915
1995,0.12681459
1996,0.37264645
1997,0.08034354
1998,1.1355954
1999,-0.046845958
2000,-0.6214632
2001,1.8224891
2002,0.027041744
2003,-0.048267797
2004,-1.0144492
2005,-0.032539297
2006,-0.23360619
2007,0.31083292
2008,0.3257226
2009,-0.26246786
2010,-0.2473513
2011,1.1882458
2012,-0.35539728
2013,-0.44886443
2014,3.4538455
2015,-0.3409242
2016,-0.027555393
2017,-1.7281661
2018,0.520528
2019,0.039280213
2020,-0.38582557
2021,-0.18324047
2022,-0.34140447
2023,0.999376
2024,-0.6349765
2025,0.12935619
2026,0.10486849
2027,0.20807295
2028,-0.020645734
2029,0.4277172
2030,-0.79496473
2031,1.2951155
2032,-0.08507281
2033,1.2543424
2034,0.045107976
2035,-0.42351472
2036,-0.990349
2037,-0.22612499
2038,-0.093998365
2039,0.38153735
2040,-0.14731146
2041,2.4041488
2042,0.15535428
2043,-0.21553318
2044,0.12147998
2045,-0.303817
2046,0.115127474
2047,0.25689608
2048,1.7313751
2049,0.2639372
2050,0.3486921
2051,-0.335612
2052,0.16066062
2053,-0.1515353
2054,2.6584735
2055,-0.607021
2056,-0.637348
2057,-4.2086167
2058,2.2272267
2059,0.44554853
2060,0.107814066
2061,1.3730716
2062,0.25398493
2063,-0.16169353
2064,0.18834311
2065,2.380859
2066,-0.22196227
2067,1.2475928
2068,-1.0190573
2069,-0.20421438
2070,1.2673622
2071,-0.19106384
2072,-0.12097788
2073,-0.7897059
2074,-0.055029053
2075,1.524918
2076,0.111123815
2077,0.8570858
2078,0.07609922
2079,1.775149
2080,-0.1744571
2081,-0.3274458
2082,-0.37140095
2083,-0.2714306
2084,-0.78525007
2085,1.2297605
2086,-0.42832777
2087,2.2694182
2088,-0.06172835
2089,-0.14214817
2090,0.0753247
2091,-0.41649422
2092,-0.15962683
2093,-0.005237525
2094,-0.31441724
2095,-0.28688535
2096,-0.18727851
2097,0.5337647
2098,0.55042666
2099,0.1348513
2100,0.54379004
2101,-0.025527967
2102,-0.14819868
2103,-0.39271557
2104,0.09802507
2105,0.5260041
2106,0.49927273
2107,0.015105422
2108,0.5509995
2109,-0.35676032
2110,0.06716627
2111,0.1719617
2112,0.28478184
2113,0.205594
2114,3.1722667
2115,-0.42705187
2116,0.6059283
2117,-0.721339
2118,0.17986372
2119,-0.07412838
2120,-0.25007257
2121,-0.6567607
2122,0.11145455
2123,-0.3289977
2124,-0.14804305
2125,-0.83165485
2126,0.3025146
2127,-0.5430219
2128,-1.4909222
2129,0.2090981
2130,-0.11102703
2131,0.3267782
2132,-0.019462068
2133,1.0224745
2134,-0.048061803
2135,-0.18031478
2136,1.8519603
2137,-0.7662815
2138,1.1549667
2139,0.22751519
2140,0.8321571
2141,0.542772
2142,0.23725583
2143,0.204259
2144,0.9778106
2145,2.7651942
2146,-0.19791582
2147,1.2979017
2148,1.5661666
2149,0.004070254
2150,2.1450958
2151,-0.46558785
2152,0.005037147
2153,1.9184949
2154,0.1887803
2155,1.0003837
2156,0.16173425
2157,0.33506352
2158,1.0499599
2159,0.68324786
2160,0.32662284
2161,-0.49796075
2162,0.5935198
2163,-0.67820597
2164,0.11383834
2165,-0.37765077
2166,0.4531931
2167,0.22946349
2168,-0.19032307
2169,0.25684845
2170,-0.25852284
2171,-0.5506182
2172,0.22306393
2173,-0.05742688
2174,0.26010847
2175,0.15726015
2176,0.054068264
2177,-0.4059353
2178,-0.20745541
2179,0.039490733
2180,-0.67547715
2181,-0.14476863
2182,-0.31636158
2183,-0.34248167
2184,0.07541051
2185,-0.42682955
2186,-0.45027032
2187,0.13797736
2188,-0.36346513
2189,-0.01543444
2190,-0.19131133
2191,-0.053582247
2192,1.1607243
2193,-0.13956936
2194,-0.027757928
2195,0.9095472
2196,-0.085799135
2197,0.065175734
2198,0.12259667
2199,0.31826657
2200,-0.039403934
2201,-0.25052822
2202,2.0130484
2203,0.074517615
2204,-0.7876668
2205,0.8097016
2206,0.5792784
2207,0.21520963
2208,-0.060293354
2209,-2.6858351
2210,0.7906911
2211,0.37092796
2212,0.012772423
2213,0.73912704
2214,0.493217
2215,-0.9647316
2216,1.0043668
2217,-0.28048062
2218,0.13553596
2219,-0.837047
2220,0.4682975
2221,-0.37030813
2222,-0.1447331
2223,0.2498974
2224,-0.08820978
2225,-0.53197956
2226,0.08379719
2227,-0.15375279
2228,0.4388392
2229,0.41650057
2230,-0.18419282
2231,-0.051219754
2232,0.20993163
2233,0.49633634
2234,-0.2436945
2235,0.1255231
2236,-0.14300534
2237,0.051736876
2238,-0.696721
2239,0.800642
2240,0.23403624
2241,0.21655092
2242,0.046428453
2243,-0.06293576
2244,0.3643691
2245,-0.08002862
2246,0.7330333
2247,1.0568584
2248,-0.3243939
2249,-0.18915313
2250,0.11696674
2251,-0.03154524
2252,0.24527049
2253,0.8666339
2254,-0.22390077
2255,-0.050801244
2256,0.869161
2257,0.16843668
2258,-0.07121302
2259,-0.5575985
2260,0.028100617
2261,-0.22895089
2262,-0.13429424
2263,0.18072751
2264,-0.2409384
2265,-0.15695082
2266,0.41877487
2267,-0.17701828
2268,-0.13337402
2269,-1.1198971
2270,0.24803941
2271,-0.11274946
2272,-0.19945374
2273,0.08561528
2274,1.1403197
2275,-0.056118928
2276,0.026835447
2277,0.85861546
2278,-1.4297357
2279,-0.59784234
2280,1.1740268
2281,0.06912237
2282,0.1673305
2283,-0.37670442
2284,0.27652928
2285,0.10594454
2286,0.014687543
2287,-0.13337013
2288,-0.4460132
2289,-0.15608199
2290,-0.67290765
2291,-0.066963
2292,1.1040647
2293,0.15266551
2294,-1.014032
2295,-0.05890244
2296,0.44154093
2297,0.058836106
2298,0.29053524
2299,-0.07106768
2300,0.072403684
2301,0.21073374
2302,-0.010365558
2303,-0.028711291
2304,0.38290203
2305,-0.1064287
2306,0.82692474
2307,-0.29186296
2308,0.08579244
2309,-0.04491
2310,0.30244344
2311,0.28857914
2312,-0.9549235
2313,0.08302693
2314,-0.48969284
2315,0.004425983
2316,-0.80564225
2317,0.86684734
2318,-0.10214673
2319,0.61400014
2320,0.08501837
2321,0.45634165
2322,-0.12581927
2323,-0.026291974
2324,-0.8722471
2325,2.7542064
2326,0.10501956
2327,0.86564136
2328,-0.3836019
2329,0.15533876
2330,-0.24347582
2331,0.37970996
2332,0.48203218
2333,-0.30694225
2334,-0.19853538
2335,-0.19153844
2336,-0.02202506
2337,2.4695408
2338,1.4097179
2339,0.18386771
2340,0.14933518
2341,1.8567564
2342,0.28882283
2343,0.3465132
2344,0.17894533
2345,0.5624403
2346,0.18764864
2347,0.29412752
2348,-0.08320735
2349,1.2249423
2350,0.63597095
2351,-0.20141791
2352,0.05985622
2353,-1.0146126
2354,-0.32499757
2355,0.08582736
2356,-0.45416534
2357,0.4294679
2358,0.08322708
2359,-0.03832041
2360,-0.83238167
2361,-0.4667663
2362,0.32900992
2363,0.46218687
2364,-0.17128491
2365,-0.08272564
2366,1.9668851
2367,0.17147842
2368,-0.024230903
2369,-0.7735425
2370,0.14285283
2371,0.7165561
2372,-0.015548658
2373,0.073003724
2374,0.30044535
2375,0.2884697
2376,0.48061588
2377,0.31150702
2378,-0.76438814
2379,-0.5420832
2380,0.5494529
2381,-0.18002084
2382,0.96715915
2383,0.30265144
2384,-0.48154968
2385,0.15683301
2386,-0.43298712
2387,0.50862634
2388,-0.037792157
2389,-0.25261292
2390,0.0949391
2391,-0.26683018
2392,-0.19892044
2393,0.25544056
2394,-0.19280055
2395,0.87131757
2396,-0.15895842
2397,-0.14161868
2398,0.015125675
2399,-0.16508745
2400,-0.30194157
2401,0.34906834
2402,-0.4151979
2403,0.18527032
2404,0.10592704
2405,0.8281481
2406,0.4481714
2407,2.0408735
2408,0.26160327
2409,-0.5274646
2410,-0.48049265
2411,-0.06852305
2412,0.10294703
2413,0.084504664
2414,-0.35666722
2415,0.27898505
2416,0.9752994
2417,0.04067358
2418,1.6715907
2419,1.6332164
2420,-0.2798947
2421,0.38777927
2422,0.1281353
2423,0.4769837
2424,1.2658936
2425,0.14820251
2426,-0.021659793
2427,-0.16189073
2428,0.52120477
2429,0.35866183
2430,0.12711398
2431,0.8723386
2432,-0.65145093
2433,-1.5644572
2434,-0.081108354
2435,-0.108185194
2436,0.25210485
2437,0.14999734
2438,0.6964931
2439,0.20410633
2440,-0.23652282
2441,-0.9005518
2442,0.31688902
2443,0.2198602
2444,0.6008423
2445,0.50944245
2446,-0.024576304
2447,-0.23990522
2448,-0.04540947
2449,0.5119067
2450,1.7154009
2451,0.08826094
2452,-0.7473318
2453,-0.83334905
2454,1.455517
2455,0.12761863
2456,0.5278819
2457,-0.029889993
2458,0.001632019
2459,-0.04267082
2460,-0.07902151
2461,0.507863
2462,0.32091296
2463,-0.03652168
2464,-0.07690221
2465,-1.1536276
2466,0.08715321
2467,0.12609655
2468,0.07727537
2469,-0.20846349
2470,0.3729358
2471,0.044113006
2472,-0.5577404
2473,0.5989799
2474,-0.24333514
2475,0.315847
2476,-0.22412634
2477,-0.33919054
2478,0.3837908
2479,0.542342
2480,-0.1226459
2481,-0.7214154
2482,0.092885636
2483,1.5960914
2484,-0.1656914
2485,0.041714635
2486,0.03243846
2487,-0.1554251
2488,-0.30109152
2489,0.1290061
2490,-0.04385591
2491,1.1723346
2492,0.13744654
2493,0.23288937
2494,0.23105708
2495,-0.42580017
2496,0.19348437
2497,0.19717018
2498,0.14474507
2499,-0.023760708
2500,-0.30334863
2501,-0.1899654
2502,0.32185566
2503,0.25566283
2504,0.083764896
2505,-0.49621072
2506,2.0689175
2507,0.23698321
2508,0.33278987
2509,0.6459038
2510,0.11810488
2511,0.22081311
2512,0.18651865
2513,-0.58616865
2514,0.05549347
2515,0.8422678
2516,-0.11188854
2517,0.4219711
2518,1.2214131
2519,2.2565472
2520,0.91889316
2521,1.4785414
2522,-0.26577076
2523,0.21345073
2524,-0.25729814
2525,0.25768265
2526,-0.15226336
2527,-0.013689338
2528,-0.5371643
2529,-0.11376033
2530,1.601384
2531,0.4837158
2532,-0.17430635
2533,0.013765562
2534,-0.18083933
2535,0.21496889
2536,0.30922955
2537,0.23607144
2538,0.31823978
2539,-0.20183891
2540,-0.0029990135
2541,0.24863829
2542,-0.10168199
2543,0.06952541
2544,0.78716063
2545,-0.8145081
2546,0.8914297
2547,-0.008472278
2548,0.22475816
2549,-0.5983715
2550,0.9687132
2551,0.4909337
2552,-0.24091397
2553,-0.23948099
2554,0.40342715
2555,0.019232167
2556,-0.100467086
2557,0.39889315
2558,-0.3679225
2559,0.2176444
2560,0.839272
2561,0.2429435
2562,-1.1182135
2563,0.97563756
2564,-0.06632159
2565,0.072468095
2566,0.5535177
2567,1.2143666
2568,3.2010534
2569,-0.21432528
2570,0.653631
2571,0.2145295
2572,0.47576126
2573,1.0338417
2574,-0.3238782
2575,0.7831658
2576,1.2323164
2577,0.93394727
2578,0.41294912
2579,0.3195553
2580,0.6266194
2581,0.3152934
2582,0.047037996
2583,-0.31984815
2584,-0.23388852
2585,-0.03771599
2586,-0.072152264
2587,0.7610583
2588,0.35161692
2589,0.3357639
2590,-0.06355219
2591,0.9369536
2592,-0.13216315
2593,-0.72177225
2594,-1.0106535
2595,0.16579753
2596,-0.030847564
2597,-0.061366357
2598,-0.19585131
2599,0.2666946
2600,-0.74668956
2601,-0.23846686
2602,0.31617567
2603,0.22234231
2604,-0.05983051
2605,0.40542188
2606,-0.15246731
2607,0.33377874
2608,0.21071164
2609,-0.18881875
2610,-0.5065907
2611,-0.058523133
2612,-0.12868895
2613,0.023887277
2614,-0.8023642
2615,0.13940082
2616,-0.09989638
2617,-0.0092911245
2618,0.11610104
2619,-0.23962483
2620,-0.23115079
2621,-0.24556962
2622,-0.15689424
2623,0.10161145
2624,0.25851876
2625,-0.0013663487
2626,-0.3642118
2627,0.05887166
2628,-0.14560916
2629,-0.15305117
2630,-0.17223077
2631,0.15861475
2632,-0.16312058
2633,-0.6751359
2634,0.8790905
2635,0.22711243
2636,-0.1902332
2637,0.72198015
2638,-0.094585344
2639,-0.32319745
2640,-0.18768969
2641,0.022571458
2642,-0.38703912
2643,-0.13806832
2644,0.0020756647
2645,-0.21382919
2646,0.30553916
2647,-0.34465858
2648,0.5130808
2649,-0.1569312
2650,0.07515658
2651,0.10532114
2652,0.35503334
2653,0.03872313
2654,0.19084969
2655,0.007426646
2656,-0.050518796
2657,-0.06385176
2658,0.2624734
2659,-0.25804535
2660,-0.09052549
2661,0.10349222
2662,0.1799976
2663,0.107653104
2664,0.21849288
2665,0.99798256
2666,0.49090794
2667,-0.26624656
2668,-1.0323725
2669,-0.24815607
2670,1.0451689
2671,-0.21610127
2672,0.51842123
2673,0.014186556
2674,0.13891524
2675,0.5131614
2676,1.0895693
2677,-0.015585143
2678,1.2118986
2679,0.379854
2680,-0.29666138
2681,-0.0063087456
2682,0.4720518
2683,1.2955626
2684,0.416586
2685,-0.5674791
2686,0.16432166
2687,1.8558505
2688,-0.005047519
2689,-0.55632645
2690,-0.15223591
2691,0.2588324
2692,-0.20072426
2693,0.2226652
2694,-0.32992777
2695,0.039233014
2696,-0.2757409
2697,0.15871686
2698,-0.16778131
2699,-0.3260602
2700,-0.55571765
2701,0.76275396
2702,-0.1928843
2703,0.19396453
2704,-0.3162853
2705,0.04740176
2706,-0.6643201
2707,0.67517513
2708,0.48750168
2709,0.84060264
2710,-0.24552365
2711,-0.81866443
2712,-0.041824203
2713,1.261915
2714,0.37013507
2715,0.13267191
2716,0.53606594
2717,0.9677467
2718,-0.09682663
2719,0.4289121
2720,0.5895437
2721,0.068405434
2722,-0.08328606
2723,0.8854692
2724,1.3436259
2725,1.4198886
2726,-0.52572554
2727,-0.024475226
2728,1.1939548
2729,1.8210635
2730,0.11600499
2731,-0.0007304222
2732,0.038776033
2733,0.78815913
2734,-0.26013884
2735,0.25746042
2736,1.2271879
2737,-0.22095886
2738,-0.021731218
2739,-0.112496264
2740,1.36264
2741,-0.37382904
2742,0.14652883
2743,-0.20915323
2744,0.15206145
2745,-0.11198674
2746,0.16013186
2747,0.4199141
2748,0.5051005
2749,-0.2273014
2750,-0.0064278073
2751,0.11243278
2752,0.10065895
2753,-0.1055181
2754,-0.44931224
2755,-0.44534102
2756,-1.2180754
2757,0.5361108
2758,-1.0392445
2759,0.2001507
2760,-0.3761903
2761,-0.41297874
2762,0.20817246
2763,0.19231954
2764,0.068430446
2765,2.0270948
2766,-0.025919743
2767,0.21703231
2768,0.2540458
2769,0.94775206
2770,0.28915042
2771,-0.17929871
2772,1.6228752
2773,0.47653675
2774,0.5958416
2775,-0.48867086
2776,1.1495574
2777,-0.1426694
2778,-0.2760612
2779,0.49496493
2780,-0.12548032
2781,0.06621367
2782,0.24679168
2783,0.4278527
2784,-0.45795724
2785,0.008723331
2786,-0.3305319
2787,-0.078465834
2788,0.23718528
2789,0.11933032
2790,0.4252409
2791,0.05129173
2792,0.23969407
2793,0.14183867
2794,-0.26431084
2795,-0.20193869
2796,-0.035102013
2797,0.22318749
2798,-0.61498296
2799,-0.64617425
2800,0.14606136
2801,-0.16924113
2802,0.32713228
2803,0.46930027
2804,0.045007333
2805,0.9372609
2806,0.09883742
2807,0.0030687337
2808,1.5798073
2809,1.7733712
2810,-0.07338331
2811,-0.23339978
2812,0.5637016
2813,0.8325838
2814,-0.5357792
2815,-0.1482064
2816,2.1042993
2817,-0.77255565
2818,1.1608667
2819,0.6821097
2820,0.096291795
2821,0.15443379
2822,-0.05167759
2823,-0.3884717
2824,-0.06329404
2825,-0.16303113
2826,0.05544603
2827,0.44081387
2828,1.2652701
2829,-0.14747572
2830,0.38445547
2831,0.40904185
2832,-0.42075172
2833,0.061436646
2834,-0.084216505
2835,0.18966265
2836,-0.19589095
2837,0.42416057
2838,-0.086570345
2839,0.5427301
2840,0.12139132
2841,-0.16341749
2842,-0.0694583
2843,0.3052654
2844,0.42601597
2845,0.12366561
2846,-0.36121437
2847,-0.37881455
2848,-0.30054054
2849,-0.05994883
2850,-0.0260774
2851,0.57463056
2852,-0.36420083
2853,-0.1621313
2854,-1.481285
2855,-0.56786394
2856,1.1008112
2857,0.14386392
2858,-0.5069376
2859,0.29082757
2860,1.0855124
2861,-0.25537604
2862,-0.22663744
2863,0.114069134
2864,-0.49322757
2865,2.5277615
2866,-0.042046495
2867,-0.40537572
2868,0.27730882
2869,2.5240898
2870,0.0861314
2871,0.43507382
2872,0.667651
2873,0.49853
2874,0.32501724
2875,-0.17317992
2876,1.35956
2877,-0.9164823
2878,-0.16822489
2879,-0.18446662
2880,-0.18031415
2881,-0.25093892
2882,0.34348154
2883,0.036267385
2884,0.19021423
2885,0.0095644165
2886,0.3947675
2887,-0.06304395
2888,0.15789574
2889,0.4525128
2890,0.31767952
2891,0.6762054
2892,0.005281008
2893,0.26836354
2894,-0.056774512
2895,0.48373967
2896,-0.22119845
2897,-1.1035833
2898,0.2827833
2899,-0.27809784
2900,-0.075939
2901,0.43227473
2902,-0.10885011
2903,-1.3944498
2904,-0.47237787
2905,0.0724679
2906,0.37743893
2907,0.4698274
2908,0.177288
2909,-0.1257429
2910,0.21415368
2911,0.54407823
2912,-0.22550839
2913,-0.23841502
2914,-0.53410304
2915,0.14872272
2916,-0.12265656
2917,-0.22836344
2918,-0.54525155
2919,0.08658062
2920,0.18038109
2921,-0.14221126
2922,0.95128644
2923,-0.13038298
2924,-0.560017
2925,0.08072161
2926,-0.30267835
2927,0.7720349
2928,1.1428416
2929,0.4690765
2930,1.2587403
2931,0.120427646
2932,0.16268681
2933,-0.06837079
2934,-0.3497301
2935,0.1035398
2936,-0.300024
2937,0.45611498
2938,0.591226
2939,-0.1485135
2940,-0.37081265
2941,2.3442464
2942,-0.23958778
2943,-0.31822085
2944,0.1027146
2945,-0.17344296
2946,1.9255818
2947,-0.13971497
2948,-0.132448
2949,-0.08860442
2950,-0.2570346
2951,-0.009529437
2952,-0.2627329
2953,0.003994889
2954,0.84227926
2955,-0.27717137
2956,0.0040202686
2957,-0.38730165
2958,0.19888625
2959,0.32964516
2960,-0.19542253
2961,-0.24452083
2962,0.32290798
2963,-0.033414967
2964,0.093171306
2965,0.089607306
2966,-0.42063323
2967,0.06853394
2968,-0.15294117
2969,-0.15580976
2970,-0.16236462
2971,-0.9840378
2972,-0.0041534654
2973,-0.20343618
2974,-0.8658904
2975,-0.083213724
2976,0.26450667
2977,0.12273521
2978,-0.26815417
2979,-0.15716343
2980,0.041210324
2981,1.5398731
2982,-0.21115176
2983,0.04119915
2984,-0.71174276
2985,-0.77197534
2986,-0.12806712
2987,0.18283841
2988,-0.083775036
2989,-0.6210896
2990,0.39392906
2991,-0.43410358
2992,2.2103763
2993,-0.1664978
2994,-0.14378373
2995,-0.41352454
2996,0.5252331
2997,0.7996637
2998,-0.3767574
2999,-0.29123396
3000,0.104612924
3001,-0.13661878
3002,0.21696621
3003,0.07519194
3004,-0.087412186
3005,2.123588
3006,0.6678676
3007,0.011940575
3008,0.14367056
3009,-0.15415896
3010,0.19974808
3011,0.46055818
3012,-0.3738426
3013,-0.09866086
3014,0.15690821
3015,1.4395193
3016,-0.17940295
3017,1.3088882
3018,0.034949895
3019,-0.10034244
3020,0.50838965
3021,0.2560623
3022,0.21118607
3023,0.3107553
3024,0.24290444
3025,1.2220219
3026,2.0239992
3027,-0.33901587
3028,-0.23744537
3029,-0.2738051
3030,-1.3472978
3031,-0.6912755
3032,0.131985
3033,0.38662595
3034,0.6250377
3035,0.22916049
3036,0.095040195
3037,2.669835
3038,-0.28632662
3039,1.5276965
3040,-0.43497285
3041,0.99977857
3042,0.017093852
3043,1.3385981
3044,-0.07975703
3045,0.18229856
3046,-0.2771798
3047,-0.06846662
3048,1.081343
3049,0.031300105
3050,0.43369874
3051,0.26182565
3052,-0.17015743
3053,-0.19290178
3054,1.1495235
3055,0.0897524
3056,0.27658597
3057,-0.074363455
3058,0.14048809
3059,0.060805816
3060,0.8225926
3061,-0.7579476
3062,-0.26926702
3063,0.5676906
3064,0.089991055
3065,-0.23769225
3066,-0.57264835
3067,-0.14630611
3068,-0.120248675
3069,-0.5514893
3070,0.093892924
3071,2.7869427
3072,-0.1279179
3073,-0.07528507
3074,0.15894856
3075,-0.4538991
3076,-0.627849
3077,-0.037027024
3078,0.28772163
3079,0.30620632
3080,-0.40337932
3081,-0.23366565
3082,-0.68326527
3083,0.35337937
3084,0.14045122
3085,0.033395343
3086,-0.33640453
3087,0.31396684
3088,0.62747043
3089,-0.04496937
3090,-0.43770653
3091,0.67171526
3092,-0.002516597
3093,-0.35502473
3094,-0.14439604
3095,0.25589022
3096,1.0215338
3097,-0.4170182
3098,-0.17066054
3099,-0.035440583
3100,-1.6102827
3101,-0.11024502
3102,-1.9894414
3103,-0.05383233
3104,0.4775562
3105,0.018473413
3106,-0.21564823
3107,0.19094275
3108,-0.8900915
3109,-0.30685896
3110,0.012904744
3111,0.12243248
3112,0.0907329
3113,-0.51697785
3114,-0.079328634
3115,-0.6503127
3116,-0.38604718
3117,-0.0046441783
3118,0.43758744
3119,0.051586077
3120,0.32925743
3121,-0.467342
3122,-0.563485
3123,-0.35787928
3124,0.31777245
3125,-0.016144073
3126,0.8564115
3127,0.15979715
3128,1.5057958
3129,-0.060341462
3130,-0.22730911
3131,-0.0064230408
3132,-0.5751746
3133,0.26488522
3134,0.6424373
3135,0.095658116
3136,0.19133332
3137,0.27305132
3138,1.7713261
3139,-1.0769722
3140,-0.4587395
3141,-0.16429298
3142,-0.35417986
3143,1.4315372
3144,0.07475128
3145,-0.75085586
3146,-0.1993201
3147,1.2903602
3148,-0.38075927
3149,-0.09557047
3150,-0.24125333
3151,0.10543407
3152,-0.14913157
3153,0.14287864
3154,0.14941563
3155,0.14868364
3156,-0.025116786
3157,-0.6068825
3158,-0.59453255
3159,-0.110635675
3160,0.13347264
3161,-0.21256022
3162,2.223606
3163,-0.32219175
3164,0.073578976
3165,-0.27772397
3166,0.058023628
3167,-0.05464775
3168,0.7599998
3169,0.7094292
3170,2.2085643
3171,0.7647886
3172,-0.041864883
3173,-0.51497346
3174,-0.04202606
3175,-0.4673325
3176,-0.28202617
3177,-1.1289914
3178,0.2651416
3179,0.150007
3180,0.013899163
3181,-0.36747944
3182,-0.33144993
3183,-0.12329951
3184,0.8382077
3185,0.17365372
3186,1.4832032
3187,-0.17334627
3188,0.41239822
3189,0.83688486
3190,-0.49702743
3191,0.5955566
3192,0.0051223305
3193,1.2052293
3194,0.2023821
3195,0.12008869
3196,-0.6595082
3197,0.03925938
3198,0.23185743
3199,-0.08511591
3200,0.31043556
3201,-0.07212523
3202,0.3276214
3203,0.078235485
3204,0.3383517
3205,-0.1250609
3206,-0.07526258
3207,-0.214666
3208,0.8807254
3209,-0.49571222
3210,0.54302716
3211,-0.506692
3212,-0.021531396
3213,0.1555372
3214,0.27232355
3215,0.09877671
3216,-0.20791079
3217,0.25008947
3218,0.07846452
3219,0.048335478
3220,-0.2109225
3221,-0.18475777
3222,0.33362085
3223,-0.35888928
3224,-0.4208642
3225,-0.035230514
3226,0.0008882894
3227,0.13593332
3228,0.7229821
3229,0.025216863
3230,0.6647918
3231,-0.08970984
3232,0.5757257
3233,0.02539427
3234,1.736712
3235,-0.28833503
3236,0.2867997
3237,-0.31423303
3238,0.18640643
3239,0.00016994025
3240,-0.0114737125
3241,0.87417907
3242,-0.1430934
3243,-0.24184965
3244,-0.258388
3245,0.84815145
3246,-0.032373127
3247,0.1834118
3248,-0.3734928
3249,0.8263051
3250,-0.26002544
3251,-0.4895884
3252,0.2463421
3253,1.8501823
3254,0.4616644
3255,0.028372515
3256,-0.87664574
3257,0.24961962
3258,0.22937095
3259,0.8046873
3260,-0.24060981
3261,0.047244377
3262,0.26360068
3263,0.60094976
3264,0.27124944
3265,-0.42872444
3266,-0.51077616
3267,-0.15337548
3268,-0.0055940174
3269,0.05982485
3270,0.41104415
3271,-0.38661247
3272,-0.14286734
3273,1.6286533
3274,-0.578535
3275,-0.030454464
3276,0.6378664
3277,0.11865044
3278,-0.43118244
3279,0.2363118
3280,0.15017267
3281,0.108141504
3282,0.010345944
3283,-0.29774526
3284,-0.13272479
3285,0.0045397207
3286,-0.4241872
3287,0.16171093
3288,0.67915106
3289,-1.1030309
3290,-0.3186049
3291,-0.08904012
3292,-0.1090644
3293,0.24341914
3294,-0.3199585
3295,-0.24440996
3296,-0.42034748
3297,-0.13823731
3298,0.14214402
3299,0.07210174
3300,-0.4329161
3301,-0.3865988
3302,0.44194183
3303,0.3155486
3304,-0.0022287187
3305,0.07864772
3306,0.06336757
3307,1.9810066
3308,-0.5533131
3309,-0.10950202
3310,0.7954183
3311,0.004516436
3312,-0.1039005
3313,-0.743789
3314,0.59104633
3315,-0.323982
3316,0.014532441
3317,-0.41695398
3318,-0.3022392
3319,0.3003454
3320,0.4459615
3321,-0.6382643
3322,0.0013242209
3323,-0.032359034
3324,1.9673171
3325,-0.21190491
3326,-0.172236
3327,0.0069212513
3328,-0.18728113
3329,0.37830704
3330,0.9847388
3331,0.038975224
3332,0.36475706
3333,-0.1557292
3334,0.26707557
3335,-0.2923435
3336,-0.18902496
3337,0.100215726
3338,-0.29724392
3339,0.6504448
3340,-0.28975248
3341,-0.14725919
3342,0.12147634
3343,0.16369155
3344,-0.040955793
3345,0.106014244
3346,-0.15408562
3347,-0.19587173
3348,-0.02925162
3349,-0.18237934
3350,-0.5163806
3351,-0.14360464
3352,-0.11133754
3353,-0.0058425562
3354,0.101927325
3355,0.05973165
3356,-0.3670784
3357,-0.6556385
3358,1.1562177
3359,0.66559684
3360,0.09113135
3361,-0.0020000688
3362,0.08185837
3363,0.7429562
3364,-0.14003746
3365,0.4113854
3366,0.4082184
3367,-0.34235686
3368,-0.77152944
3369,-0.059361618
3370,0.43750012
3371,-0.57924414
3372,-0.20029868
3373,-0.20819491
3374,1.5939755
3375,0.2883146
3376,0.030890383
3377,0.6255407
3378,-0.08489936
3379,-0.024522047
3380,-0.059322745
3381,-0.8763888
3382,0.020820048
3383,-0.05444272
3384,1.0497043
3385,0.69469583
3386,-0.0748401
3387,-0.017312687
3388,1.4407306
3389,0.16127744
3390,0.5608871
3391,1.1080071
3392,-0.27842176
3393,0.14857928
3394,0.048113827
3395,-0.4925675
3396,1.269991
3397,-0.11516678
3398,0.008388592
3399,-0.2864336
3400,0.21927875
3401,0.5040705
3402,-0.5708568
3403,0.089838296
3404,-0.41860056
3405,-0.43388924
3406,-0.22975309
3407,0.8130946
3408,0.049081154
3409,-0.028950932
3410,-0.03795779
3411,0.1593505
3412,-0.013348752
3413,-1.2497555
3414,1.0355153
3415,0.59925693
3416,0.5771635
3417,0.24472246
3418,0.5162863
3419,-0.26239967
3420,0.27769837
3421,0.20162271
3422,-0.10768916
3423,-0.27481568
3424,0.21062432
3425,-0.60228777
3426,0.4877085
3427,0.57566184
3428,0.07926214
3429,-0.24319813
3430,-0.09612448
3431,0.28799218
3432,0.64148295
3433,0.66852796
3434,0.83710396
3435,-0.13845609
3436,0.033027116
3437,-0.010826607
3438,0.023109097
3439,-0.03889487
3440,-0.10204279
3441,-0.04268507
3442,0.85878456
3443,-0.2177127
3444,0.5854054
3445,-0.21247245
3446,0.3732529
3447,-0.8212002
3448,0.86236733
3449,-0.47999227
3450,-0.48476788
3451,-0.077821486
3452,-0.01693521
3453,-0.26778123
3454,2.4125974
3455,-0.33043435
3456,0.008245302
3457,-0.23535594
3458,-0.39010012
3459,-0.059004895
3460,0.09395846
3461,0.011313025
3462,-0.04663128
3463,-0.22703461
3464,0.060851585
3465,0.06550398
3466,-0.07582032
3467,-0.1342343
3468,-0.360809
3469,-0.1557478
3470,0.8340994
3471,0.012652375
3472,0.0693245
3473,-0.31673348
3474,-0.12668878
3475,0.28128293
3476,-0.19290511
3477,-0.40474173
3478,0.24163955
3479,-0.6380894
3480,-0.4298141
3481,0.0058753965
3482,0.20578405
3483,0.25690004
3484,-0.42350516
3485,0.21354653
3486,0.89623076
3487,-0.16320287
3488,0.3038293
3489,-0.13025847
3490,-0.097759455
3491,0.14151466
3492,0.9512759
3493,-0.053949893
3494,-0.067225784
3495,-0.21212408
3496,-0.1921498
3497,1.2996184
3498,-0.17030405
3499,-0.3227612
3500,0.09251495
3501,-0.039161336
3502,-1.0204355
3503,-0.15740667
3504,-0.4250455
3505,1.733983
3506,0.51258224
3507,-0.55051714
3508,-0.5533008
3509,-0.05167331
3510,-1.1448648
3511,0.29794085
3512,-0.02871383
3513,0.0050679166
3514,0.32319492
3515,0.19601671
3516,0.3823698
3517,0.4970571
3518,0.13753346
3519,0.32623988
3520,0.15809262
3521,0.3021467
3522,0.40477404
3523,0.88970965
3524,0.18452503
3525,-0.12204248
3526,-0.44096002
3527,0.21030487
3528,0.0015750077
3529,-1.1100597
3530,0.41640064
3531,-1.232939
3532,-0.18803513
3533,0.17723571
3534,0.67853224
3535,0.76441383
3536,0.9309153
3537,0.21814387
3538,-0.20333152
3539,-0.013089597
3540,-0.8130999
3541,0.74295807
3542,0.19278869
3543,0.031319916
3544,-0.57523394
3545,-0.11183747
3546,0.23542479
3547,0.09175482
3548,-0.21807049
3549,-0.14088786
3550,0.1394648
3551,-0.3143078
3552,-0.05596499
3553,1.2040323
3554,-0.05053456
3555,0.6270701
3556,-0.124463566
3557,0.019078067
3558,-0.21764801
3559,-0.7369972
3560,0.60042083
3561,-0.22375423
3562,-0.014406525
3563,-0.10515185
3564,-0.21183242
3565,0.6002643
3566,-0.22840741
3567,0.32401085
3568,1.8443319
3569,-0.08026981
3570,-0.9147635
3571,-0.48184893
3572,1.4947658
3573,-0.2295711
3574,1.5495045
3575,0.288198
3576,0.26453865
3577,0.09588766
3578,-0.051928136
3579,-0.15021193
3580,0.00055167807
3581,1.3761295
3582,0.47745946
3583,-0.59434223
3584,0.08586766
3585,0.18074638
3586,-0.079117164
3587,0.1350916
3588,0.1187291
3589,-0.3017678
3590,0.2635975
3591,-0.22758466
3592,0.059736855
3593,0.31266668
3594,-0.049969167
3595,0.46880552
3596,-0.5434999
3597,-0.8334707
3598,-0.058220286
3599,1.1032969
3600,0.023498656
3601,-0.53998667
3602,-0.0029130427
3603,2.0175261
3604,-0.02096921
3605,0.3354962
3606,0.9673831
3607,-0.15062942
3608,-0.2922048
3609,0.192289
3610,-0.03736621
3611,0.18568988
3612,-0.61839175
3613,-0.2331483
3614,-0.045351308
3615,0.49240988
3616,0.032643482
3617,1.8824717
3618,0.55204904
3619,0.11779637
3620,-0.31207484
3621,-0.056371562
3622,0.1545705
3623,0.028274963
3624,0.53667814
3625,0.7965564
3626,-1.0166186
3627,0.15403698
3628,-0.2041774
3629,0.25336838
3630,0.10256815
3631,-0.03346533
3632,0.008314336
3633,0.5080134
3634,0.20074767
3635,0.16375715
3636,-0.049744315
3637,0.67598027
3638,1.1760527
3639,0.101833135
3640,0.13809341
3641,0.26700124
3642,0.01881495
3643,0.45935345
3644,1.1663659
3645,-0.10071426
3646,0.015016405
3647,-0.047511972
3648,-0.10804234
3649,0.048373293
3650,0.5757021
3651,-0.7484399
3652,0.47276714
3653,0.044176117
3654,-0.4506099
3655,-0.4864345
3656,-0.36534002
3657,1.3727278
3658,-0.41618666
3659,-0.1623258
3660,0.8502218
3661,-0.7308004
3662,-0.1932127
3663,-0.16734122
3664,0.9034624
3665,-0.1728227
3666,-0.27566522
3667,-0.3188762
3668,-0.38184834
3669,0.13788794
3670,0.18616812
3671,-0.5921942
3672,1.3632835
3673,-0.32862508
3674,-0.05673344
3675,0.35950962
3676,1.5207838
3677,-0.5148252
3678,-0.55818754
3679,0.016367408
3680,1.586191
3681,-0.1003145
3682,-0.7274224
3683,2.0263772
3684,1.125084
3685,0.16620234
3686,0.3235948
3687,-0.481136
3688,0.45324424
3689,0.4558139
3690,-0.022669408
3691,1.3328992
3692,-0.01338355
3693,0.24157405
3694,-0.16168119
3695,-0.5569893
3696,-0.38199157
3697,-0.17037302
3698,-0.33666375
3699,-0.2871769
3700,1.3677598
3701,-0.009209381
3702,0.30946833
3703,-0.47333366
3704,1.1217879
3705,-0.42572656
3706,0.2329119
3707,0.35083586
3708,0.82022697
3709,0.46074358
3710,-0.11020351
3711,0.4095641
3712,1.5058855
3713,0.35773653
3714,-0.25306538
3715,1.0347915
3716,-0.015505385
3717,0.19813372
3718,-0.21013556
3719,-0.9291803
3720,1.8616306
3721,0.5794539
3722,2.0359259
3723,0.27487245
3724,-0.028566001
3725,0.3195532
3726,-0.15402706
3727,0.1506248
3728,0.17225362
3729,-0.1864798
3730,1.4943416
3731,0.18406513
3732,0.07243277
3733,0.21746054
3734,0.015183834
3735,0.52200794
3736,0.1910458
3737,-0.53688085
3738,0.10891895
3739,-0.3066971
3740,0.2727583
3741,-0.94132555
3742,0.11094279
3743,0.04910509
3744,0.92888063
3745,0.16139306
3746,-0.08706418
3747,0.34445623
3748,0.07590241
3749,0.087472215
3750,-0.1195382
3751,0.30558172
3752,2.0755188
3753,-0.16766593
3754,-0.16896988
3755,0.08325662
3756,0.2639897
3757,0.6242591
3758,0.639221
3759,-0.009842749
3760,-1.5136229
3761,0.2773238
3762,0.7624283
3763,0.29215884
3764,0.035333063
3765,-0.2666195
3766,0.99362123
3767,0.19187996
3768,0.31443575
3769,-0.0020372542
3770,0.31890756
3771,-0.057066884
3772,1.3865335
3773,0.20118237
3774,0.16067404
3775,0.29301187
3776,-0.24038458
3777,0.0010094616
3778,-0.5964034
3779,-0.06732559
3780,0.36213085
3781,-0.19206662
3782,0.20807424
3783,-0.14631076
3784,0.74080604
3785,-0.3771012
3786,-0.299169
3787,-0.37153637
3788,-0.4326832
3789,0.10911536
3790,1.0033023
3791,-0.11523998
3792,-0.30693677
3793,0.51096606
3794,-0.97651386
3795,0.71528864
3796,-0.0468232
3797,0.27757588
3798,0.02554181
3799,1.1369414
3800,-0.6340656
3801,0.14708465
3802,-0.6115744
3803,0.16888498
3804,0.08303389
3805,-0.08551176
3806,-0.5466719
3807,-0.093379736
3808,-1.5094196
3809,-0.19030683
3810,0.6852805
3811,0.9095204
3812,1.0022992
3813,-0.12784159
3814,-0.62052506
3815,-0.29993275
3816,-0.3404789
3817,0.13220412
3818,0.3102719
3819,0.2523764
3820,0.37141344
3821,-0.01795183
3822,-0.20703815
3823,0.34754774
3824,-0.33862978
3825,0.9013989
3826,-0.019973263
3827,0.44665968
3828,-0.6039934
3829,-0.16525656
3830,0.15406948
3831,0.1347599
3832,-0.516653
3833,-0.45801002
3834,-0.23502229
3835,-0.13276958
3836,0.22793815
3837,-0.43637815
3838,0.2695049
3839,0.18406461
3840,-0.13001776
3841,-0.18021744
3842,-0.26751462
3843,-0.49490964
3844,-0.38662508
3845,0.15858236
3846,0.32872212
3847,0.7308636
3848,0.029731737
3849,0.072627455
3850,-0.30652124
3851,-0.42999604
3852,-0.26610065
3853,-0.21133307
3854,0.3051332
3855,0.4864627
3856,0.8235472
3857,-0.8202095
3858,-0.15217984
3859,-0.4669522
3860,-0.03177484
3861,1.5980904
3862,-0.057853922
3863,-0.24182594
3864,0.04576148
3865,0.34510624
3866,0.41823676
3867,0.3344833
3868,-0.3849377
3869,-0.39036724
3870,0.44374403
3871,-0.23139176
3872,-0.07808808
3873,0.55824065
3874,-0.08371627
3875,-0.5883515
3876,-0.4417596
3877,0.2684569
3878,0.9326941
3879,1.2750963
3880,0.28432783
3881,-0.11677672
3882,-0.30486527
3883,-0.3264182
3884,0.31383678
3885,-0.4110421
3886,0.55473965
3887,-0.30365607
3888,-0.041305583
3889,-0.30614012
3890,0.974553
3891,-0.22687842
3892,-0.0449191
3893,-0.5668384
3894,-0.0097142635
3895,-0.25341672
3896,-0.4671711
3897,-0.47925717
3898,-0.32726726
3899,0.31724626
3900,-0.03564598
3901,1.047834
3902,2.530226
3903,-0.30167967
3904,0.007904829
3905,0.021759525
3906,0.20140977
3907,0.15687992
3908,0.022528931
3909,-0.3991276
3910,0.37057257
3911,-0.48909193
3912,0.8412063
3913,1.075467
3914,-0.22115944
3915,-0.32566944
3916,-0.0029913783
3917,-0.053134255
3918,-0.81233096
3919,-0.059977923
3920,0.33718878
3921,-0.33379593
3922,0.2114449
3923,-1.2142403
3924,-0.16714223
3925,0.09238765
3926,0.10072546
3927,1.8100724
3928,-0.47902793
3929,-0.1178829
3930,0.13328384
3931,0.035917796
3932,0.56125504
3933,0.075528674
3934,0.23264782
3935,-0.07388965
3936,0.66605204
3937,-0.24258585
3938,-0.2705049
3939,0.021505687
3940,0.12120529
3941,-0.18245286
3942,0.42025527
3943,0.4146453
3944,-0.13586994
3945,0.8210972
3946,0.038268343
3947,-0.14717977
3948,-0.023135351
3949,1.276765
3950,0.0048141736
3951,0.01120676
3952,-0.26020977
3953,0.8402638
3954,1.031405
3955,0.4545119
3956,0.09691906
3957,0.30848098
3958,-0.020954898
3959,-0.9180001
3960,0.30451968
3961,-0.33385006
3962,-0.2313917
3963,0.025214251
3964,-0.20139547
3965,-0.047896884
3966,-0.16302036
3967,0.21808085
3968,0.1272637
3969,-0.59856504
3970,1.7463883
3971,2.5365472
3972,-0.3802499
3973,-0.085213676
3974,0.43992293
3975,1.4898561
3976,-1.3468076
3977,0.2444255
3978,0.6145668
3979,-0.77190834
3980,-0.5075136
3981,0.2706084
3982,-0.46692795
3983,1.8722998
3984,-0.040334396
3985,0.13081379
3986,0.40559915
3987,0.17420508
3988,0.17257075
3989,0.5505596
3990,0.6331818
3991,0.9479517
3992,-0.20414934
3993,0.27249107
3994,0.2524292
3995,-0.9936625
3996,0.063846156
3997,0.2688241
3998,-0.0011784177
3999,0.07169907
4000,-0.19609722
4001,-0.49111363
4002,1.3035313
4003,-0.1329136
4004,0.24893446
4005,0.13828647
4006,-0.35821012
4007,1.5020953
4008,-0.13418755
4009,1.5776329
4010,1.5201682
4011,0.1328916
4012,-0.4393396
4013,-0.6856418
4014,0.7050636
4015,-0.08947604
4016,1.5737942
4017,0.18114986
4018,-0.71488595
4019,0.52064157
4020,0.27845964
4021,-0.050522964
4022,0.22150633
4023,0.7153224
4024,0.05772735
4025,0.15727054
4026,-1.4848065
4027,0.52894986
4028,0.009716789
4029,0.6155725
4030,-0.8271332
4031,-0.18762706
4032,-0.46455842
4033,-0.2618189
4034,0.15717052
4035,-0.2158343
4036,0.062397078
4037,-0.256457
4038,-0.29128942
4039,0.4080051
4040,0.9753107
4041,0.42268628
4042,-0.06374594
4043,0.04547878
4044,0.23258926
4045,1.6157298
4046,3.2326117
4047,0.233866
4048,0.84790885
4049,-0.24808216
4050,-0.058505
4051,-0.25617635
4052,0.58728534
4053,-0.15301044
4054,0.5771772
4055,0.29972258
4056,0.3346329
4057,1.3126533
4058,-0.18526974
4059,-0.09132237
4060,-0.16773121
4061,-0.065030314
4062,-0.6870638
4063,-0.1933744
4064,0.024591485
4065,0.44950736
4066,-0.32741374
4067,0.03463588
4068,-0.7475544
4069,-0.41637665
4070,0.0052894535
4071,0.08337232
4072,0.012768603
4073,-0.041272245
4074,-0.37655875
4075,-0.84378994
4076,0.3147678
4077,-0.18125764
4078,-0.19760893
4079,-0.46015787
4080,0.056831487
4081,-0.13649963
4082,1.1929498
4083,0.43013543
4084,1.782062
4085,1.4394462
4086,0.522206
4087,0.20476016
4088,-0.40258294
4089,-0.8432551
4090,-0.5596451
4091,0.10552242
4092,1.311152
4093,0.05461544
4094,-0.2582095
4095,1.9077116
4096,-0.6248179
4097,0.1812773
4098,-0.06648276
4099,-0.25230128
4100,-0.5688572
4101,-0.19727202
4102,-0.21437655
4103,-0.0025101963
4104,1.5257165
4105,-0.13520953
4106,0.25528598
4107,-0.4534991
4108,-0.35333285
4109,-0.09749873
4110,0.4432509
4111,-0.19925189
4112,1.0130744
4113,0.58497506
4114,1.0868528
4115,0.14213774
4116,-0.4112284
4117,-0.18979807
4118,0.17111756
4119,0.044627152
4120,0.47115716
4121,0.26837957
4122,2.1311536
4123,0.38715428
4124,0.22372957
4125,-0.15848257
4126,0.122570634
4127,0.12085686
4128,-0.093481615
4129,0.46662092
4130,0.36312586
4131,-0.07266527
4132,-0.23791303
4133,-0.72456485
4134,0.09942134
4135,0.0114501165
4136,-0.015194819
4137,0.21799597
4138,-0.36761066
4139,0.14643411
4140,0.27769387
4141,0.5646254
4142,0.06205458
4143,0.18893185
4144,-0.0025950249
4145,0.44143754
4146,3.6900892
4147,0.118733816
4148,0.185872
4149,-0.96519154
4150,-1.0575103
4151,1.5167856
4152,0.14878014
4153,0.14441828
4154,-1.1449819
4155,-0.13148753
4156,0.2114893
4157,0.04703824
4158,-0.07190546
4159,-0.28592137
4160,0.30970874
4161,1.0592808
4162,-0.23744361
4163,-0.3820704
4164,-0.23072132
4165,0.73274183
4166,-0.00875778
4167,-0.07770159
4168,-0.15274122
4169,0.46207124
4170,0.09052815
4171,2.1865382
4172,-0.9174053
4173,0.48258048
4174,1.0686698
4175,0.27607742
4176,-0.19435345
4177,-0.1175227
4178,-0.002624959
4179,0.89026135
4180,1.546343
4181,1.2922446
4182,-0.72458696
4183,-0.18133217
4184,-0.9019587
4185,-0.00117677
4186,0.11488622
4187,1.8971572
4188,-0.4874272
4189,0.1880203
4190,0.258213
4191,-0.15029176
4192,-0.47720537
4193,-0.13704415
4194,-0.4497357
4195,-0.39490336
4196,-0.29796788
4197,-0.21393795
4198,0.5191731
4199,-0.17474777
4200,-0.23744969
4201,0.4572956
4202,-0.31894973
4203,0.15670319
4204,0.015782986
4205,0.4170945
4206,-0.43645382
4207,0.04408512
4208,0.34145454
4209,0.72502816
4210,1.7764671
4211,-0.067928344
4212,0.41694877
4213,1.0516473
4214,-0.32084334
4215,0.90476716
4216,-0.23402604
4217,-0.42261812
4218,1.2654278
4219,-1.2674518
4220,0.47200677
4221,-0.2288435
4222,-0.3339474
4223,-0.1792848
4224,1.2281879
4225,0.17420675
4226,-0.19846748
4227,-0.44842857
4228,-0.64393944
4229,0.429171
4230,0.025734013
4231,0.6948166
4232,1.1924268
4233,-0.01268571
4234,-0.07694331
4235,0.043109395
4236,-0.32319197
4237,-0.062389884
4238,-0.42683804
4239,0.31121737
4240,-0.41226518
4241,-0.75808364
4242,0.8842898
4243,-0.15388629
4244,0.08923305
4245,0.25427535
4246,0.20690534
4247,-0.25201687
4248,-0.20978747
4249,0.03934085
4250,0.1946357
4251,0.32634652
4252,-0.041973937
4253,0.3360457
4254,1.4591993
4255,-1.1004566
4256,0.120550126
4257,2.461564
4258,-1.343576
4259,-0.048803438
4260,-0.44631863
4261,-0.5620262
4262,-0.33103544
4263,0.47091597
4264,-0.06776016
4265,0.38865456
4266,0.31107828
4267,0.26234835
4268,0.17422979
4269,0.21461372
4270,-0.22808906
4271,-0.06250233
4272,-0.36791003
4273,0.110367805
4274,-0.40787962
4275,1.2092415
4276,-0.1759844
4277,0.5855087
4278,0.154379
4279,-0.38127348
4280,0.801387
4281,0.010166571
4282,-0.5948442
4283,-0.18693505
4284,0.05593115
4285,0.33087656
4286,0.04225929
4287,-0.10654987
4288,-0.9198807
4289,0.15179954
4290,-0.31336698
4291,-0.081598006
4292,0.024660818
4293,0.5913436
4294,0.20241791
4295,-0.67348254
4296,-0.34553546
4297,0.0521875
4298,-1.4340446
4299,0.1850489
4300,-0.08426188
4301,0.2752254
4302,-0.08046649
4303,0.34744853
4304,0.78809375
4305,-0.1441475
4306,-0.12504472
4307,-0.25193155
4308,-0.11121685
4309,-0.14050092
4310,0.18486644
4311,0.13258773
4312,-0.19563727
4313,-0.100089945
4314,2.0030951
4315,-0.27483153
4316,0.19326067
4317,0.11399438
4318,-0.035438433
4319,-0.09968265
4320,-0.29118568
4321,0.47528782
4322,1.5704049
4323,-0.28662437
4324,-0.32777098
4325,-0.29825395
4326,1.7692713
4327,-0.14740568
4328,-0.2597333
4329,0.0008467303
4330,0.0006287483
4331,-0.03936715
4332,-0.08002153
4333,0.7282391
4334,-0.25807968
4335,-0.68628955
4336,0.952373
4337,0.16229191
4338,-0.54172856
4339,-0.29109973
4340,-0.20523112
4341,-0.1838465
4342,0.25115347
4343,0.33688733
4344,0.31187215
4345,-0.076874815
4346,-0.4993327
4347,-0.7795637
4348,-0.37293625
4349,0.37595448
4350,0.09863177
4351,-0.2088951
4352,0.5446896
4353,-0.23219164
4354,-0.12892148
4355,-0.2773253
4356,0.8152281
4357,-0.42935854
4358,0.027491651
4359,-0.6743009
4360,-0.968866
4361,0.21726896
4362,0.1739119
4363,-0.04490345
4364,0.14053921
4365,0.16580051
4366,0.06465013
4367,0.14788345
4368,0.302061
4369,0.16119315
4370,0.13158233
4371,-0.11377427
4372,-0.19055048
4373,-0.096862875
4374,0.10645327
4375,-0.22410114
4376,1.0339875
4377,0.34871396
4378,0.1342226
4379,-0.518672
4380,-0.42423952
4381,0.14472657
4382,-0.049242035
4383,-0.12574473
4384,-0.007440659
4385,-1.0716004
4386,0.5594768
4387,-0.49528626
4388,-0.43373168
4389,0.34080973
4390,0.12889005
4391,-0.044442143
4392,0.41048482
4393,-0.07624677
4394,0.6549885
4395,0.2167138
4396,1.2298557
4397,0.41123223
4398,0.76703435
4399,0.1844431
4400,0.48209772
4401,-0.3195645
4402,-0.36371258
4403,0.7749111
4404,0.09076941
4405,0.79176307
4406,-0.28307205
4407,0.5622016
4408,0.13327627
4409,-0.08977394
4410,-0.14367472
4411,0.19660997
4412,-0.10584224
4413,-0.022745807
4414,1.1777707
4415,0.5102852
4416,0.45118877
4417,-0.19513598
4418,-0.39042723
4419,-0.28421828
4420,0.22771215
4421,0.49978825
4422,-1.0243033
4423,-0.77288157
4424,0.17040212
4425,-0.034305558
4426,-1.0870972
4427,-0.34328228
4428,0.14383875
4429,-0.4907958
4430,0.6596038
4431,-0.17216149
4432,0.5975858
4433,-0.577539
4434,-0.5294388
4435,0.14919432
4436,0.49002406
4437,-1.2352451
4438,-0.17726125
4439,0.014835707
4440,0.08250108
4441,-0.08196474
4442,0.071300335
4443,-0.13056962
4444,-0.07432815
4445,-0.5502868
4446,0.29305577
4447,-0.23879331
4448,-0.021031782
4449,-0.07566185
4450,-0.27189744
4451,-0.46186855
4452,0.14644098
4453,0.2447717
4454,0.2811477
4455,-0.35716772
4456,0.2804875
4457,-0.1520293
4458,-0.41422632
4459,-1.3163908
4460,0.57037026
4461,-0.1311219
4462,0.6264745
4463,-0.32028168
4464,0.039098263
4465,-0.08538378
4466,-0.3618485
4467,-0.02376923
4468,-0.2944409
4469,0.4479202
4470,0.016977793
4471,0.01743026
4472,0.020232623
4473,0.62020504
4474,0.19597407
4475,0.2589159
4476,0.37200972
4477,-0.18948331
4478,0.82488835
4479,0.40748113
4480,-0.4365125
4481,-0.063398466
4482,0.43191975
4483,-0.0965601
4484,1.4454743
4485,-0.31771454
4486,0.9145877
4487,-0.3217171
4488,0.8101174
4489,-0.07570293
4490,-0.5261914
4491,0.030004948
4492,0.2671198
4493,0.07850183
4494,0.61499727
4495,0.82137835
4496,-0.40624237
4497,0.1729948
4498,-0.3992516
4499,0.15072663
4500,-0.23058991
4501,-0.26013586
4502,-0.5472999
4503,-0.049080573
4504,-0.04001878
4505,-0.282609
4506,-1.2079263
4507,-0.11093317
4508,-0.09183176
4509,0.23636205
4510,0.2639537
4511,0.29671603
4512,0.51507527
4513,-0.46833095
4514,0.4652151
4515,0.018750146
4516,-0.22272395
4517,-0.29611903
4518,0.7138817
4519,0.09277422
4520,-0.27950346
4521,0.24959473
4522,-0.1613809
4523,0.6970724
4524,0.025533156
4525,-1.1483669
4526,-0.12679023
4527,-0.46990484
4528,-0.57428586
4529,-0.75138915
4530,-0.35214126
4531,1.2993951
4532,0.08457603
4533,-0.22058766
4534,0.09775172
4535,-0.07561406
4536,1.3054168
4537,-0.6978621
4538,-0.2800724
4539,-0.27410406
4540,1.3086013
4541,0.23070921
4542,-0.75965303
4543,0.040739164
4544,-0.06066964
4545,-0.17129429
4546,-0.022828534
4547,1.4663873
4548,0.20206694
4549,-0.4455855
4550,-0.21789803
4551,0.22004703
4552,0.57069504
4553,-0.8080681
4554,0.34274083
4555,-0.4547865
4556,0.58441246
4557,-0.013782335
4558,0.5790098
4559,-0.30002043
4560,-0.111402676
4561,-0.61832327
4562,-0.3236101
4563,0.28058374
4564,-0.5032393
4565,-0.00043746777
4566,0.8466908
4567,0.7641272
4568,0.014773724
4569,0.19728099
4570,0.54076755
4571,-0.15327924
4572,0.42526248
4573,1.0688391
4574,0.23549269
4575,-0.18925908
4576,0.67410874
4577,-0.73426145
4578,0.999735
4579,-0.08240067
4580,-0.1783311
4581,-0.2618117
4582,-0.8594757
4583,-0.13138321
4584,-0.28893793
4585,-0.8564548
4586,-0.33584628
4587,0.16775675
4588,-0.89252514
4589,0.045679487
4590,-0.23201047
4591,0.16440102
4592,-1.1765503
4593,-0.14534466
4594,-0.45202333
4595,-0.0501006
4596,0.21703812
4597,-1.0247276
4598,-0.062353104
4599,0.16305809
4600,0.14223549
4601,-0.15421088
4602,-1.4087195
4603,0.30031362
4604,0.2237546
4605,0.13808855
4606,-0.30783173
4607,0.14162664
4608,0.2113911
4609,-0.17448385
4610,0.3303363
4611,-0.49680105
4612,0.34124708
4613,0.22145341
4614,-0.66305596
4615,0.0001730186
4616,1.506489
4617,1.1676189
4618,0.17207421
4619,-0.10362136
4620,-0.50541705
4621,0.6730894
4622,-0.038798098
4623,0.22621307
4624,-0.029501136
4625,0.49615133
4626,0.15469335
4627,-0.56306285
4628,0.022122568
4629,0.75732154
4630,0.13198908
4631,0.12049229
4632,-0.30981702
4633,0.2847239
4634,0.72084
4635,-0.13775767
4636,0.05579218
4637,0.059840456
4638,-0.21622561
4639,-0.21410328
4640,0.08883836
4641,0.24423958
4642,0.40798968
4643,0.14683259
4644,-0.1739392
4645,-0.066488706
4646,0.31988078
4647,0.4589671
4648,-0.43422812
4649,-0.2577254
4650,1.3504945
4651,0.17428282
4652,-0.8735643
4653,0.33697554
4654,0.15420552
4655,-0.05259321
4656,-0.7189733
4657,0.7410955
4658,0.58819664
4659,0.6588607
4660,0.38537455
4661,0.18366511
4662,1.3352963
4663,-0.42046198
4664,0.25137183
4665,1.0465382
4666,0.14123616
4667,0.17614885
4668,0.09559034
4669,0.2566817
4670,1.2452971
4671,0.0393926
4672,0.99539214
4673,0.09543146
4674,0.53971356
4675,-0.1826079
4676,0.12892446
4677,0.7377201
4678,-0.10527493
4679,1.5819592
4680,-0.17732255
4681,1.4743385
4682,-0.20030369
4683,0.09969058
4684,0.23787451
4685,0.24060687
4686,0.2009797
4687,0.80354905
4688,-0.35436577
4689,-0.2293136
4690,1.0156695
4691,-0.5347139
4692,-0.15466416
4693,0.23051241
4694,-0.2789125
4695,0.14604734
4696,-1.9127027
4697,1.4480146
4698,0.41949174
4699,-0.21875806
4700,-0.32921436
4701,-0.17487366
4702,-1.1471515
4703,0.078861326
4704,0.2637771
4705,0.06441054
4706,-0.6426123
4707,0.7745593
4708,0.18642446
4709,-0.12966111
4710,-0.09531755
4711,0.43653575
4712,0.07884038
4713,0.5476131
4714,0.19885078
4715,-0.15474528
4716,-0.034952268
4717,0.2840383
4718,0.9442244
4719,0.33892906
4720,0.035824977
4721,-0.47721112
4722,-0.21210568
4723,-0.5664293
4724,0.20688397
4725,-0.047248803
4726,0.6565488
4727,0.08347583
4728,-0.47337443
4729,0.28787044
4730,-0.4885219
4731,-0.038385842
4732,-0.47514343
4733,-0.07517638
4734,0.0023713086
4735,-0.07276899
4736,0.37120536
4737,-0.38079077
4738,-1.4031248
4739,0.4345894
4740,-0.432547
4741,-0.20457874
4742,0.2870596
4743,-0.19362164
4744,-0.58535457
4745,0.13873582
4746,-0.9242363
4747,2.2237663
4748,-0.1093198
4749,0.33973718
4750,0.7033755
4751,-0.16056135
4752,0.0449239
4753,0.55802524
4754,-0.0033620792
4755,1.0956228
4756,-0.9840044
4757,0.25303861
4758,0.026157765
4759,-0.33885047
4760,-0.15381747
4761,-0.2741413
4762,0.10545508
4763,0.019443441
4764,0.3655757
4765,0.27161545
4766,0.05742872
4767,0.207105
4768,0.80582356
4769,0.008557682
4770,0.6754875
4771,0.09488516
4772,-0.08554179
4773,0.58926105
4774,0.047353137
4775,0.5165188
4776,0.32120404
4777,-0.68653953
4778,-0.03790533
4779,0.24904439
4780,-0.28155288
4781,-0.2615947
4782,0.27988315
4783,-0.21825612
4784,1.8301446
4785,-0.42940933
4786,0.25513184
4787,-1.4758818
4788,0.06780347
4789,-0.30700907
4790,0.12409594
4791,0.22806188
4792,1.7676319
4793,0.25755566
4794,0.17156619
4795,0.4368843
4796,-0.10049004
4797,-0.30176008
4798,0.66747934
4799,0.4694645
4800,0.3081168
4801,0.39242044
4802,1.3543146
4803,0.5129082
4804,-0.24006477
4805,-0.28556588
4806,0.08121246
4807,-0.70060754
4808,0.5784641
4809,-0.27914742
4810,-0.71090734
4811,0.13070898
4812,-0.10026409
4813,2.4753363
4814,0.16161361
4815,0.09342214
4816,0.08633313
4817,0.24353234
4818,-0.5652129
4819,-0.0827729
4820,-0.98755926
4821,0.15412878
4822,0.8883263
4823,0.47922224
4824,2.0148482
4825,0.11649499
4826,0.14726685
4827,-0.08401204
4828,-0.020815311
4829,-0.2552861
4830,0.47934034
4831,-0.12383798
4832,-0.06804428
4833,0.37859762
4834,0.14249742
4835,-0.16188663
4836,-0.082143255
4837,0.2182368
4838,-0.0749702
4839,-0.39833084
4840,-0.2107358
4841,-2.4514666
4842,0.46918416
4843,1.6891651
4844,0.048817124
4845,0.55967164
4846,0.37160623
4847,-0.2996018
4848,-0.088948384
4849,0.3717822
4850,0.1979964
4851,0.25366884
4852,-0.16436383
4853,-0.10381519
4854,0.33523238
4855,-0.116883524
4856,-0.51423717
4857,0.16380374
4858,0.9012517
4859,0.13325219
4860,0.9522999
4861,1.846179
4862,-0.07341032
4863,0.21288194
4864,1.028261
4865,-0.3595955
4866,1.0590515
4867,0.025991103
4868,-0.12280415
4869,0.454131
4870,-1.0162133
4871,0.09325302
4872,0.28382394
4873,-0.73069924
4874,0.13029575
4875,0.49811238
4876,0.011684934
4877,0.027774787
4878,0.121182464
4879,0.36868566
4880,-0.38225123
4881,0.7298273
4882,0.37273267
4883,-0.56167763
4884,0.18410902
4885,0.7044434
4886,0.2444915
4887,0.72563785
4888,0.2501116
4889,-0.80899584
4890,-0.29701734
4891,-0.11069085
4892,0.6869398
4893,-0.030528763
4894,-0.14946799
4895,0.4713999
4896,-0.5826371
4897,0.30685812
4898,0.03171707
4899,0.55587864
4900,0.47319722
4901,0.1873567
4902,0.068826675
4903,-0.023785522
4904,1.0629143
4905,-0.6133916
4906,1.6229923
4907,-0.18279405
4908,-0.15773234
4909,-0.2595022
4910,0.20245351
4911,0.16523786
4912,0.43493405
4913,-0.32278803
4914,0.008071867
4915,0.21149656
4916,0.8063321
4917,1.7840742
4918,-0.46316049
4919,-0.78614366
4920,-0.24209067
4921,1.0178084
4922,-0.43938035
4923,0.40153483
4924,-0.29321405
4925,0.05611988
4926,-0.46040833
4927,0.45719057
4928,-0.18021864
4929,-0.23866111
4930,0.0016851122
4931,-0.33113852
4932,0.04685781
4933,-0.42551482
4934,-0.038987994
4935,0.29186448
4936,1.5404555
4937,0.20960672
4938,-0.15838091
4939,1.1389762
4940,-0.06654202
4941,0.4077741
4942,0.49813783
4943,0.2156626
4944,-0.18118009
4945,0.04300777
4946,0.18281211
4947,0.5893905
4948,0.48219746
4949,0.1913076
4950,-0.11035975
4951,0.74177986
4952,-1.7925999
4953,0.015004538
4954,-0.4193259
4955,0.22645524
4956,-0.17274487
4957,-1.3229882
4958,0.50698197
4959,-0.39072064
4960,-0.7517644
4961,-0.005734303
4962,0.5084589
4963,-1.1078024
4964,0.28499448
4965,-0.22212628
4966,-1.4099541
4967,-0.9095315
4968,-0.07213439
4969,-0.032048278
4970,-1.4753169
4971,0.22850177
4972,0.099458784
4973,0.5549614
4974,-0.14227957
4975,0.16799493
4976,-0.25673088
4977,0.6471129
4978,-0.9124227
4979,-0.06653671
4980,0.4156222
4981,0.35756135
4982,0.0064331726
4983,0.17567883
4984,-0.177302
4985,-0.021399576
4986,-0.22217256
4987,-0.26899743
4988,0.10866477
4989,0.39014918
4990,0.30893287
4991,-0.51438016
4992,-0.32603908
4993,0.34397307
4994,-0.58054346
4995,-0.052286055
4996,-0.2836397
4997,-0.15028274
4998,0.026578253
4999,0.27696273
5000,0.03454751
5001,0.034294974
5002,0.903763
5003,0.48428375
5004,-0.06928226
5005,0.57217515
5006,0.7696895
5007,0.60966897
5008,-0.56407994
5009,-0.40879297
5010,-0.44722918
5011,-0.72917414
5012,-0.407558
5013,0.48949075
5014,1.5361977
5015,0.4564038
5016,-0.84087193
5017,-0.58573055
5018,-0.25360647
5019,0.14788808
5020,1.8905876
5021,0.10014363
5022,0.2521567
5023,0.359186
5024,-0.24169075
5025,-0.23964182
5026,-0.22807832
5027,-0.70134664
5028,0.2610787
5029,-0.100748405
5030,-0.11352582
5031,-0.426461
5032,-0.3551894
5033,0.30634665
5034,0.9560272
5035,-0.07410949
5036,0.41151983
5037,-0.2248806
5038,-0.20050701
5039,0.31131366
5040,-0.3912435
5041,1.0544102
5042,-0.21531762
5043,0.18621667
5044,0.1357536
5045,0.6511856
5046,-0.20627785
5047,0.38889924
5048,-0.24388489
5049,0.07127966
5050,0.05007612
5051,-0.5841149
5052,0.15446968
5053,0.16763143
5054,0.14643505
5055,-0.39302796
5056,-0.05301958
5057,1.0659724
5058,0.2642291
5059,0.17455466
5060,0.5975741
5061,0.69743866
5062,-0.21803518
5063,-0.53849256
5064,0.14042787
5065,1.4539868
5066,0.29203358
5067,-0.20285326
5068,1.9966038
5069,0.2858728
5070,0.05784357
5071,0.25581986
5072,-0.20083502
5073,0.073972985
5074,-0.03735351
5075,0.25902373
5076,1.0892245
5077,-0.0032028756
5078,-0.3004628
5079,0.102920026
5080,0.009381516
5081,-0.5325237
5082,-0.23325433
5083,-0.07711535
5084,0.3261006
5085,-0.86969846
5086,0.61408114
5087,-0.2525661
5088,0.30591735
5089,0.14100969
5090,0.44094923
5091,-0.35984826
5092,0.38460264
5093,-0.15442838
5094,0.5302194
5095,0.48458266
5096,-0.06673878
5097,1.641264
5098,1.2203678
5099,-0.20646743
5100,-0.27081215
5101,-0.0069265207
5102,0.07864786
5103,-0.30464938
5104,0.28631085
5105,-0.14592528
5106,0.259723
5107,0.050171766
5108,-0.4257577
5109,-0.14405635
5110,0.08269993
5111,0.47412986
5112,-0.21925387
5113,-1.30254
5114,0.11237588
5115,0.009776675
5116,0.07233402
5117,-0.3398887
5118,-0.24825233
5119,-0.13552617
5120,0.064182736
5121,-0.15178423
5122,-0.09460928
5123,1.6501546
5124,0.22825101
5125,0.10466808
5126,-0.087189704
5127,-1.290378
5128,-0.11325503
5129,0.0684427
5130,0.23806018
5131,0.13951007
5132,-0.37101412
5133,-0.27906188
5134,-0.2300835
5135,-0.8109222
5136,-0.021196675
5137,0.22792915
5138,1.4878821
5139,0.81998557
5140,0.20266071
5141,-0.18302846
5142,-0.029672494
5143,0.52610266
5144,0.48903123
5145,-0.29915565
5146,0.5174606
5147,2.27957
5148,0.61276376
5149,0.060315713
5150,-0.19824806
5151,0.10454835
5152,-0.012589331
5153,0.6602219
5154,0.37838188
5155,-0.17299406
5156,0.26710263
5157,-0.25337616
5158,0.7218915
5159,-0.826842
5160,-0.26706085
5161,-0.23150074
5162,-0.032690667
5163,-0.9112907
5164,0.6319877
5165,-0.37318417
5166,0.074883014
5167,0.41405135
5168,-0.089109264
5169,0.4489449
5170,1.639327
5171,1.162216
5172,-0.6979615
5173,0.30593583
5174,0.98819995
5175,0.11744689
5176,-0.033114683
5177,0.08837622
5178,0.017713452
5179,-0.25795585
5180,-0.64550734
5181,0.5125383
5182,0.05496879
5183,0.058922898
5184,0.4829186
5185,1.1614398
5186,-0.082100786
5187,0.24390121
5188,0.4115727
5189,-0.37461004
5190,-0.13608748
5191,0.025841184
5192,0.7634279
5193,1.73755
5194,0.44434404
5195,0.049167857
5196,1.5815603
5197,-0.11509846
5198,0.30626217
5199,-0.7323731
5200,-0.67611444
5201,0.15848997
5202,-0.14740515
5203,1.2208086
5204,0.15918317
5205,0.73507726
5206,0.31956798
5207,0.5528436
5208,-1.0279526
5209,0.00884961
5210,-0.044386696
5211,-0.21823528
5212,0.14705141
5213,1.0252402
5214,-0.02789357
5215,0.053975597
5216,0.062796235
5217,0.060843408
5218,0.11329917
5219,-0.19541095
5220,-0.23875754
5221,0.00898622
5222,-0.21809025
5223,-0.3415825
5224,-0.16526379
5225,0.27074322
5226,0.04824563
5227,0.33704072
5228,0.8806084
5229,-0.078182586
5230,-0.6742142
5231,0.014375699
5232,0.17845932
5233,0.4805756
5234,0.12617351
5235,-0.20530623
5236,0.5441114
5237,0.15515216
5238,0.01593764
5239,0.5669226
5240,-1.5597354
5241,0.96864957
5242,0.012586105
5243,1.6462257
5244,0.12236314
5245,-0.50728595
5246,-0.09926964
5247,-0.7300607
5248,0.19969815
5249,8.694663e-05
5250,-0.55555457
5251,0.081379764
5252,0.19958301
5253,-0.32677636
5254,-0.47512043
5255,-0.18265155
5256,-0.28715464
5257,0.07379351
5258,0.37797084
5259,1.023065
5260,0.0110012125
5261,0.0874123
5262,-0.3947547
5263,0.0076398784
5264,-0.71166396
5265,-1.5085254
5266,-0.16642228
5267,0.63583267
5268,0.2667122
5269,0.45362166
5270,-0.25297764
5271,0.70976204
5272,0.121674806
5273,0.13605875
5274,0.5793064
5275,0.2263996
5276,0.0723269
5277,-0.017879669
5278,-0.2104384
5279,0.011673273
5280,-0.086568624
5281,1.4659967
5282,-0.08979178
5283,-0.3424264
5284,-0.2788783
5285,-0.29435334
5286,-0.38791767
5287,0.091479406
5288,0.5151705
5289,0.2558437
5290,-0.35925165
5291,0.2336131
5292,0.3458237
5293,0.65045977
5294,0.06669584
5295,0.9921037
5296,1.2726849
5297,-0.041408334
5298,0.4696697
5299,1.3173404
5300,0.16356632
5301,0.36716026
5302,-0.23915307
5303,-0.051984087
5304,-0.32388046
5305,0.21613976
5306,0.60311234
5307,0.0064942474
5308,-0.037709527
5309,0.68688947
5310,0.03710103
5311,0.15501909
5312,0.22631204
5313,-0.31609342
5314,0.7072144
5315,-0.23362838
5316,0.7736392
5317,0.51726866
5318,-0.15974942
5319,-0.042035125
5320,0.040184285
5321,0.37100974
5322,-0.036297157
5323,0.7054416
5324,0.14847136
5325,-1.5870187
5326,-0.21519132
5327,0.1330536
5328,0.11068369
5329,1.6091813
5330,0.0613729
5331,-0.54602957
5332,-0.28517485
5333,0.08389098
5334,1.509139
5335,0.21185116
5336,0.40108517
5337,0.11118229
5338,1.4932642
5339,-0.038590286
5340,-0.13977748
5341,-0.31203958
5342,0.53349894
5343,0.113802366
5344,0.6720385
5345,1.1654528
5346,-0.4656844
5347,0.12032739
5348,-0.30210525
5349,0.36729658
5350,-0.025243612
5351,-0.27361077
5352,-0.106770225
5353,-0.329869
5354,0.20709535
5355,0.10592259
5356,0.587791
5357,0.016747521
5358,-0.2616138
5359,1.0739348
5360,-0.577666
5361,-0.07665126
5362,1.1340286
5363,0.1928534
5364,0.37826273
5365,-0.092796244
5366,0.17445889
5367,-0.040165827
5368,-0.8854381
5369,-0.14335363
5370,0.16961963
5371,-1.2041378
5372,-0.18174258
5373,0.22253485
5374,0.11955048
5375,0.6098244
5376,1.2492104
5377,0.2435794
5378,0.11404657
5379,2.05979
5380,0.13009343
5381,1.5911679
5382,-0.24142584
5383,0.8336942
5384,-0.15440129
5385,-0.018221315
5386,-0.28774354
5387,0.26598164
5388,-0.869729
5389,0.6788547
5390,0.36476937
5391,-0.3091029
5392,0.5135052
5393,-0.21875428
5394,0.13165113
5395,-0.22337867
5396,0.9119749
5397,0.021509925
5398,-0.07636026
5399,-0.18851867
5400,0.40528372
5401,-0.030955646
5402,0.062738985
5403,-0.20528178
5404,0.079364836
5405,-0.33486912
5406,0.97026306
5407,-0.42291147
5408,-0.04679563
5409,0.023878802
5410,-0.05429742
5411,0.09424308
5412,-1.3925205
5413,0.14345169
5414,-0.2091982
5415,-0.15567875
5416,1.4873974
5417,-0.17945413
5418,0.54365844
5419,0.020699264
5420,1.5145265
5421,0.46607497
5422,-0.78220206
5423,0.2948503
5424,1.2279929
5425,0.0214109
5426,0.7655671
5427,-0.40755594
5428,0.30115396
5429,0.23723076
5430,0.13316315
5431,1.3627193
5432,0.09760117
5433,0.5917047
5434,-1.0707908
5435,1.6484382
5436,-0.019458186
5437,0.076959096
5438,0.8299296
5439,0.34134516
5440,-0.3195939
5441,-0.069811456
5442,1.5711405
5443,-0.6711384
5444,-0.083933055
5445,0.015118306
5446,-0.075811215
5447,0.21683383
5448,0.09465744
5449,1.3253115
5450,0.0072444626
5451,-0.017472133
5452,-1.9981579
5453,-0.06383833
5454,-0.24224417
5455,1.042404
5456,-0.27415004
5457,0.62121546
5458,-0.263183
5459,0.30510807
5460,0.088055916
5461,0.90470386
5462,-0.27956238
5463,0.10857574
5464,-0.4629
5465,-0.19240998
5466,0.111769065
5467,0.4048918
5468,-0.3435432
5469,0.19856988
5470,-0.38092402
5471,1.7725059
5472,-0.02087155
5473,0.33681762
5474,0.87192494
5475,-0.44308388
5476,-0.28663415
5477,0.08085552
5478,1.6068863
5479,-0.26773703
5480,0.028494988
5481,-0.4987121
5482,0.019728804
5483,0.19455239
5484,0.215243
5485,-0.061874848
5486,0.28223687
5487,-0.59931254
5488,-0.28639603
5489,-0.3897909
5490,-0.24030803
5491,0.37779048
5492,1.1245916
5493,0.21526234
5494,-0.025909858
5495,0.7739357
5496,-1.0172744
5497,-0.30408838
5498,0.6799214
5499,-0.033343073
5500,0.49861208
5501,0.4508478
5502,0.37418073
5503,1.5327784
5504,0.094783925
5505,-0.27121755
5506,0.41052034
5507,-0.740304
5508,0.42771134
5509,-0.502188
5510,1.7442274
5511,-0.08072542
5512,0.34488133
5513,-1.0714293
5514,0.0068984935
5515,2.5720682
5516,1.0460519
5517,1.117885
5518,-0.061543867
5519,-0.26754868
5520,0.0013019242
5521,0.11548467
5522,-0.6690807
5523,0.16543981
5524,-0.073103115
5525,0.1908126
5526,-0.052443463
5527,0.41352624
5528,-0.63638204
5529,0.4702111
5530,-0.12876655
5531,-0.22317243
5532,-0.07811493
5533,-0.24586797
5534,0.23438515
5535,-0.42133906
5536,0.15547204
5537,-0.21095936
5538,-0.27126798
5539,0.11817743
5540,-0.126594
5541,-0.07182391
5542,-0.16246147
5543,0.2867896
5544,-0.63064134
5545,0.13238588
5546,-0.4405271
5547,0.35439488
5548,-0.2750901
5549,0.8675988
5550,-0.30031312
5551,-0.18148245
5552,0.07977931
5553,0.3760377
5554,-0.62785965
5555,-0.3570139
5556,0.42515355
5557,-0.30823323
5558,-0.1928086
5559,0.15134847
5560,0.20829333
5561,0.31951913
5562,-0.39160553
5563,-0.843118
5564,-0.3788076
5565,-0.17007118
5566,0.38418356
5567,-0.120811895
5568,-0.11603122
5569,-0.06296618
5570,0.6042862
5571,-0.41298202
5572,-0.22219719
5573,0.6209194
5574,1.3223277
5575,0.0055017946
5576,-0.40219638
5577,0.12121672
5578,-0.542972
5579,-0.15767507
5580,0.19094844
5581,0.21329147
5582,-0.39588448
5583,0.2558382
5584,-0.9143088
5585,-0.626567
5586,-0.39058778
5587,0.2403755
5588,0.38015434
5589,-0.5927617
5590,0.17247981
5591,-0.21395393
5592,-0.087314166
5593,0.5537267
5594,-0.5370021
5595,-0.36010745
5596,0.21195504
5597,0.5515475
5598,0.1923148
5599,-0.18027945
5600,-0.91449285
5601,-0.47651064
5602,-0.29198718
5603,0.07166461
5604,0.14818548
5605,-0.59893876
5606,0.5505048
5607,-0.1999099
5608,0.35302743
5609,0.03360413
5610,0.42558363
5611,-0.2575135
5612,1.610897
5613,1.6401441
5614,-0.40996215
5615,0.64431876
5616,0.28301892
5617,-0.3425526
5618,0.40326592
5619,0.31820092
5620,-0.1299189
5621,0.116503604
5622,-0.43802404
5623,0.18944609
5624,-0.10428724
5625,-0.08023515
5626,-0.42629987
5627,0.08060453
5628,-0.4068624
5629,-0.17962927
5630,0.71209764
5631,0.7121096
5632,0.8439044
5633,-0.18821552
5634,0.02606168
5635,0.045865923
5636,0.1480337
5637,0.09781445
5638,0.2712612
5639,-0.42306796
5640,0.46342787
5641,0.04341736
5642,0.12747228
5643,0.12648661
5644,0.88745224
5645,0.10458466
5646,0.2720244
5647,1.3206758
5648,-0.11446726
5649,1.3193649
5650,-0.069281
5651,-0.13666151
5652,0.53171086
5653,-0.097887225
5654,-0.088873
5655,-0.24600862
5656,-0.47437385
5657,-0.3781874
5658,0.2096026
5659,-0.6378735
5660,0.013772896
5661,0.60972613
5662,0.09735525
5663,0.6452955
5664,0.04586912
5665,0.84467846
5666,0.49231997
5667,1.212565
5668,-0.23491436
5669,0.6531397
5670,-0.65311235
5671,0.58880067
5672,-0.08887716
5673,1.7424636
5674,-0.44935033
5675,-0.3043995
5676,0.05533537
5677,0.04549849
5678,-0.19065744
5679,0.054064404
5680,-0.11315647
5681,-0.19604702
5682,0.18730259
5683,-0.2069216
5684,0.0019387581
5685,-0.018200755
5686,1.3765852
5687,-0.4010599
5688,0.2706319
5689,-0.32092267
5690,-0.06180225
5691,1.3001933
5692,0.49095067
5693,-0.04751323
5694,-0.17848007
5695,-0.5317139
5696,0.09411882
5697,0.09686959
5698,-0.2086518
5699,-0.21969177
5700,-0.27324837
5701,0.50012624
5702,-0.5397737
5703,0.26008677
5704,-0.6799232
5705,0.0023587523
5706,-0.56470513
5707,0.4459583
5708,-0.19085994
5709,-0.1388986
5710,-0.5453543
5711,-0.30052844
5712,0.046873003
5713,1.6886777
5714,0.6515445
5715,0.10147202
5716,0.96031886
5717,-0.33820558
5718,0.1583729
5719,-0.50121576
5720,0.44863254
5721,0.92502975
5722,-0.24115588
5723,0.5563592
5724,0.10261759
5725,0.07510733
5726,-0.21331593
5727,0.1544569
5728,0.40407246
5729,0.60647976
5730,-0.29968444
5731,0.38663772
5732,-0.11720691
5733,-0.13523906
5734,1.0591022
5735,-0.09939324
5736,-0.5839275
5737,-0.57006496
5738,-0.37607664
5739,0.7026141
5740,-0.21257512
5741,-0.7045953
5742,-0.06834288
5743,-0.22611293
5744,0.09169979
5745,-0.3730837
5746,0.25676334
5747,-0.116093114
5748,-0.1518945
5749,-0.07444911
5750,0.052182678
5751,-0.10371875
5752,-0.16814373
5753,-0.21248364
5754,-0.44491467
5755,-0.1089382
5756,-0.44009575
5757,-0.12943825
5758,0.39527875
5759,-0.24712442
5760,0.09595323
5761,0.17182352
5762,0.25322995
5763,0.21466693
5764,0.9430923
5765,-0.10281339
5766,-0.23828943
5767,0.07317263
5768,-0.31901625
5769,0.62400806
5770,0.37487397
5771,-1.472468
5772,-0.2528452
5773,-0.15577705
5774,0.9589736
5775,-0.49516407
5776,-0.22551145
5777,-0.3881877
5778,1.2674788
5779,1.2524763
5780,0.40298972
5781,-0.082059056
5782,2.133152
5783,-0.49556297
5784,-0.72039795
5785,-0.51717025
5786,0.52376956
5787,-0.3139174
5788,0.7031874
5789,-0.00017101783
5790,-0.23638432
5791,-0.19762269
5792,-0.013037528
5793,-0.2574755
5794,1.0892289
5795,-0.0832149
5796,0.1922061
5797,-0.027712962
5798,0.4560518
5799,0.28304753
5800,0.3919292
5801,0.99424475
5802,-0.64091057
5803,0.45482096
5804,1.011986
5805,1.8221726
5806,-1.300205
5807,-0.15305465
5808,-0.41764423
5809,-0.17683664
5810,0.808739
5811,1.1585089
5812,-0.03244162
5813,0.1015307
5814,-0.20008297
5815,-0.19409946
5816,1.1799079
5817,0.56797814
5818,2.1874835
5819,0.11445499
5820,-0.4231751
5821,1.8321921
5822,-0.24593851
5823,-0.33220533
5824,-0.89553094
5825,-0.21286789
5826,0.31735653
5827,0.26127878
5828,0.107602455
5829,-0.38746932
5830,1.19744
5831,-0.09015912
5832,-0.5478739
5833,0.14623007
5834,0.8682173
5835,-0.2370017
5836,0.13415919
5837,-0.0032432643
5838,1.3470407
5839,1.7860805
5840,0.5513341
5841,-0.28926674
5842,-0.20560157
5843,-0.31356654
5844,-0.5270363
5845,0.43683168
5846,0.27177396
5847,-0.29198804
5848,0.8779691
5849,-1.1776159
5850,-0.7146704
5851,-0.24743709
5852,1.0897895
5853,-0.18196943
5854,0.21859638
5855,0.06703207
5856,0.103913985
5857,-0.29997414
5858,1.6929322
5859,0.8653226
5860,-0.5101592
5861,0.11750744
5862,-0.17266408
5863,0.5619309
5864,0.42152184
5865,0.10055794
5866,-0.13302132
5867,-0.23824513
5868,0.26421145
5869,0.64012504
5870,-0.060090646
5871,-0.28940085
5872,0.20278776
5873,0.22359067
5874,-0.29839775
5875,-0.19254895
5876,-0.35128996
5877,-1.1927301
5878,0.35980272
5879,-0.80724025
5880,-0.090595596
5881,1.076387
5882,-0.2782635
5883,0.28210825
5884,0.4367763
5885,0.09430977
5886,0.26172093
5887,0.7244665
5888,0.20207226
5889,0.037029386
5890,0.2345671
5891,0.71279114
5892,0.20274189
5893,-0.79451257
5894,0.202151
5895,-2.106091
5896,1.615238
5897,0.46192542
5898,0.2017935
5899,0.2201781
5900,0.7235636
5901,0.18558685
5902,0.35719192
5903,-0.19587141
5904,-0.46323264
5905,0.046329707
5906,0.4535858
5907,0.084196985
5908,-0.12950093
5909,0.46171588
5910,-0.6449448
5911,0.66625583
5912,-0.3264168
5913,-0.785977
5914,0.37280315
5915,-0.21804474
5916,0.27133843
5917,0.00059856445
5918,-0.036818437
5919,0.0887729
5920,-0.059358258
5921,0.088253476
5922,0.04413012
5923,0.37126485
5924,0.22648229
5925,-0.3543608
5926,0.40160823
5927,-0.6168294
5928,0.023629332
5929,0.23487987
5930,0.70779747
5931,0.4011638
5932,0.25240692
5933,-0.29874253
5934,-0.2632075
5935,1.504738
5936,0.11165904
5937,-0.058644824
5938,-0.14978996
5939,0.25873917
5940,-0.24014029
5941,0.16425095
5942,-0.013421917
5943,-0.35562316
5944,0.85892797
5945,0.09430164
5946,0.13815178
5947,-0.23288557
5948,0.56058645
5949,-0.633127
5950,-0.17207144
5951,0.44067794
5952,-0.0068617756
5953,-1.9715613
5954,0.57191133
5955,-0.85169226
5956,-0.86484516
5957,0.12575437
5958,0.010068735
5959,1.1712781
5960,-0.17529987
5961,0.12893745
5962,0.24355194
5963,-0.119546175
5964,0.16799334
5965,0.4790438
5966,0.327005
5967,-0.4036265
5968,-0.06534098
5969,-0.17718898
5970,1.4404118
5971,0.07837027
5972,1.0757664
5973,0.04972532
5974,0.2155822
5975,-0.030092757
5976,0.09372862
5977,0.0011085407
5978,-0.5934741
5979,-0.47758594
5980,-1.4997877
5981,0.29115206
5982,-1.1852355
5983,0.027645206
5984,0.26325586
5985,0.63531786
5986,-0.0850177
5987,-0.06650839
5988,0.09336311
5989,0.7395129
5990,0.19806883
5991,-0.8637959
5992,-0.07114682
5993,-0.60176885
5994,0.3374648
5995,-0.40404716
5996,-0.24285753
5997,-0.13824235
5998,0.9118057
5999,0.2290042
6000,-2.1888695
6001,0.1494071
6002,0.3698707
6003,1.3765376
6004,-0.5179505
6005,0.14043458
6006,-0.01970611
6007,-0.21508127
6008,0.10515726
6009,0.54443896
6010,0.80951166
6011,-0.045536965
6012,0.7212754
6013,0.1930054
6014,0.8401296
6015,0.17023715
6016,0.18199867
6017,-0.23130968
6018,-0.2655904
6019,1.5621693
6020,0.29389286
6021,-0.62817866
6022,-0.019401234
6023,1.0964812
6024,0.6174659
6025,0.005326199
6026,2.4605007
6027,0.34798044
6028,0.54592985
6029,0.12695569
6030,0.08192576
6031,-0.037994824
6032,0.13787426
6033,-0.21485507
6034,0.13611926
6035,-0.37088484
6036,0.055009276
6037,0.0692695
6038,2.1431975
6039,-0.39441976
6040,-0.47488147
6041,-0.7611105
6042,-0.323318
6043,0.23010105
6044,-0.0052827615
6045,0.15619762
6046,-0.030097745
6047,-0.29097426
6048,-0.07416447
6049,-0.40341675
6050,-0.5088126
6051,-0.52900845
6052,0.21792415
6053,0.16389956
6054,-0.11657284
6055,0.16767073
6056,0.244172
6057,-0.82956225
6058,0.33082816
6059,1.9042807
6060,0.3493796
6061,1.1421239
6062,-0.69547933
6063,0.006099494
6064,-0.91984093
6065,0.06055246
6066,1.8536735
6067,-1.6782464
6068,1.1492269
6069,-0.2554766
6070,-0.4480356
6071,0.087108664
6072,-0.44623786
6073,-0.18796575
6074,-0.9644086
6075,-0.28004625
6076,0.6059045
6077,-0.8491269
6078,0.90845215
6079,0.8618191
6080,0.6490414
6081,-0.11817703
6082,-0.3103815
6083,-0.349043
6084,0.01466956
6085,-0.5278968
6086,-0.2669707
6087,0.69684
6088,-1.05325
6089,2.7179506
6090,1.3362985
6091,-0.21068469
6092,-0.3267601
6093,-0.11743283
6094,-0.2430003
6095,0.4670013
6096,0.41271362
6097,-0.3267099
6098,0.100984655
6099,0.3433507
6100,0.34745127
6101,-0.42011008
6102,1.044469
6103,0.35191345
6104,-0.13265187
6105,-0.23660165
6106,0.18466926
6107,0.24951537
6108,-0.13360056
6109,-0.08761349
6110,-1.4521438
6111,0.71345866
6112,-0.21513607
6113,1.9388423
6114,-0.00015447498
6115,-0.028148528
6116,0.1050757
6117,0.010201631
6118,0.11141492
6119,-0.83635575
6120,0.51002955
6121,-0.27066812
6122,-0.22305305
6123,1.2305602
6124,1.4470044
6125,-0.086187206
6126,0.009304575
6127,-0.69650954
6128,0.04796579
6129,-0.09038452
6130,0.506339
6131,-0.13941026
6132,-0.5884497
6133,-0.026965829
6134,2.1738534
6135,-0.39609733
6136,0.08538489
6137,-0.4581898
6138,-0.07995761
6139,-0.118861705
6140,0.27280167
6141,-0.007101641
6142,-0.16881697
6143,-0.15938431
6144,-0.06595566
6145,-0.0030258766
6146,-1.217556
6147,0.30966732
6148,-0.25842547
6149,-0.27645722
6150,-0.48323873
6151,0.16392076
6152,-0.4399981
6153,0.70254236
6154,0.22813243
6155,0.7297511
6156,-0.8027149
6157,0.050512556
6158,1.2276947
6159,-0.4019747
6160,-0.09719176
6161,0.6548566
6162,-0.2816708
6163,-0.78003645
6164,0.16144687
6165,0.20696908
6166,0.76622325
6167,-0.35506117
6168,-0.5283999
6169,0.41350457
6170,-1.5784395
6171,0.09436433
6172,-0.08326372
6173,0.1288302
6174,0.47138268
6175,0.18574859
6176,-0.23508412
6177,0.80994004
6178,-0.2510634
6179,0.034377996
6180,0.34225148
6181,-1.0772138
6182,0.4913566
6183,-0.010120753
6184,0.42843294
6185,1.1499506
6186,-1.220279
6187,-0.0970204
6188,-0.14196362
6189,0.7911447
6190,-0.06339249
6191,-0.14630681
6192,-0.066416696
6193,0.7334464
6194,0.8569545
6195,-0.25688156
6196,0.29483122
6197,-0.16496894
6198,0.37214538
6199,0.1981318
6200,-0.12140326
6201,0.5851222
6202,0.08579287
6203,-0.9797955
6204,0.04454199
6205,-0.0002514282
6206,-0.5286646
6207,0.3781788
6208,0.8895392
6209,-0.16645458
6210,0.0700643
6211,0.31337288
6212,0.081726596
6213,0.26319575
6214,-1.0317595
6215,0.10030134
6216,0.43267176
6217,-0.35939953
6218,0.08577949
6219,-0.3632976
6220,0.25858793
6221,0.1945071
6222,-0.7450998
6223,0.06403592
6224,-0.22012046
6225,-0.29480436
6226,-0.2851286
6227,-0.22813886
6228,0.22022891
6229,-0.12663122
6230,-0.42027932
6231,0.2821882
6232,0.17774284
6233,0.7791111
6234,-0.9429952
6235,-0.21824308
6236,3.7266676
6237,0.3399671
6238,0.9166708
6239,0.38520503
6240,1.7316935
6241,-0.114259906
6242,0.3302614
6243,0.24787532
6244,0.11629174
6245,-0.64712536
6246,0.37947378
6247,-0.93967974
6248,0.10938637
6249,0.7998414
6250,-0.16473193
6251,-0.8386935
6252,-0.51995206
6253,-0.07144124
6254,0.26582578
6255,-2.0088694
6256,0.25476626
6257,-0.46312106
6258,0.5219289
6259,1.2479326
6260,0.36668223
6261,0.0877889
6262,-0.18134193
6263,0.27876636
6264,-1.3590559
6265,-0.10884615
6266,-0.17719021
6267,0.28164098
6268,-0.30320442
6269,-0.17535284
6270,-0.7289789
6271,0.07154047
6272,0.51903427
6273,1.2755023
6274,0.8868628
6275,0.08719095
6276,-0.117023095
6277,-0.45699695
6278,0.6160396
6279,-0.0320892
6280,-0.11214197
6281,1.323937
6282,-0.42528662
6283,1.3868766
6284,-0.36912298
6285,-1.0582392
6286,-0.26252046
6287,-0.26720384
6288,0.21297531
6289,-0.18590584
6290,0.28036186
6291,1.299944
6292,0.107907735
6293,-0.0926487
6294,1.1658157
6295,-0.046451047
6296,0.071918435
6297,-0.4169019
6298,0.1520287
6299,0.5085501
6300,-0.20659024
6301,-0.15672386
6302,0.19623844
6303,0.14346868
6304,1.6430959
6305,0.24482152
6306,0.35579118
6307,-0.078091234
6308,0.3882936
6309,0.0048083756
6310,0.04809645
6311,-0.3541287
6312,0.04586669
6313,-0.14806563
6314,1.3467393
6315,-0.3632592
6316,1.7160143
6317,-0.48369488
6318,0.888696
6319,-0.153818
6320,0.16180082
6321,0.071046956
6322,0.5705691
6323,0.37523985
6324,0.25482538
6325,-0.17210539
6326,-0.1175169
6327,-0.38714215
6328,0.56006896
6329,-0.14525585
6330,-0.40090618
6331,0.24242179
6332,0.12041904
6333,1.0935593
6334,0.6188873
6335,0.4853309
6336,0.17415656
6337,-0.22583413
6338,-0.08302816
6339,1.3223647
6340,0.24522968
6341,0.31135774
6342,0.8535891
6343,-0.07513759
6344,0.23284912
6345,0.6568046
6346,0.06503663
6347,-0.04907614
6348,-0.21430159
6349,0.6276194
6350,-0.18719944
6351,-0.1639676
6352,0.580419
6353,0.02185381
6354,0.006556138
6355,0.030392088
6356,2.2898736
6357,2.4970393
6358,0.24173324
6359,-0.1781654
6360,-0.57592624
6361,-1.3079414
6362,0.056444347
6363,0.3427361
6364,0.64637506
6365,0.85063297
6366,-0.4732046
6367,0.1714386
6368,0.2164835
6369,-0.24482669
6370,0.31583747
6371,0.641298
6372,-0.19809192
6373,0.5291308
6374,-0.31537494
6375,-0.23927289
6376,-0.18630911
6377,-0.10515413
6378,0.696958
6379,0.024248894
6380,-0.032785125
6381,-0.016638115
6382,0.4806162
6383,0.6482143
6384,0.037468776
6385,-0.7137519
6386,-0.22917278
6387,0.44637462
6388,0.59143823
6389,-0.9220413
6390,-0.29853553
6391,0.16310945
6392,0.29112285
6393,-0.26994985
6394,0.8987499
6395,-3.7869937e-05
6396,-1.0698353
6397,-0.4356164
6398,-0.16730873
6399,-0.52325267
6400,0.349955
6401,-0.28819782
6402,-0.49919832
6403,0.14952482
6404,0.387553
6405,0.64733565
6406,0.094535045
6407,0.44246298
6408,-0.5414202
6409,1.1783946
6410,0.071905866
6411,-0.19632456
6412,-0.6272258
6413,-0.039364245
6414,-0.23427863
6415,0.21176565
6416,-0.4263493
6417,0.101758376
6418,-0.703314
6419,0.37674305
6420,0.0769558
6421,-0.04663638
6422,-0.36506867
6423,-0.14492324
6424,0.2960536
6425,-0.46950302
6426,0.58576566
6427,-0.33155283
6428,-0.85920334
6429,0.061008792
6430,-0.09252698
6431,1.2529594
6432,0.2403005
6433,0.29753053
6434,-0.087194204
6435,-0.0034566277
6436,0.2005342
6437,-0.42255583
6438,-0.75307155
6439,-0.31226698
6440,1.41714
6441,-0.31234303
6442,0.9853806
6443,0.52173525
6444,-0.5793413
6445,0.20936291
6446,-0.40686944
6447,0.49480855
6448,0.40264064
6449,-0.17347781
6450,0.22705805
6451,0.597532
6452,-0.36881122
6453,-1.2247307
6454,-0.60205656
6455,0.42757836
6456,0.27130026
6457,0.28805363
6458,-0.1696142
6459,0.35402527
6460,0.3020697
6461,-0.1476314
6462,0.0644975
6463,-0.10906299
6464,0.12384013
6465,0.38140875
6466,-0.46386537
6467,-0.16135566
6468,1.2336226
6469,0.64443
6470,0.38252446
6471,-1.0988111
6472,0.53058976
6473,0.28547508
6474,-0.12473168
6475,0.2349295
6476,0.046933338
6477,0.10574099
6478,0.5160062
6479,0.17896381
6480,-0.0044605588
6481,0.46438602
6482,-0.11180815
6483,1.5125084
6484,0.26805928
6485,-0.44825518
6486,0.22690962
6487,-0.2246693
6488,-0.05733407
6489,-0.09712489
6490,0.06963333
6491,0.10994757
6492,0.04491186
6493,0.085994236
6494,-0.28136685
6495,-0.6356307
6496,0.06848299
6497,0.4690952
6498,0.30122745
6499,0.74837506
6500,-0.1607356
6501,1.1869901
6502,-0.20711604
6503,0.8748029
6504,-0.40749934
6505,-0.0565288
6506,1.4374143
6507,1.4613013
6508,-0.952284
6509,0.32855195
6510,-0.53964233
6511,-0.17576371
6512,-0.2927772
6513,-0.2366818
6514,0.6255165
6515,0.6643508
6516,-0.090647765
6517,0.1926832
6518,0.20459364
6519,-0.2596191
6520,-0.32167795
6521,-0.3952569
6522,0.60482645
6523,-0.415504
6524,-0.2619167
6525,-0.53404516
6526,-0.116879344
6527,0.84675455
6528,0.10216362
6529,1.5492619
6530,-0.54031855
6531,-1.156399
6532,1.6440133
6533,-0.3667419
6534,-0.17410664
6535,0.8895442
6536,-0.18226148
6537,0.028784554
6538,0.021278536
6539,1.017463
6540,1.700475
6541,0.25895357
6542,-0.36516386
6543,0.364357
6544,0.12697442
6545,-0.1415523
6546,2.202992
6547,2.1602664
6548,0.10908039
6549,-0.010049662
6550,-0.21902633
6551,0.1455163
6552,0.13031548
6553,-0.1995313
6554,0.13592479
6555,-0.07741477
6556,-0.29634103
6557,1.1916773
6558,0.067144774
6559,0.32213357
6560,0.30570263
6561,0.972605
6562,-0.18215385
6563,0.5468106
6564,1.2449161
6565,-0.39039397
6566,0.05008439
6567,-0.07798893
6568,0.15351771
6569,0.058437835
6570,-0.65622205
6571,-0.4549079
6572,0.04868857
6573,-0.041222908
6574,0.03093118
6575,0.16984688
6576,0.10488961
6577,0.37283418
6578,0.16440943
6579,0.9478226
6580,0.30042568
6581,0.17355919
6582,0.18924025
6583,0.21288522
6584,0.10505961
6585,-0.10574265
6586,-0.22787727
6587,0.12069837
6588,0.1816379
6589,0.029689647
6590,-0.32735175
6591,0.0448046
6592,-1.2699435
6593,-0.15432462
6594,-0.13974616
6595,0.314377
6596,0.15456231
6597,0.63666046
6598,0.21447264
6599,-0.16267295
6600,0.1295809
6601,-0.25747567
6602,1.5591525
6603,2.1968818
6604,-0.057782076
6605,0.15509057
6606,-0.12319089
6607,0.011558837
6608,-0.06824508
6609,-0.66855127
6610,0.22218943
6611,-0.06681812
6612,0.1547742
6613,-0.06665767
6614,-0.0040586246
6615,0.30484006
6616,-0.1775883
6617,0.13766849
6618,0.044833563
6619,0.03231954
6620,0.2671688
6621,0.61728024
6622,-0.045582674
6623,1.5150977
6624,-0.17111845
6625,-0.263461
6626,-0.28922635
6627,0.69865906
6628,0.048091546
6629,-0.18501258
6630,0.05025283
6631,-0.012020796
6632,0.008990164
6633,0.9812156
6634,0.04500201
6635,0.2597697
6636,0.003389531
6637,-0.06482309
6638,0.06341575
6639,0.62404305
6640,0.124997325
6641,-0.20176078
6642,-0.49990052
6643,1.2442908
6644,1.3892741
6645,1.0703068
6646,0.14508486
6647,-0.2956347
6648,0.037208244
6649,-0.19531567
6650,1.8811316
6651,0.18740991
6652,-0.21309029
6653,0.20450331
6654,-0.8751146
6655,-0.3862232
6656,0.2695583
6657,-0.08019435
6658,1.7685912
6659,1.4263964
6660,-0.21043098
6661,-0.06622937
6662,-0.2709979
6663,0.3812953
6664,-0.16859736
6665,-0.23087256
6666,-0.4132205
6667,-0.52780586
6668,-0.72338444
6669,1.0182014
6670,-0.042308033
6671,0.04101174
6672,0.13452205
6673,-0.18152352
6674,-0.37792113
6675,3.7790701
6676,0.4135248
6677,0.43203014
6678,0.6861418
6679,-0.41023976
6680,0.14825599
6681,-0.29529685
6682,-0.20951691
6683,-0.28610846
6684,0.15971969
6685,0.17548361
6686,0.31013885
6687,0.9427736
6688,-0.115592785
6689,-0.96642834
6690,0.1015176
6691,0.07374328
6692,0.64279044
6693,-0.11640192
6694,0.5004099
6695,-0.7048677
6696,0.27093318
6697,0.9465612
6698,0.42689803
6699,0.15004133
6700,1.4426612
6701,0.8637492
6702,-0.3550206
6703,0.68092597
6704,-0.7715337
6705,-0.22203486
6706,-0.30936354
6707,-0.09373633
6708,1.2813838
6709,-0.0996669
6710,0.40347114
6711,-0.025733326
6712,-0.55005014
6713,0.22359574
6714,-0.099771984
6715,0.052165933
6716,-0.5004102
6717,-0.00042188863
6718,0.023832932
6719,-0.35331532
6720,0.055076506
6721,-0.41357034
6722,0.20092498
6723,0.020886406
6724,-0.05802779
6725,-0.17000873
6726,-0.18297774
6727,0.45125982
6728,-0.37846908
6729,-0.23579343
6730,0.87080216
6731,0.4912787
6732,-0.47140542
6733,0.0007282494
6734,-0.017595742
6735,0.10444184
6736,-0.4200193
6737,0.42530078
6738,0.004790042
6739,0.33889824
6740,0.11736059
6741,-0.27067468
6742,1.6814779
6743,-0.39907607
6744,-0.7090128
6745,0.005320808
6746,-0.74842966
6747,1.878329
6748,0.26678836
6749,0.5871572
6750,0.032272674
6751,-0.41754466
6752,-0.019603495
6753,0.3726992
6754,0.1314695
6755,-0.7010724
6756,-0.08470412
6757,1.237524
6758,-0.36378008
6759,0.23184033
6760,0.12867768
6761,0.825089
6762,0.015341124
6763,-0.1298934
6764,0.15678395
6765,-0.39437407
6766,0.95710224
6767,0.71878487
6768,0.1616814
6769,0.30077237
6770,1.5396173
6771,0.26022512
6772,-0.10789918
6773,0.58778954
6774,0.25506458
6775,0.119389415
6776,0.028033085
6777,-0.08026078
6778,4.239632
6779,0.1725441
6780,-0.15365572
6781,-0.10979846
6782,0.36781323
6783,0.35367244
6784,0.15964158
6785,0.077176705
6786,2.1786914
6787,-0.25178188
6788,-0.24215998
6789,0.5763068
6790,-0.2663159
6791,0.37753317
6792,-0.5856704
6793,0.30488598
6794,0.044961162
6795,-0.00611595
6796,-0.52708143
6797,0.50325036
6798,-0.38502297
6799,-0.005055627
6800,-0.09261407
6801,0.2828593
6802,-0.147418
6803,0.3209705
6804,-0.86856943
6805,0.20703702
6806,0.14507943
6807,0.015279914
6808,-0.16632828
6809,-0.05877101
6810,0.33769193
6811,-0.025994694
6812,1.4539026
6813,-0.052639466
6814,-0.30753535
6815,1.2906601
6816,1.0878432
6817,-0.09667157
6818,0.15802753
6819,-0.23558135
6820,-0.07323898
6821,0.55661446
6822,-0.0330077
6823,0.1605382
6824,1.6981033
6825,0.94629145
6826,0.17035368
6827,0.27467015
6828,0.14355254
6829,-0.6340775
6830,-0.24764387
6831,0.11752945
6832,0.18206404
6833,0.15351285
6834,0.15484326
6835,2.0400674
6836,0.30710018
6837,-0.18482076
6838,0.08648158
6839,0.018578585
6840,0.16344881
6841,-0.16213349
6842,0.16797397
6843,0.31036058
6844,0.07904334
6845,0.0991521
6846,-0.07950912
6847,0.08444447
6848,-0.5755272
6849,-0.65776634
6850,-0.041452337
6851,-0.055146966
6852,0.045945294
6853,-0.0765301
6854,0.46559408
6855,0.3201818
6856,0.69126564
6857,-0.85471195
6858,0.032513645
6859,-1.415543
6860,0.34151068
6861,0.39238796
6862,0.0014507514
6863,-0.32898337
6864,-0.14856315
6865,-2.1211624
6866,1.0126898
6867,-0.04375288
6868,0.25007418
6869,-0.11479705
6870,-0.20767674
6871,1.5122125
6872,1.3623408
6873,-0.44307137
6874,-0.32957876
6875,-0.20348516
6876,-0.52285796
6877,0.009639038
6878,-0.2183486
6879,-0.43297353
6880,-0.3836535
6881,0.06185836
6882,0.38309735
6883,-0.21965432
6884,-0.1872346
6885,-0.64951396
6886,-0.51371694
6887,0.9046634
6888,0.07380973
6889,-0.113418244
6890,-0.008384188
6891,0.1338343
6892,-0.046316978
6893,0.11606075
6894,0.22341697
6895,0.12066747
6896,-1.4766093
6897,0.26808336
6898,-0.08308735
6899,1.1637425
6900,0.11196265
6901,-0.28645998
6902,0.68338084
6903,-0.47871715
6904,-0.57569486
6905,-0.009198436
6906,-0.011186506
6907,-0.13258243
6908,0.94953775
6909,0.010030095
6910,-0.1753854
6911,-0.14717257
6912,-0.36950228
6913,0.7342217
6914,0.09170379
6915,0.17545038
6916,0.83169067
6917,0.46783167
6918,0.33166924
6919,-0.35688135
6920,-0.20164253
6921,-0.35172704
6922,0.24821827
6923,0.28511712
6924,0.3348919
6925,1.1820328
6926,-0.18459347
6927,-1.2122371
6928,0.2420289
6929,-0.38430214
6930,-0.5689082
6931,0.0714437
6932,0.10887469
6933,0.3441429
6934,-0.002085779
6935,-0.19965446
6936,-0.13242893
6937,-1.1144106
6938,0.814989
6939,-0.023070684
6940,-0.008608749
6941,1.1140723
6942,-0.08108901
6943,-0.60666406
6944,-0.103945866
6945,-0.17090228
6946,0.2098261
6947,-0.086268835
6948,0.10921893
6949,1.0221827
6950,-0.12395361
6951,-0.103689365
6952,0.22602017
6953,-1.2108406
6954,-0.10420286
6955,0.25709513
6956,-1.1375763
6957,-0.33411965
6958,-0.09680429
6959,0.38018113
6960,0.016446112
6961,-0.30317608
6962,0.067261375
6963,0.12586759
6964,0.081978105
6965,-0.3675164
6966,-0.32947156
6967,-0.5018411
6968,-0.6071176
6969,-0.10863597
6970,-0.4327259
6971,1.4474705
6972,-0.22991444
6973,0.3367081
6974,0.5203676
6975,-0.1452094
6976,-0.018919934
6977,0.54796284
6978,0.06360081
6979,0.14432196
6980,-0.47368738
6981,-0.000925251
6982,-0.39450338
6983,-0.33050817
6984,0.014623291
6985,0.83291686
6986,-0.26237497
6987,-0.12517983
6988,0.004737795
6989,-0.43650082
6990,0.7664454
6991,0.9844576
6992,-0.6770372
6993,0.16097733
6994,1.3913672
6995,0.09737654
6996,0.20894434
6997,0.33264524
6998,1.6357322
6999,0.021537047
7000,0.29035094
7001,0.88910013
7002,0.3557361
7003,0.11020679
7004,0.24849205
7005,0.25086746
7006,0.32750592
7007,-0.19782408
7008,0.13049924
7009,0.73840404
7010,-0.023977613
7011,-0.2943084
7012,0.0019125334
7013,0.335034
7014,-0.01953748
7015,-0.19744794
7016,0.93236035
7017,-0.0729524
7018,0.25022274
7019,0.02851653
7020,0.04291723
7021,0.102717265
7022,-0.029978886
7023,-0.47203884
7024,-0.43499458
7025,0.14883053
7026,0.26909646
7027,-0.2562663
7028,0.07440961
7029,-0.08680219
7030,0.49131113
7031,-0.3199651
7032,-0.4551244
7033,0.47058237
7034,-0.012667529
7035,-0.392631
7036,0.22827594
7037,0.6178001
7038,2.020757
7039,-0.4002361
7040,-0.018301105
7041,0.18744014
7042,0.6014948
7043,-1.167834
7044,0.25383455
7045,0.009533439
7046,0.25162604
7047,-0.61307794
7048,-0.18990017
7049,-0.82148004
7050,0.4941585
7051,-0.22962008
7052,0.011279465
7053,0.53241235
7054,-0.1141247
7055,0.14064193
7056,0.4422321
7057,-0.5793937
7058,0.368497
7059,0.34257558
7060,0.09138509
7061,0.21327761
7062,0.34797737
7063,-0.011575176
7064,-0.03294436
7065,0.29235044
7066,-0.12854436
7067,-0.10523272
7068,-0.46079913
7069,-0.09550225
7070,-0.22775382
7071,0.31962007
7072,-0.3658926
7073,0.048731603
7074,1.440393
7075,-0.48253763
7076,0.34476373
7077,0.16048668
7078,-0.646149
7079,-0.20859475
7080,-0.41566846
7081,0.9025168
7082,0.464035
7083,-0.2752458
7084,0.076214895
7085,0.092461295
7086,0.789328
7087,-0.3369189
7088,0.29042062
7089,-0.1739174
7090,-0.2276492
7091,0.11407642
7092,-0.2658911
7093,1.9491471
7094,0.21670964
7095,-0.18497692
7096,-0.08464742
7097,-0.3693545
7098,1.0045781
7099,0.09406547
7100,-0.08245396
7101,0.08393296
7102,-0.11319429
7103,0.19955185
7104,0.2996642
7105,0.040730566
7106,-0.056674544
7107,-0.15828359
7108,0.15982205
7109,0.054107893
7110,-0.032653175
7111,-0.48790425
7112,0.41956055
7113,0.17429571
7114,0.067551605
7115,2.565056
7116,1.2110889
7117,0.04415648
7118,-0.04825535
7119,0.47175258
7120,0.026016673
7121,1.3157852
7122,-0.122289814
7123,-0.25488362
7124,-0.33443582
7125,-0.47548485
7126,0.0034278303
7127,0.46573883
7128,-0.10131634
7129,-0.7747158
7130,0.019389985
7131,-0.16267446
7132,-0.17514561
7133,-2.069324
7134,-0.27748376
7135,0.13416816
7136,1.1619551
7137,1.821086
7138,0.48277575
7139,-0.4509469
7140,-0.36357936
7141,0.1909608
7142,0.9321832
7143,-1.2589011
7144,-0.29781714
7145,-0.63656396
7146,0.6791162
7147,-0.1281761
7148,-0.06457156
7149,-0.6285233
7150,-0.931329
7151,0.69880223
7152,0.59787184
7153,-0.24617557
7154,-0.04961568
7155,0.35624412
7156,-0.49963582
7157,0.28556266
7158,-0.6055113
7159,0.1698543
7160,0.51880467
7161,0.26755172
7162,0.20562737
7163,-0.11607648
7164,0.3167163
7165,-0.639772
7166,-0.25720477
7167,0.26333788
7168,-0.20318545
7169,-0.17003451
7170,0.17876221
7171,-0.19164574
7172,-0.27074006
7173,0.62658364
7174,0.247765
7175,0.8424022
7176,0.21007259
7177,0.034790985
7178,0.6473662
7179,0.4836623
7180,0.23473966
7181,0.21628322
7182,-0.01740663
7183,0.10045984
7184,0.4391912
7185,0.50214773
7186,0.6760919
7187,-0.5679898
7188,0.84395665
7189,0.6817722
7190,0.8185913
7191,-0.3849595
7192,0.21021044
7193,-0.45292494
7194,-0.005935519
7195,0.115413085
7196,0.7002881
7197,-0.19148707
7198,0.10624983
7199,-0.27621984
7200,0.17886926
7201,0.004706848
7202,-0.10184999
7203,0.123715736
7204,-0.21886899
7205,0.46059352
7206,0.06645764
7207,-0.7761252
7208,-0.10686315
7209,-0.96719646
7210,-0.5834829
7211,0.28906584
7212,0.039403684
7213,-0.1526061
7214,-0.24019697
7215,-0.23222896
7216,-0.066259444
7217,-0.021069128
7218,-0.17717957
7219,-0.2698338
7220,0.054276235
7221,0.21952477
7222,0.34114352
7223,-0.11994516
7224,0.28827798
7225,0.7853819
7226,-0.12600459
7227,-0.15829219
7228,1.261188
7229,0.39056188
7230,-0.4690321
7231,0.19584912
7232,-0.5551713
7233,0.9212185
7234,-0.13710083
7235,1.1699979
7236,0.6771861
7237,0.2985471
7238,1.9215466
7239,-0.41138002
7240,0.40426114
7241,-0.4131108
7242,-1.2438761
7243,1.3656139
7244,-0.22403462
7245,-0.03700364
7246,-0.32315728
7247,0.9698637
7248,-0.20429686
7249,-1.0838227
7250,-0.5728263
7251,-0.247724
7252,0.07554206
7253,0.3511089
7254,0.07865481
7255,0.06653711
7256,-0.19121702
7257,-1.4800127
7258,1.2854418
7259,0.15481962
7260,-0.081307866
7261,0.28674844
7262,0.71380794
7263,-0.23053384
7264,-0.029655995
7265,-0.123373285
7266,0.14031741
7267,-0.080199055
7268,-0.9356362
7269,0.5412785
7270,0.31154215
7271,-0.04896299
7272,0.06865286
7273,-0.045122936
7274,1.1343473
7275,-0.32657975
7276,0.07264266
7277,-0.045353193
7278,0.32358652
7279,1.339949
7280,0.85220915
7281,-0.051303618
7282,0.49388495
7283,0.17628476
7284,1.4521391
7285,0.06293791
7286,0.04280485
7287,0.17286569
7288,-0.0021257715
7289,-1.1775892
7290,0.9990922
7291,0.12177635
7292,-0.33260593
7293,0.018316384
7294,0.058348592
7295,-0.2491454
7296,-0.66332275
7297,0.0843555
7298,-0.4798806
7299,0.42590234
7300,0.2628469
7301,0.35810822
7302,0.35755995
7303,0.25633633
7304,-0.06587496
7305,0.24146235
7306,0.077481985
7307,-0.16431642
7308,-0.07566193
7309,0.32627407
7310,-0.0066842684
7311,0.31676897
7312,0.44213116
7313,0.10947978
7314,0.9535375
7315,-0.07503044
7316,0.34998316
7317,1.1141245
7318,0.042631432
7319,-0.09142485
7320,-0.1426406
7321,-0.090606496
7322,-0.18046053
7323,0.024459032
7324,2.1990497
7325,-0.29641688
7326,-0.011995721
7327,-0.5208255
7328,-0.6722057
7329,-0.29111552
7330,-0.14373189
7331,0.038090218
7332,1.246357
7333,-0.1723632
7334,-0.21182479
7335,-2.0275633
7336,-0.35915202
7337,0.5057306
7338,0.20608324
7339,-0.4045717
7340,0.38575876
7341,0.32838947
7342,-0.47401035
7343,0.67896485
7344,0.28672984
7345,-0.2968313
7346,0.081715405
7347,-0.20326854
7348,-0.49090064
7349,0.95985824
7350,-0.03577016
7351,-0.77358437
7352,-0.24222033
7353,-0.005918639
7354,-0.06918824
7355,-0.14607412
7356,0.051947437
7357,0.13638507
7358,-0.01371894
7359,-0.22077337
7360,-0.10604123
7361,-0.054960024
7362,2.302189
7363,-0.22872259
7364,-0.02980554
7365,-0.217466
7366,-0.060930025
7367,0.3868895
7368,0.05728456
7369,0.18108128
7370,0.43011796
7371,-0.09996911
7372,0.20180956
7373,-0.19512789
7374,2.1525261
7375,0.64133847
7376,0.15501624
7377,-0.27168632
7378,-0.36893013
7379,0.10734404
7380,-0.33342364
7381,0.7134801
7382,1.8254462
7383,0.10597763
7384,-0.37490126
7385,0.6440009
7386,-0.82833
7387,-0.121175565
7388,-0.102344014
7389,0.77621865
7390,0.18677646
7391,-0.14165601
7392,1.0693772
7393,-0.28874758
7394,-0.39810127
7395,-0.13273983
7396,-0.102794975
7397,-0.74560755
7398,0.47640052
7399,0.05291716
7400,0.404435
7401,-0.25537464
7402,0.19959082
7403,1.4694891
7404,-0.058306847
7405,0.20521851
7406,0.045635886
7407,1.2242651
7408,-0.10994132
7409,-0.32496595
7410,0.06585395
7411,0.1580822
7412,-0.2058837
7413,0.124365225
7414,-0.1295337
7415,1.9648608
7416,-0.27709544
7417,-0.5654326
7418,0.17639138
7419,-0.07420667
7420,-0.0265204
7421,-0.2768142
7422,-0.37843597
7423,0.59025705
7424,0.8892985
7425,0.627459
7426,0.14875287
7427,0.061482485
7428,-0.069912836
7429,0.009841557
7430,-0.07209043
7431,1.1222371
7432,1.4376214
7433,0.18998222
7434,1.4309485
7435,0.21131465
7436,-0.31063
7437,0.74413306
7438,0.2221191
7439,0.21401855
7440,-0.37777537
7441,0.05758939
7442,-0.586242
7443,0.48176917
7444,-0.037299715
7445,-0.27340028
7446,0.13125083
7447,0.3440742
7448,2.6704535
7449,-0.08052712
7450,0.13764594
7451,0.47447428
7452,-0.08313044
7453,0.74105835
7454,-0.9729029
7455,0.67045707
7456,0.17328149
7457,0.12828583
7458,1.6735591
7459,-0.048543777
7460,-0.11922256
7461,-0.14744937
7462,-0.011752267
7463,1.0007154
7464,1.812305
7465,0.6230659
7466,0.60363454
7467,-0.25337484
7468,-0.19929852
7469,0.13190521
7470,0.06155728
7471,-0.4298278
7472,0.53186697
7473,0.5050762
7474,0.012056028
7475,2.155538
7476,-0.18667772
7477,0.11834934
7478,0.19038762
7479,0.09749041
7480,-0.19844614
7481,0.6889617
7482,0.2277905
7483,-0.20799041
7484,0.07551752
7485,0.10470098
7486,0.827197
7487,-0.45940822
7488,-0.11298976
7489,1.239826
7490,-0.037850477
7491,0.07486806
7492,2.449707
7493,0.102085635
7494,-0.14469154
7495,-0.28764912
7496,-0.23027125
7497,-0.52272624
7498,0.0032846997
7499,-0.05602271
7500,0.68791896
7501,0.1718593
7502,1.8579985
7503,-0.21446252
7504,0.28140396
7505,0.08624915
7506,0.07926915
7507,-0.0631479
7508,1.303301
7509,0.38032633
7510,-0.034524374
7511,0.09880994
7512,-2.0041063
7513,0.15203492
7514,-0.4172311
7515,-0.74052256
7516,0.018419014
7517,0.15799811
7518,0.19574574
7519,0.3498199
7520,-0.066041976
7521,-0.23702762
7522,-0.031362284
7523,-0.3317224
7524,-0.02844938
7525,-0.49901432
7526,-0.46900234
7527,-0.03614825
7528,2.3230996
7529,-0.1376565
7530,0.14221385
7531,0.4553177
7532,0.30461016
7533,-0.25106382
7534,-0.0842234
7535,0.23440823
7536,0.19193543
7537,0.10588336
7538,0.073438205
7539,0.3600858
7540,-0.032149527
7541,0.051389992
7542,0.051156957
7543,0.569809
7544,0.023493294
7545,0.043972608
7546,0.42384222
7547,0.061776202
7548,0.49245474
7549,0.32850274
7550,2.0778162
7551,0.7610297
7552,-0.32274464
7553,0.0564374
7554,-0.5386183
7555,0.20293912
7556,0.12167685
7557,0.00466371
7558,0.1546421
7559,2.2138834
7560,-0.0048512574
7561,0.14548768
7562,0.3447931
7563,-1.1132334
7564,-0.14571302
7565,1.2751888
7566,0.03506547
7567,0.85098827
7568,-0.2663384
7569,0.20085332
7570,1.1692259
7571,0.36737233
7572,-0.037102424
7573,1.6016572
7574,-0.06893389
7575,-0.3720369
7576,0.013360472
7577,0.43348613
7578,-0.86814487
7579,-0.34238747
7580,0.12575915
7581,0.8733964
7582,0.049344618
7583,1.6558455
7584,0.91879076
7585,-0.022138517
7586,-0.47733796
7587,-0.11908231
7588,-0.62409526
7589,0.31334567
7590,-0.12776001
7591,-0.046088457
7592,-0.11182934
7593,-0.30795014
7594,0.30048326
7595,-0.18001108
7596,-1.1188453
7597,-0.17534113
7598,0.38727123
7599,0.23726927
7600,1.4826536
7601,-0.5756141
7602,-0.0744321
7603,0.53116935
7604,-0.24140365
7605,-0.04594997
7606,-0.17871311
7607,0.30876276
7608,-0.4259307
7609,-0.13806973
7610,0.22731669
7611,-0.117390454
7612,-0.12635037
7613,0.26061347
7614,1.0226697
7615,1.9542946
7616,0.45344326
7617,0.51841193
7618,1.4746974
7619,-0.17272642
7620,0.37037724
7621,0.59151137
7622,0.14933616
7623,0.047012772
7624,1.2578597
7625,-0.53216743
7626,0.044846877
7627,2.1436448
7628,0.034746014
7629,-0.51070297
7630,0.20788458
7631,-0.1661888
7632,1.8592188
7633,0.5670772
7634,0.38650054
7635,-0.048340134
7636,-0.418893
7637,-0.6356863
7638,0.23619637
7639,1.3404855
7640,-0.25197718
7641,-0.59426427
7642,0.0062145223
7643,1.2995216
7644,-0.4900576
7645,0.045014672
7646,0.15322065
7647,0.9315841
7648,-0.22803913
7649,-0.10589632
7650,-0.40149435
7651,2.002196
7652,-0.39315796
7653,-0.20993218
7654,-0.09897008
7655,0.35170457
7656,-1.4218669
7657,0.43720323
7658,0.15719976
7659,-0.2510662
7660,-0.02594279
7661,0.32557738
7662,-0.13387667
7663,-0.68921983
7664,0.3494084
7665,1.0657581
7666,0.0846789
7667,-0.22802703
7668,0.2828059
7669,-0.48082215
7670,0.3569437
7671,-0.61247426
7672,-0.2381883
7673,-0.31035492
7674,-0.24441867
7675,0.533687
7676,0.1310679
7677,0.091304116
7678,-0.16997306
7679,0.35184434
7680,0.34802628
7681,0.026902353
7682,0.19087715
7683,0.505505
7684,0.22222334
7685,-0.5940698
7686,0.5978764
7687,-0.030714855
7688,-0.10290718
7689,0.30937624
7690,-0.13084096
7691,0.050002016
7692,0.17518887
7693,-0.09526838
7694,0.692879
7695,1.3702121
7696,0.18824738
7697,0.12373664
7698,-0.63613546
7699,-0.4266511
7700,0.32175556
7701,-0.32933503
7702,0.19450022
7703,-0.5426539
7704,0.12702091
7705,1.7282883
7706,-0.48937964
7707,0.31929904
7708,-0.17507972
7709,-0.04191914
7710,-0.21797976
7711,-0.28830996
7712,0.40484175
7713,0.19145642
7714,0.23366001
7715,-0.14035425
7716,-0.24043009
7717,-0.3762263
7718,-0.13873845
7719,-0.2681838
7720,-0.54131365
7721,0.30769897
7722,1.1326307
7723,1.0025051
7724,-0.35455352
7725,1.2082857
7726,-0.42536274
7727,-0.5830256
7728,-0.36317495
7729,0.4748424
7730,0.21864453
7731,-0.31757692
7732,0.31834066
7733,0.15995727
7734,0.040890504
7735,-0.057015207
7736,1.1160566
7737,0.066376165
7738,0.90137583
7739,-0.3420952
7740,-0.71358776
7741,0.15928368
7742,0.09317801
7743,-0.13417818
7744,-0.15551844
7745,-0.3399182
7746,0.06991601
7747,-0.11882142
7748,0.081666365
7749,0.012013244
7750,-0.17673875
7751,-0.3793384
7752,0.0017471617
7753,1.2469317
7754,-0.009398504
7755,0.10675776
7756,0.16750076
7757,-0.5760184
7758,-0.25055078
7759,-0.4109824
7760,0.38392094
7761,0.795945
7762,-0.14464885
7763,0.1299296
7764,-0.2430001
7765,-1.198772
7766,3.3527129
7767,0.42014307
7768,0.07830953
7769,1.2597032
7770,0.18260057
7771,-0.4611829
7772,0.15600951
7773,1.0735255
7774,-0.027436443
7775,-0.25007433
7776,-0.3032495
7777,1.554207
7778,-0.44693312
7779,0.41155565
7780,1.2390603
7781,0.26316485
7782,-0.012417344
7783,-0.15922537
7784,-0.41442513
7785,-0.25895518
7786,-0.13289344
7787,0.1532029
7788,0.23263909
7789,-0.80638665
7790,-0.13159193
7791,-0.45779935
7792,2.1065063
7793,0.048698697
7794,0.41793048
7795,0.15771884
7796,-0.17063333
7797,-0.10551532
7798,0.97343886
7799,-0.32432616
7800,0.10045639
7801,0.26171687
7802,0.12430078
7803,1.8797257
7804,0.45009515
7805,0.13872334
7806,0.23169078
7807,-0.39415026
7808,0.030007696
7809,-0.14340201
7810,-0.092039436
7811,-0.24541852
7812,0.010303691
7813,1.5995828
7814,-0.023609288
7815,0.7411778
7816,0.3413192
7817,-0.8768285
7818,0.12464288
7819,-0.47419804
7820,-0.21495768
7821,0.17671442
7822,0.13797295
7823,-0.6506912
7824,0.0705175
7825,0.4791303
7826,0.38418964
7827,0.06779218
7828,0.09968055
7829,1.132449
7830,-0.013940544
7831,0.16162883
7832,0.347209
7833,-0.24485666
7834,-0.30871892
7835,0.055672415
7836,-0.73611045
7837,-0.3051413
7838,-0.4730666
7839,0.10598336
7840,0.9380977
7841,0.0533587
7842,0.24626572
7843,-0.043149553
7844,0.96443754
7845,-0.17427193
7846,-0.39193574
7847,0.14082529
7848,0.20375812
7849,0.19456178
7850,1.6753856
7851,-0.45861596
7852,0.013798019
7853,0.21168606
7854,1.1927942
7855,-0.14967448
7856,0.025308348
7857,0.20186436
7858,0.029907225
7859,-0.17946117
7860,-0.0020312683
7861,0.93931925
7862,0.26637024
7863,0.29095817
7864,0.07808399
7865,0.5028403
7866,-0.3885586
7867,0.4635765
7868,-0.3025764
7869,0.071363084
7870,0.300748
7871,0.2690704
7872,-0.2629193
7873,-0.9062913
7874,0.19302557
7875,0.14931753
7876,-0.21146262
7877,-0.31055254
7878,-0.028629106
7879,-0.34337884
7880,-0.53706986
7881,0.3812369
7882,-0.14534906
7883,-1.4676527
7884,-0.2721844
7885,0.4913203
7886,0.021675332
7887,-0.28426623
7888,0.11800117
7889,-1.3902178
7890,-0.44266292
7891,0.15395114
7892,-0.4496841
7893,-0.20377092
7894,-0.2557356
7895,0.19068731
7896,-0.99613726
7897,-0.0941379
7898,0.27117243
7899,-0.24528019
7900,-0.19930638
7901,0.48517087
7902,0.11023435
7903,-0.0347637
7904,-0.030288437
7905,-0.51256895
7906,0.0040642694
7907,-0.08218421
7908,-0.4770591
7909,-0.2699366
7910,0.10834547
7911,-0.3197308
7912,-0.19500141
7913,1.9144424
7914,0.14669542
7915,-0.42896044
7916,2.1863136
7917,-0.60590124
7918,0.18167779
7919,-0.090889476
7920,0.25488403
7921,-0.019438202
7922,-0.3360876
7923,0.8189907
7924,0.39529228
7925,-0.21470731
7926,-0.21589611
7927,-0.26377591
7928,0.4392041
7929,0.42898673
7930,-0.026113156
7931,-0.05279097
7932,-0.094416104
7933,-0.60010546
7934,0.43243748
7935,-0.31935844
7936,0.02926418
7937,1.5163966
7938,0.54665303
7939,0.34387434
7940,-0.29071397
7941,0.31299296
7942,1.0057627
7943,-0.55976486
7944,-0.25838718
7945,-0.27897963
7946,0.050047524
7947,-0.11086286
7948,-0.7003512
7949,-0.015553503
7950,0.028041104
7951,0.058697835
7952,0.17452905
7953,-0.2233649
7954,0.034814827
7955,0.6282319
7956,0.6892549
7957,-0.37891677
7958,0.07609508
7959,0.41170704
7960,0.51683897
7961,-0.16385849
7962,0.48953912
7963,0.54428464
7964,0.11264957
7965,0.047688447
7966,-1.2163208
7967,-2.090668
7968,-0.25737953
7969,-0.33014542
7970,0.03983524
7971,1.1563656
7972,-0.41822964
7973,-0.13595541
7974,0.17446777
7975,1.0482241
7976,0.8579485
7977,-0.0789643
7978,-0.32520157
7979,1.0653452
7980,-3.387838
7981,-0.28310937
7982,-0.51424253
7983,0.4614288
7984,-0.60594857
7985,-0.6403161
7986,1.5849206
7987,0.15295258
7988,0.39829823
7989,0.20477697
7990,1.1762247
7991,0.2564926
7992,-0.07275268
7993,-0.4663777
7994,-0.046318363
7995,-0.54550135
7996,-0.1490935
7997,0.43792617
7998,0.3819763
7999,-0.5941376
8000,-0.2956297
8001,-0.922616
8002,-0.7985138
8003,-0.3344731
8004,0.4901798
8005,0.9080725
8006,-0.27305967
8007,-0.076941274
8008,1.6533903
8009,-0.64567196
8010,-0.15857589
8011,0.37796587
8012,0.22668485
8013,-0.003502294
8014,-0.069232054
8015,0.2755141
8016,0.13522312
8017,-0.060104378
8018,0.5366554
8019,0.4695412
8020,0.28521386
8021,0.17265397
8022,-0.65257615
8023,0.873783
8024,-0.20192188
8025,0.48566315
8026,0.2368867
8027,-0.6565048
8028,-0.11059933
8029,-1.2570369
8030,0.35764253
8031,0.020891989
8032,-0.20622516
8033,-0.33872893
8034,0.41407967
8035,0.3511657
8036,-0.31753495
8037,0.42101294
8038,0.20395492
8039,0.1941893
8040,0.6673802
8041,-0.27225995
8042,0.64469755
8043,-0.021163128
8044,0.25983512
8045,0.4070617
8046,-0.9391773
8047,1.489393
8048,0.39734313
8049,0.2970029
8050,0.8945315
8051,0.42236245
8052,-0.06257481
8053,-0.09437978
8054,-0.19870059
8055,-0.20472164
8056,-0.17978725
8057,-0.1991995
8058,0.3492409
8059,0.33463496
8060,-1.7698724
8061,-0.45853916
8062,-0.31699988
8063,0.42443037
8064,-0.113779545
8065,-0.14147754
8066,-0.20783682
8067,0.32887146
8068,1.4863577
8069,-0.06583139
8070,0.34533042
8071,-0.030172173
8072,0.14897373
8073,-0.17752422
8074,-0.092607066
8075,0.43381745
8076,-0.119776666
8077,-0.8486632
8078,-0.2716326
8079,0.80599344
8080,0.28676257
8081,0.64882696
8082,-0.6408896
8083,0.18964332
8084,-0.27928635
8085,0.37654188
8086,-0.305581
8087,0.1554117
8088,-1.9231521
8089,-0.55010134
8090,0.29471636
8091,0.6377401
8092,0.4618392
8093,0.051246215
8094,-1.315398
8095,-0.41646466
8096,-0.17013346
8097,0.05209768
8098,0.041745383
8099,0.59164476
8100,1.1367285
8101,-0.16106124
8102,0.23272413
8103,0.14599112
8104,0.8604456
8105,-0.013588711
8106,-0.06930386
8107,0.09839121
8108,0.41968802
8109,0.9814288
8110,0.09225012
8111,-0.36801532
8112,0.731814
8113,0.3086467
8114,-0.24683657
8115,1.3433965
8116,-0.19160295
8117,0.7055228
8118,-0.16773859
8119,-0.40415317
8120,-0.00994747
8121,0.6608051
8122,-0.9078744
8123,0.14388375
8124,-0.26531804
8125,0.04812026
8126,-0.14825852
8127,-0.10294352
8128,0.85351706
8129,0.17630023
8130,0.39291385
8131,0.28351694
8132,0.20466416
8133,1.498872
8134,-0.3013848
8135,0.14294985
8136,-0.0068128305
8137,0.22058572
8138,0.3397312
8139,0.10968336
8140,0.014489392
8141,0.30481333
8142,0.17086641
8143,0.3046808
8144,0.060447086
8145,0.30793706
8146,0.10249445
8147,-0.64548343
8148,0.06229741
8149,2.263521
8150,-0.09938047
8151,-0.26159513
8152,0.26201203
8153,0.11911684
8154,-0.19565363
8155,0.5233509
8156,-1.4250953
8157,-0.49934688
8158,-0.49091452
8159,1.4493468
8160,0.31179962
8161,-0.27346677
8162,1.0212094
8163,0.004437648
8164,0.22260134
8165,-2.3215864
8166,-0.81103575
8167,1.6040331
8168,0.67322385
8169,0.011451041
8170,0.37728158
8171,0.24583368
8172,1.1199709
8173,-0.084871866
8174,-0.062416542
8175,0.19039345
8176,-0.76631695
8177,0.455429
8178,0.871189
8179,0.42236695
8180,0.19306031
8181,0.38040024
8182,0.051367033
8183,0.97314453
8184,-0.24960715
8185,1.1247334
8186,-0.50686073
8187,0.19762056
8188,-0.46686488
8189,-0.27509874
8190,-0.11269443
8191,-0.47255403
8192,-0.47896752
8193,0.7309605
8194,0.7298259
8195,0.5589035
8196,-0.22169922
8197,-0.5834888
8198,0.71536726
8199,0.47200257
8200,-0.41604558
8201,-0.41612875
8202,-0.022804553
8203,0.033276606
8204,-0.3638458
8205,0.28407344
8206,2.3286786
8207,0.7823675
8208,0.25672543
8209,0.5549026
8210,-0.22028856
8211,-0.38610604
8212,0.65773094
8213,-0.13699499
8214,-0.35729888
8215,-0.28234097
8216,-0.0027601758
8217,0.007377285
8218,-0.58091635
8219,-0.4876362
8220,0.12632662
8221,2.5336041
8222,-0.09171909
8223,1.0375873
8224,-0.22796665
8225,0.02423707
8226,-0.26954845
8227,0.2695158
8228,-0.38979208
8229,0.08432704
8230,0.00360763
8231,0.5273989
8232,0.74366176
8233,-0.026835637
8234,-0.033473715
8235,0.18938366
8236,0.03520483
8237,-0.14799432
8238,0.16974123
8239,0.2719572
8240,0.35347152
8241,-0.4468525
8242,-0.06801378
8243,0.18267047
8244,-0.38558373
8245,0.12126555
8246,0.4895026
8247,0.07183039
8248,-0.7692367
8249,0.21709205
8250,0.10085125
8251,0.59155905
8252,-0.034190673
8253,0.66550106
8254,0.10474439
8255,0.24889839
8256,-0.17494237
8257,0.03681553
8258,-0.10154344
8259,0.21884662
8260,0.4963874
8261,-0.43011162
8262,-0.7052314
8263,0.11264178
8264,0.42298013
8265,0.98567986
8266,-1.1842095
8267,0.22588076
8268,-0.04829937
8269,-0.21881813
8270,-0.36988762
8271,2.1548307
8272,-0.17611748
8273,-0.43633363
8274,0.23954947
8275,-0.08724273
8276,0.28515756
8277,-0.35628003
8278,-0.25861177
8279,-0.20330878
8280,0.056041438
8281,0.35475877
8282,-0.12235289
8283,0.020524481
8284,-1.4185688
8285,0.830844
8286,0.76097804
8287,-0.5267284
8288,0.8458013
8289,-0.13458969
8290,0.4928819
8291,0.17147282
8292,-0.36472276
8293,-0.025349448
8294,0.018385537
8295,0.22943154
8296,-0.27487463
8297,0.076236255
8298,-0.5241575
8299,0.2552963
8300,-0.20439735
8301,0.3500963
8302,0.052789364
8303,0.4904998
8304,-0.26400977
8305,0.056388453
8306,0.4036998
8307,2.065041
8308,0.7858727
8309,0.0681735
8310,0.022477072
8311,-0.24484208
8312,1.6708223
8313,1.4999101
8314,0.0881665
8315,-0.0051618977
8316,0.14719656
8317,0.5641368
8318,-0.058109645
8319,0.40392277
8320,-0.63173735
8321,-0.17685199
8322,0.36667138
8323,-0.83939004
8324,-0.6232225
8325,0.13529925
8326,0.20137402
8327,-0.26727545
8328,-0.11237359
8329,-0.1382834
8330,-0.5899473
8331,0.13434614
8332,0.23344336
8333,-0.3425751
8334,0.77014285
8335,-0.31676942
8336,-0.57179075
8337,0.10422313
8338,0.3733312
8339,-0.06842208
8340,0.6770857
8341,-0.051453646
8342,0.08690481
8343,-0.33162835
8344,0.6378867
8345,0.7549152
8346,0.2577774
8347,1.325241
8348,0.58555776
8349,-0.31201053
8350,2.151823
8351,-0.4485408
8352,0.31156808
8353,0.30745983
8354,0.28580737
8355,0.4929347
8356,-0.2330013
8357,0.021255253
8358,-0.22052322
8359,-0.706898
8360,1.5193471
8361,-0.24842927
8362,-0.23212208
8363,0.062438957
8364,-0.3744631
8365,-0.42266148
8366,0.103019975
8367,-0.04940493
8368,0.111744195
8369,0.94122964
8370,-0.027333198
8371,-0.13093968
8372,0.10796193
8373,0.26486185
8374,-0.16024919
8375,0.13537441
8376,-0.07918443
8377,1.5257605
8378,0.12933043
8379,0.05231537
8380,-0.26918444
8381,-0.61517537
8382,0.10323541
8383,-0.7109218
8384,-0.20396692
8385,-0.002502427
8386,0.12987892
8387,0.2052655
8388,-0.1332426
8389,-0.19488719
8390,-0.11352391
8391,-0.51087284
8392,-0.17397472
8393,-0.22402793
8394,-0.41663656
8395,-0.20850094
8396,0.20803133
8397,0.44620085
8398,0.00982939
8399,0.028963279
8400,-0.76625
8401,-0.33079877
8402,0.80277526
8403,-0.26353937
8404,-1.4910148
8405,-0.8935373
8406,0.63324565
8407,0.02251889
8408,0.8644794
8409,0.1521975
8410,0.31585255
8411,0.0858246
8412,0.017602798
8413,-0.41539338
8414,-0.14914171
8415,-0.022690186
8416,-0.2566113
8417,0.21749675
8418,-0.022977129
8419,0.09671998
8420,-0.4835632
8421,-0.37780744
8422,1.492894
8423,-0.14984803
8424,1.5006593
8425,0.12585695
8426,0.38188717
8427,1.8006877
8428,0.110027514
8429,0.42723975
8430,0.023651615
8431,-0.10347371
8432,-0.5285057
8433,0.02128653
8434,-0.27240238
8435,-0.28914642
8436,0.8960505
8437,-0.18922397
8438,-0.18921265
8439,0.14602856
8440,-0.10354718
8441,-0.066822365
8442,-0.14784843
8443,0.028582377
8444,1.0194165
8445,-0.483336
8446,0.076279104
8447,-0.14393245
8448,-0.593281
8449,-0.052805804
8450,-0.2571974
8451,0.06585785
8452,2.2023382
8453,-1.2152601
8454,0.37008017
8455,-0.5559466
8456,1.0613719
8457,-0.0823152
8458,-0.26063988
8459,-0.23573796
8460,0.13868639
8461,0.5590749
8462,-0.40352836
8463,0.2484227
8464,0.22960773
8465,0.27258292
8466,-0.3916383
8467,-0.4056268
8468,1.1019661
8469,0.2796381
8470,-0.38724595
8471,-0.075329445
8472,0.052970577
8473,0.1243139
8474,-0.59004486
8475,0.5096401
8476,0.15707201
8477,1.0307916
8478,0.74089104
8479,-0.13931735
8480,0.13191049
8481,-0.4823896
8482,-0.002053738
8483,0.028524999
8484,0.24389052
8485,0.92858875
8486,0.4197074
8487,0.5270988
8488,0.053417537
8489,0.0028254928
8490,0.10316825
8491,0.21123247
8492,-0.11460503
8493,0.03914915
8494,0.20286925
8495,-0.2853626
8496,0.017829966
8497,0.111369856
8498,-0.42621034
8499,0.009201954
8500,0.21664527
8501,1.1529839
8502,0.1782993
8503,-0.056741744
8504,1.3008814
8505,0.47038484
8506,-0.13499975
8507,0.40575975
8508,1.1537727
8509,-0.111344256
8510,-0.15120111
8511,-0.55616003
8512,0.9897065
8513,0.33909586
8514,-0.08629383
8515,0.41470966
8516,0.9863828
8517,0.2850196
8518,-0.114444196
8519,-0.6133425
8520,-0.31543565
8521,-0.3686943
8522,0.016775982
8523,-0.01639571
8524,0.36067966
8525,-0.46781248
8526,-1.4344552
8527,-0.7019947
8528,1.4190271
8529,-0.34096798
8530,-0.09132781
8531,-0.42637977
8532,-0.09950568
8533,2.6573408
8534,0.57567
8535,0.039004967
8536,-0.25541508
8537,-0.37210956
8538,0.03585657
8539,0.113203086
8540,-0.80274755
8541,-0.60070175
8542,0.17656584
8543,-0.28687966
8544,0.8507251
8545,1.0591468
8546,0.5535166
8547,0.4720998
8548,-0.259215
8549,1.8209414
8550,0.004083205
8551,0.027747447
8552,-0.10272818
8553,0.9436539
8554,1.6314415
8555,0.068671376
8556,0.39850846
8557,0.18068163
8558,-0.6619737
8559,1.1615517
8560,-0.08125163
8561,1.8839518
8562,-0.23022278
8563,0.091905475
8564,0.39537668
8565,0.09711728
8566,-0.04325991
8567,-0.67687625
8568,-0.16927117
8569,0.4526712
8570,-0.26806477
8571,-0.37497985
8572,0.16215824
8573,0.26924464
8574,0.32166028
8575,-0.049968954
8576,-0.42294586
8577,0.3659303
8578,0.40844584
8579,0.565805
8580,1.0493335
8581,0.8470824
8582,-0.15992162
8583,0.73576427
8584,-0.1482538
8585,0.6443319
8586,-0.00702026
8587,0.5074434
8588,0.10475432
8589,0.21747506
8590,-0.047025073
8591,0.16906862
8592,0.25038725
8593,-0.15222028
8594,-0.11631331
8595,-0.80823416
8596,-0.56640756
8597,1.1855495
8598,1.9689527
8599,-0.5752626
8600,-0.23386475
8601,0.1291871
8602,-0.012072706
8603,0.016508248
8604,1.0240388
8605,0.4910575
8606,0.2602203
8607,-0.43564394
8608,0.8477644
8609,1.1282408
8610,0.61872125
8611,0.06468979
8612,0.21957938
8613,0.0518519
8614,-0.16950887
8615,0.28448537
8616,-0.037470497
8617,0.8780281
8618,1.0097969
8619,0.025316875
8620,0.24558324
8621,-0.20621179
8622,-0.30939206
8623,0.43061548
8624,0.095137216
8625,0.19429435
8626,0.06767026
8627,-1.0858483
8628,-0.18754435
8629,0.22013938
8630,0.44959027
8631,0.35129914
8632,0.2130754
8633,-0.23715436
8634,0.40965298
8635,-0.16863304
8636,0.6579458
8637,0.19439353
8638,0.24554083
8639,0.3306288
8640,0.09476319
8641,0.7515794
8642,1.3458742
8643,0.34230185
8644,1.6893333
8645,0.004553255
8646,1.8023148
8647,1.3468827
8648,0.81245315
8649,-0.31739342
8650,-0.013777743
8651,0.5455265
8652,-0.051097192
8653,-0.10097721
8654,0.26674834
8655,-0.124599636
8656,0.1338667
8657,-0.2798526
8658,1.020452
8659,-0.62254703
8660,0.057839017
8661,0.23569305
8662,-0.11665988
8663,0.94572735
8664,-0.7434366
8665,0.25729594
8666,-0.00299031
8667,0.24182309
8668,0.068028875
8669,0.4377394
8670,0.7112613
8671,-0.9114023
8672,0.25129408
8673,0.1607699
8674,-0.7126189
8675,-0.8586637
8676,0.065417014
8677,-0.23460433
8678,0.0917062
8679,-0.18561001
8680,-0.33990937
8681,-1.0043081
8682,0.034012012
8683,0.03428542
8684,0.0376426
8685,-0.37238505
8686,-0.07441045
8687,-0.283113
8688,-0.3339371
8689,-0.2805405
8690,1.025791
8691,-0.067524746
8692,-0.052983858
8693,0.009829439
8694,-0.73277587
8695,0.50881225
8696,0.47156975
8697,-0.32551014
8698,0.5486945
8699,-0.13044035
8700,0.08817078
8701,-0.34831485
8702,1.0239668
8703,-0.043078553
8704,0.7532666
8705,0.18162587
8706,-0.13672094
8707,0.16851275
8708,0.45168614
8709,1.913395
8710,0.14456484
8711,0.28904784
8712,-0.6148166
8713,-0.34854084
8714,-0.07136322
8715,0.20899095
8716,0.14424734
8717,-0.07983358
8718,1.5869142
8719,0.59841454
8720,0.49554288
8721,0.4218357
8722,0.7442175
8723,-1.291369
8724,0.3524877
8725,-0.1652202
8726,0.25219506
8727,-0.2741842
8728,-0.10857149
8729,0.34318236
8730,0.13234836
8731,-1.2038227
8732,1.3683612
8733,0.326137
8734,-0.092846744
8735,-0.026686318
8736,-0.028354673
8737,2.6258643
8738,-0.026257973
8739,-0.42253077
8740,-0.205928
8741,-0.09118856
8742,0.19984117
8743,-0.09921291
8744,-0.07488906
8745,1.2592385
8746,0.012526465
8747,-0.26550922
8748,-0.21316816
8749,0.13065119
8750,-0.13376248
8751,0.2572584
8752,-0.94744134
8753,-0.3384635
8754,0.1335752
8755,0.081087
8756,0.6473081
8757,-0.051018767
8758,-0.2641914
8759,-1.2738212
8760,0.7133173
8761,-0.27687687
8762,-0.37237298
8763,0.2924088
8764,0.24320592
8765,0.2837435
8766,-0.3652526
8767,-0.312324
8768,-0.059812408
8769,1.5402256
8770,-0.10634579
8771,1.6592976
8772,-0.40458748
8773,-0.21043544
8774,-0.45747662
8775,0.25205427
8776,0.27804038
8777,-0.07409039
8778,-0.24243027
8779,-0.093481876
8780,-0.0025759083
8781,-0.0019724206
8782,0.47845995
8783,-0.11149858
8784,-0.6422659
8785,-0.2316157
8786,-0.13396782
8787,-0.24702734
8788,-0.3260269
8789,-0.9005014
8790,-0.24687696
8791,-0.68666697
8792,1.4414383
8793,0.1145253
8794,-0.3061691
8795,-0.2605928
8796,0.5930097
8797,-0.3633982
8798,-0.18949293
8799,1.1270988
8800,0.04543332
8801,-0.28842363
8802,-0.53030986
8803,-0.15101127
8804,-0.29165983
8805,0.843424
8806,0.8034927
8807,0.40146166
8808,-0.003929787
8809,0.85024786
8810,0.13373818
8811,1.0678959
8812,1.1973256
8813,-0.3054636
8814,-0.20078032
8815,1.162703
8816,0.22147788
8817,0.4910305
8818,1.3891506
8819,0.2553755
8820,0.2029994
8821,-0.61402565
8822,0.11151925
8823,0.3243916
8824,-0.14980541
8825,-0.07273112
8826,-0.008288887
8827,-0.5955114
8828,0.87468195
8829,0.09760238
8830,-0.15912396
8831,0.8171843
8832,0.91554534
8833,-0.005286583
8834,-0.3686798
8835,-0.24321423
8836,0.91305494
8837,-0.20825407
8838,0.3193518
8839,1.3977869
8840,-0.36164
8841,-0.2211482
8842,-0.73665845
8843,0.13236968
8844,0.8994316
8845,1.2733397
8846,-0.15798889
8847,-0.11668601
8848,0.5696995
8849,0.23568466
8850,-0.28056937
8851,0.19015639
8852,0.7295571
8853,2.4079525
8854,-0.30061418
8855,1.1098335
8856,0.33874044
8857,-0.05695635
8858,0.035759173
8859,0.2266884
8860,-0.080835216
8861,0.5100971
8862,0.084256776
8863,-0.070101604
8864,-0.06918425
8865,-0.023694128
8866,-0.09468611
8867,0.40912572
8868,-0.33383653
8869,-0.86516094
8870,0.598566
8871,-0.030742548
8872,-0.18404695
8873,-0.27879095
8874,1.9794506
8875,0.095726654
8876,0.18750787
8877,0.23180713
8878,0.2986464
8879,-0.22969654
8880,-0.016883055
8881,-1.222022
8882,-0.6623177
8883,0.017591314
8884,1.3915058
8885,0.10193031
8886,0.18254553
8887,-0.2674314
8888,-0.3844297
8889,-1.2639954
8890,1.682914
8891,0.18854812
8892,-0.13526869
8893,-0.029652474
8894,0.011990036
8895,3.2230096
8896,0.23237242
8897,-0.68530977
8898,-0.19276845
8899,0.07142239
8900,0.2501304
8901,-0.42323828
8902,-0.20991054
8903,-0.49715227
8904,-0.3141108
8905,0.034824636
8906,-0.118349805
8907,-0.33486477
8908,-0.40060762
8909,0.8883012
8910,0.3097759
8911,1.2561897
8912,-0.007106767
8913,-0.26557872
8914,0.09108048
8915,0.7745255
8916,-0.045645703
8917,-0.039422758
8918,0.8583764
8919,0.025959913
8920,0.35023576
8921,0.7400507
8922,0.19718587
8923,0.3232302
8924,-0.1768912
8925,0.5911731
8926,0.28235295
8927,0.45205218
8928,-0.07337794
8929,-0.44333407
8930,-0.4688541
8931,-0.63541096
8932,0.089551084
8933,0.5731096
8934,-0.28317246
8935,0.41649702
8936,-0.9205721
8937,0.6955408
8938,0.6450966
8939,0.6909814
8940,0.018400159
8941,0.31593704
8942,-0.6885584
8943,-0.8553825
8944,-0.0048233946
8945,0.61477643
8946,0.080473766
8947,0.08954471
8948,-0.7710128
8949,-0.10952543
8950,-0.35731754
8951,1.7840528
8952,0.7591088
8953,-0.1285079
8954,-0.32982326
8955,0.078649096
8956,-0.020904869
8957,-0.23476057
8958,-0.17444359
8959,1.1091754
8960,-0.34755495
8961,0.25879773
8962,0.14760062
8963,0.28548765
8964,-0.32605085
8965,-1.0419754
8966,0.5559271
8967,0.33429888
8968,-0.4831554
8969,-0.7600177
8970,-0.43007773
8971,0.25014165
8972,0.36352906
8973,0.41839063
8974,1.4672508
8975,0.30156857
8976,0.61317146
8977,0.22933492
8978,1.3270444
8979,-0.37991884
8980,1.0787992
8981,0.51839334
8982,0.35520574
8983,0.17935723
8984,-0.30308935
8985,0.40118572
8986,0.14320798
8987,-0.222782
8988,0.19279206
8989,-0.21726026
8990,-0.20693128
8991,0.83226216
8992,0.37850162
8993,0.29369962
8994,0.25319415
8995,-0.5329252
8996,0.10215441
8997,-0.57481295
8998,-0.083142065
8999,-0.118856564
9000,0.088325836
9001,1.1760712
9002,0.070371
9003,0.43043947
9004,0.1283065
9005,0.91471195
9006,-2.267584
9007,0.25844723
9008,-0.41490427
9009,0.025255714
9010,0.19555022
9011,0.80931777
9012,1.0467083
9013,-0.29721996
9014,0.19821791
9015,-0.40531528
9016,0.21131422
9017,0.08354564
9018,0.68566966
9019,0.057032723
9020,-0.1018415
9021,-0.13169043
9022,-0.050488643
9023,-0.3305652
9024,0.02708404
9025,0.23891006
9026,0.2701214
9027,1.4462618
9028,0.6966101
9029,-0.78765076
9030,0.09132599
9031,2.552909
9032,0.03472515
9033,-0.22086796
9034,1.38216
9035,1.9819317
9036,0.14286509
9037,-0.015329424
9038,-0.1614821
9039,-0.1725449
9040,-0.1379124
9041,0.09336396
9042,0.43177858
9043,0.08271943
9044,-0.8379741
9045,0.09666835
9046,0.093660116
9047,0.45834613
9048,-0.28572342
9049,0.13007684
9050,1.3627096
9051,0.25729153
9052,0.73283726
9053,-0.060473416
9054,-0.55229574
9055,-0.4941152
9056,0.23761842
9057,1.5940787
9058,-0.10866931
9059,0.6445409
9060,-0.1384071
9061,1.2243692
9062,-0.88117254
9063,-0.17535144
9064,-0.046377815
9065,0.4091045
9066,-0.15364827
9067,0.22768521
9068,0.073167086
9069,-0.09596733
9070,-0.84104025
9071,-1.0197687
9072,-0.43634468
9073,0.16719374
9074,-0.27052218
9075,0.38866836
9076,0.56167185
9077,-0.08388065
9078,-2.1522558
9079,0.11085601
9080,-0.04702739
9081,-0.015193627
9082,0.22238976
9083,0.58903587
9084,0.11618916
9085,0.00070469594
9086,0.09510451
9087,-0.16926268
9088,-0.022124942
9089,0.20136532
9090,-1.2713498
9091,-0.26739985
9092,1.0235276
9093,-0.040438116
9094,0.2518751
9095,-0.12209504
9096,-0.8674208
9097,-0.16854033
9098,-0.36421767
9099,0.1611524
9100,-0.40760133
9101,0.67442054
9102,-0.3674469
9103,-0.37905106
9104,0.57973033
9105,-0.8537263
9106,-0.15597755
9107,0.1561104
9108,0.14450614
9109,-0.1478669
9110,-0.16355914
9111,-0.12331581
9112,-0.3255481
9113,-0.51042527
9114,-0.013996842
9115,-0.0001735215
9116,0.5682879
9117,0.62764025
9118,0.89753515
9119,1.8565378
9120,-0.034425296
9121,-0.17420572
9122,0.5616312
9123,-0.25731555
9124,0.22818266
9125,0.17101836
9126,0.12629235
9127,0.45542076
9128,0.77865744
9129,0.8580572
9130,1.4415313
9131,-0.2857134
9132,0.33748534
9133,-0.12826394
9134,-0.07678282
9135,0.5886724
9136,0.70279706
9137,-0.21332219
9138,1.5670832
9139,0.4747761
9140,-0.054023013
9141,0.20845178
9142,-0.19546364
9143,2.0762768
9144,1.0614711
9145,0.5447037
9146,0.1253678
9147,0.011288448
9148,-3.5156205
9149,-0.038480256
9150,0.10828041
9151,1.6135488
9152,0.17159767
9153,-0.07987046
9154,0.12965491
9155,1.971953
9156,-0.13234936
9157,0.29390693
9158,0.07239392
9159,0.120683126
9160,-0.12177371
9161,-0.31102347
9162,-0.88132674
9163,0.105966635
9164,-0.20171848
9165,-0.41518843
9166,-0.83975583
9167,0.2932151
9168,0.65843135
9169,-0.10393722
9170,-0.008061738
9171,-0.5496208
9172,0.47936162
9173,-0.7977858
9174,0.14127037
9175,0.22688504
9176,0.41858116
9177,0.14974362
9178,2.2626123
9179,0.9674213
9180,-1.0781257
9181,0.31001484
9182,0.21479142
9183,0.5219017
9184,-0.17864679
9185,-0.18969615
9186,0.39903572
9187,0.22085313
9188,0.5429932
9189,0.6705264
9190,-0.19942269
9191,-0.20875408
9192,-0.22850458
9193,0.47398588
9194,-0.25800326
9195,0.9045908
9196,0.15234451
9197,0.0038401382
9198,2.5575411
9199,0.04348971
9200,0.15378886
9201,0.064428516
9202,-0.4290399
9203,-0.27849472
9204,-0.15259974
9205,-0.23018669
9206,1.3977132
9207,0.044635605
9208,0.29946518
9209,1.1144221
9210,-0.5392825
9211,0.0070699556
9212,0.21526767
9213,1.7287595
9214,0.17677183
9215,-0.2600771
9216,0.45648757
9217,-0.21798873
9218,-0.15755166
9219,-0.67459965
9220,0.9585056
9221,0.063987315
9222,0.049535096
9223,0.2959615
9224,0.6893211
9225,0.20244318
9226,0.20533326
9227,-0.47236902
9228,1.6969995
9229,0.07432449
9230,-0.025395295
9231,0.10112937
9232,-0.015208867
9233,0.02243408
9234,0.53736556
9235,-0.15235348
9236,0.18131112
9237,0.266577
9238,-0.118934914
9239,-0.45823643
9240,-0.33704427
9241,-0.12723447
9242,0.49501657
9243,1.4741693
9244,-0.9251436
9245,0.01601594
9246,0.84500784
9247,0.34395248
9248,-0.4566954
9249,0.055261727
9250,0.2684934
9251,-0.16705398
9252,0.15603328
9253,-0.34829417
9254,0.21190122
9255,0.11939035
9256,0.10277785
9257,0.28273886
9258,-0.05949472
9259,-0.42746612
9260,1.9751672
9261,-0.38058144
9262,-0.55979097
9263,-0.36218753
9264,0.26548794
9265,-0.10949125
9266,-0.09058958
9267,0.09435711
9268,-0.35082328
9269,-0.36812156
9270,0.6250002
9271,0.5120349
9272,0.19905089
9273,-0.74099463
9274,0.05856766
9275,0.34108418
9276,-1.061559
9277,-0.062197644
9278,0.18935247
9279,1.7052668
9280,1.3628051
9281,0.032460786
9282,-0.29053932
9283,0.2691889
9284,0.1643852
9285,-0.08483228
9286,2.3863437
9287,-0.047886044
9288,0.2266551
9289,0.34814966
9290,-0.0650135
9291,-0.004412982
9292,0.010033706
9293,-0.7444009
9294,-0.43886423
9295,0.02432021
9296,-0.2505466
9297,-0.041248795
9298,0.40831196
9299,-0.32114097
9300,-0.031723168
9301,0.093075305
9302,-0.15465972
9303,1.1406621
9304,0.16223028
9305,-0.3597373
9306,0.65706176
9307,0.21779887
9308,0.49299332
9309,-0.44143406
9310,-0.020595128
9311,0.07903787
9312,-0.082841314
9313,0.46208146
9314,-0.53564256
9315,-0.12671465
9316,-0.19787587
9317,-0.26627547
9318,-0.23905902
9319,-0.1594008
9320,0.6361028
9321,0.07699806
9322,-0.28022897
9323,0.24378844
9324,-0.6286278
9325,-0.24091174
9326,0.8554369
9327,-0.08808974
9328,-0.65303284
9329,1.5623013
9330,-1.575107
9331,-0.6760367
9332,0.9037943
9333,0.23067844
9334,0.33798128
9335,-0.04792389
9336,0.7100929
9337,0.40081415
9338,0.11894352
9339,0.34597358
9340,-0.066675596
9341,-0.103005104
9342,-0.2600223
9343,-0.050471507
9344,0.2813742
9345,0.12396422
9346,-0.71876293
9347,-0.1738383
9348,-0.03073836
9349,0.28130487
9350,0.007095189
9351,0.55901974
9352,-0.78201956
9353,0.34621847
9354,0.08400602
9355,-0.7532284
9356,-0.44289583
9357,-0.16545306
9358,0.08949957
9359,0.7424503
9360,-0.030614426
9361,0.08199064
9362,0.06299749
9363,0.28139287
9364,-0.059314895
9365,1.4571161
9366,0.043931454
9367,-0.021769466
9368,-0.23304439
9369,-0.44922632
9370,-0.31582156
9371,-1.9338274
9372,-0.05176669
9373,-0.7724587
9374,-0.04380504
9375,-0.046437148
9376,-0.1517668
9377,-0.2443709
9378,0.15007606
9379,-0.46123174
9380,-0.22870421
9381,0.56526744
9382,-0.4338253
9383,-0.12551317
9384,0.1056496
9385,-0.051790766
9386,0.15042384
9387,-0.28968596
9388,0.44343475
9389,-0.3666479
9390,0.0063959286
9391,0.3234458
9392,-1.464206
9393,1.0975316
9394,0.19566289
9395,-0.12661184
9396,0.1619966
9397,0.13192135
9398,-0.14385982
9399,0.16806401
9400,-0.03254687
9401,-0.06551649
9402,0.13602796
9403,0.121183686
9404,-0.36931288
9405,0.118429266
9406,-0.26984423
9407,-0.7103203
9408,1.7647521
9409,0.002054973
9410,-1.3072487
9411,-0.08506985
9412,-0.014297183
9413,0.04506735
9414,-0.02269247
9415,0.9467868
9416,-0.51834464
9417,0.33560684
9418,0.16813633
9419,0.36763388
9420,-0.5200584
9421,-0.7228639
9422,0.34304732
9423,0.7469697
9424,-0.043713786
9425,0.34548393
9426,1.7981766
9427,-0.2344779
9428,0.3421696
9429,0.006323457
9430,0.13511874
9431,0.16016635
9432,0.4198045
9433,-0.47262627
9434,0.6199188
9435,-0.2761045
9436,-0.6062335
9437,0.57830715
9438,0.09957576
9439,-0.080648504
9440,-0.13626195
9441,0.4297835
9442,-0.29412472
9443,-0.15815215
9444,-0.32854912
9445,-0.24809062
9446,-0.67560726
9447,-0.109933
9448,0.2246218
9449,0.95212674
9450,-0.49756452
9451,0.5253916
9452,0.10128996
9453,-0.49345633
9454,-0.29942137
9455,-0.03350591
9456,-0.359988
9457,-0.3170727
9458,0.75691676
9459,2.6309016
9460,0.44849807
9461,0.26248726
9462,0.20365319
9463,-0.60155094
9464,-0.5301341
9465,-0.017261628
9466,0.52038896
9467,0.14231484
9468,0.18685615
9469,-0.038595803
9470,0.232023
9471,-0.45992935
9472,-0.5486146
9473,-0.36874458
9474,0.10601001
9475,-0.24921793
9476,-0.15743816
9477,-0.25853717
9478,-0.38600713
9479,-0.024612853
9480,-0.9596322
9481,-0.10167789
9482,1.5234717
9483,0.24201144
9484,-0.101450354
9485,1.6697686
9486,-0.0018039993
9487,0.021068215
9488,0.10342368
9489,-0.44417483
9490,-0.2702209
9491,0.13465211
9492,-0.30441892
9493,0.040570304
9494,0.24757746
9495,-0.024366595
9496,-0.119462036
9497,0.28766304
9498,-1.1107364
9499,-0.2744652
9500,0.043186396
9501,-0.124118686
9502,0.40752712
9503,1.31823
9504,-0.39287227
9505,-0.07146287
9506,0.04641809
9507,-0.05222726
9508,-0.26633316
9509,-0.48196855
9510,0.14450958
9511,-0.5686442
9512,-0.8182405
9513,-0.09219132
9514,0.12167744
9515,0.02475883
9516,0.11745963
9517,0.0030618408
9518,-0.48840404
9519,0.5062453
9520,0.39787397
9521,1.4885377
9522,-0.08612075
9523,0.21428835
9524,-0.18174735
9525,0.17867254
9526,0.12381309
9527,-0.14439143
9528,-0.17322133
9529,0.16763501
9530,1.4033885
9531,0.24414383
9532,-0.17487781
9533,-0.82140714
9534,0.42974406
9535,0.5682798
9536,0.018811055
9537,-0.13822854
9538,2.3843403
9539,1.1793579
9540,0.70165455
9541,1.5428771
9542,0.09543275
9543,0.2668177
9544,-0.13006696
9545,0.24908893
9546,-0.45492512
9547,-0.29500046
9548,1.270247
9549,0.61195266
9550,-0.1936917
9551,1.1800997
9552,0.7093808
9553,0.21478869
9554,-0.120481454
9555,-0.0045204815
9556,0.17405015
9557,-0.16441429
9558,0.58155054
9559,1.1929249
9560,0.5249522
9561,0.06475837
9562,0.05434684
9563,0.9098533
9564,0.2964612
9565,0.009561265
9566,-0.12126526
9567,0.5248409
9568,0.13252246
9569,0.022206398
9570,-0.12470321
9571,-0.169666
9572,-0.53494996
9573,-0.7818201
9574,-0.00039755224
9575,-0.3206216
9576,-0.018924985
9577,-0.13603882
9578,-0.393797
9579,0.4567287
9580,1.2574906
9581,0.026688758
9582,0.026617965
9583,-0.018562695
9584,-0.21333008
9585,0.22377492
9586,0.75297236
9587,-0.43833756
9588,1.0016956
9589,0.23858474
9590,-0.06642511
9591,0.6106985
9592,-0.27477217
9593,1.171658
9594,0.0953669
9595,-4.117464
9596,0.51929176
9597,1.7565466
9598,-0.36097804
9599,-0.08273535
9600,1.1775993
9601,0.42029944
9602,0.09610316
9603,-0.040407304
9604,-0.4116929
9605,-0.029617812
9606,0.065668285
9607,-0.114164986
9608,-0.22238071
9609,0.68908876
9610,-2.1509395
9611,-0.21170114
9612,0.23959993
9613,0.2502847
9614,-0.20471527
9615,0.61246836
9616,0.78848547
9617,0.06656318
9618,0.13589382
9619,0.18424913
9620,0.15602787
9621,-0.31858212
9622,0.89177185
9623,0.72441083
9624,-0.22431922
9625,-0.31862286
9626,0.4071883
9627,-0.50714403
9628,0.715785
9629,0.16340345
9630,-0.23195012
9631,-0.48676494
9632,0.30412915
9633,-0.21155408
9634,0.03210477
9635,0.24818847
9636,0.39626315
9637,1.0840145
9638,-0.1376494
9639,-0.11081035
9640,0.0065129753
9641,-0.29561248
9642,-0.5478335
9643,-0.17736484
9644,0.36275014
9645,0.5599182
9646,0.005370336
9647,-0.58198625
9648,1.5427823
9649,0.943679
9650,-0.1540876
9651,0.30855355
9652,0.24455085
9653,0.34632275
9654,-0.061390854
9655,-1.1306751
9656,1.1148374
9657,0.9316584
9658,0.042371362
9659,-0.6279691
9660,-0.16772892
9661,-1.5388244
9662,0.53177065
9663,-0.05936245
9664,0.99032724
9665,-0.02093308
9666,-0.17439215
9667,1.3719276
9668,-1.0365641
9669,-0.34798512
9670,-0.2047853
9671,0.31890073
9672,0.32436138
9673,0.072558
9674,-1.1165069
9675,0.24892575
9676,-0.181413
9677,-0.10785827
9678,0.17626655
9679,0.11230387
9680,0.65539724
9681,1.4002131
9682,-0.55316746
9683,-0.20441596
9684,-1.9065268
9685,0.20606038
9686,0.5801203
9687,0.1695854
9688,0.36568755
9689,0.13338123
9690,0.12351314
9691,-0.46088618
9692,0.14878403
9693,0.24258031
9694,-0.10623064
9695,0.6643921
9696,0.008602032
9697,-0.34708014
9698,-0.5777318
9699,-0.25927657
9700,-0.06804555
9701,0.78401667
9702,1.3041173
9703,-0.08420671
9704,-0.08598452
9705,0.04881759
9706,-0.31878343
9707,-0.030379059
9708,-0.09046032
9709,-0.2927768
9710,0.8807254
9711,-0.11035602
9712,-0.17935185
9713,0.36844292
9714,0.56328064
9715,-1.2628412
9716,-0.4695039
9717,0.21463914
9718,0.83717996
9719,0.38489333
9720,0.4688129
9721,0.08127801
9722,-0.40545383
9723,0.6366945
9724,-0.42621103
9725,-0.5455493
9726,0.092757754
9727,0.22107838
9728,-0.6534619
9729,0.37296435
9730,-0.56328696
9731,0.8011289
9732,2.1970801
9733,-0.52583694
9734,1.2434343
9735,0.018156005
9736,0.1052874
9737,0.062674746
9738,0.20742568
9739,0.16863202
9740,0.7481529
9741,0.15767318
9742,0.4052536
9743,0.024729613
9744,0.10891696
9745,-0.2589122
9746,0.3385526
9747,1.852426
9748,-0.08687645
9749,-0.28461224
9750,0.1934863
9751,-0.2919125
9752,0.20364492
9753,-1.4262458
9754,1.0928118
9755,-0.047304023
9756,-0.04227874
9757,0.1335883
9758,0.55966145
9759,-0.1683993
9760,-0.49421772
9761,-0.82179505
9762,0.009396759
9763,-0.2553754
9764,2.3236303
9765,-1.5973868
9766,-0.40443853
9767,-0.09966966
9768,0.46373308
9769,0.8190688
9770,-0.096212834
9771,0.44181
9772,-0.31484312
9773,0.111853935
9774,0.25579453
9775,-0.008807719
9776,-0.3157654
9777,0.032680802
9778,-0.5934493
9779,-0.48106152
9780,-1.1341206
9781,0.24569644
9782,0.1448389
9783,-0.13897853
9784,0.53565526
9785,0.37650773
9786,-0.051630873
9787,-0.13218424
9788,0.14144121
9789,-1.5673932
9790,-0.0066090794
9791,-0.3279776
9792,-0.01785036
9793,-0.36346796
9794,0.1405
9795,-0.030173833
9796,-0.22347741
9797,-0.41234073
9798,0.32319936
9799,0.35381627
9800,-0.5497572
9801,1.0583026
9802,0.24872941
9803,-0.71122456
9804,0.5642187
9805,-0.11899026
9806,0.1020029
9807,0.0067474055
9808,-0.2757519
9809,-0.10291462
9810,0.38928097
9811,-0.06438859
9812,-0.28154525
9813,-0.16711017
9814,0.7328984
9815,0.28263003
9816,-0.014457877
9817,-0.32703677
9818,-0.06743102
9819,-0.3310025
9820,-0.233404
9821,0.5499906
9822,-0.15452404
9823,0.1963319
9824,-0.20555699
9825,0.011464071
9826,-0.29047793
9827,0.11440091
9828,-0.072804816
9829,0.27737182
9830,-0.6138597
9831,-0.31653252
9832,-0.38810265
9833,-0.13349544
9834,-0.16404091
9835,0.024074594
9836,1.4221443
9837,0.4652008
9838,-0.8708723
9839,0.03436787
9840,0.8575713
9841,1.0701299
9842,0.106317654
9843,-0.2529978
9844,1.8143486
9845,0.16837095
9846,-0.34512624
9847,-0.16493541
9848,1.9994094
9849,0.085743
9850,0.121300586
9851,0.052033745
9852,-0.0317327
9853,-0.08822111
9854,-0.5875427
9855,0.07016759
9856,0.92543435
9857,0.34360638
9858,-1.2114608
9859,-0.111969404
9860,-0.060191534
9861,-0.23172371
9862,-0.20980103
9863,-0.13380551
9864,0.70139116
9865,-0.0799649
9866,-0.29016793
9867,0.53741
9868,0.4090025
9869,-0.21843866
9870,0.26506492
9871,0.9285317
9872,-0.39039367
9873,-0.27101758
9874,0.21069312
9875,0.502816
9876,0.14975996
9877,-0.4855677
9878,-0.22236277
9879,-0.17003305
9880,0.2535951
9881,0.071505435
9882,-0.22618881
9883,-0.623365
9884,0.56049496
9885,0.25750214
9886,1.8846402
9887,0.3225017
9888,-0.1961984
9889,-0.22289914
9890,0.6578048
9891,0.36430898
9892,-0.08755083
9893,0.13260853
9894,-0.17029911
9895,-0.9521401
9896,0.14048597
9897,-0.45982397
9898,-0.080950655
9899,-2.0489964
9900,0.62255013
9901,0.072423674
9902,0.026344273
9903,-0.14496686
9904,1.1500785
9905,0.49778235
9906,-0.8228026
9907,0.3713423
9908,-0.8855889
9909,0.07394459
9910,-0.12900122
9911,-1.717006
9912,0.7029644
9913,0.65923494
9914,0.24113691
9915,1.3853188
9916,-0.018499512
9917,1.0796989
9918,-0.4859486
9919,-0.031428944
9920,0.072079584
9921,0.10166116
9922,-0.21336421
9923,-0.1440273
9924,0.45929062
9925,0.19462293
9926,-0.26448613
9927,0.03090775
9928,-0.35404903
9929,0.1674436
9930,1.6708497
9931,-0.043581992
9932,1.1023374
9933,-0.15116145
9934,-0.21288718
9935,0.11984297
9936,-1.2607511
9937,-0.022624912
9938,-0.5728495
9939,0.06457853
9940,-0.28516874
9941,0.021155955
9942,0.6460461
9943,0.3294445
9944,0.3374958
9945,0.17795746
9946,0.6841806
9947,-0.2521399
9948,-0.3405411
9949,-1.6604674
9950,0.88025707
9951,-0.5989323
9952,-0.049160037
9953,0.076045156
9954,-0.48125044
9955,0.8850371
9956,-0.17944837
9957,0.0012062166
9958,0.2693139
9959,-0.39360818
9960,-0.46932766
9961,0.9910229
9962,0.14461146
9963,0.06984518
9964,1.3128968
9965,0.4999185
9966,-0.097413935
9967,-0.33658376
9968,0.029510038
9969,-0.023457332
9970,-1.3645253
9971,-0.04084055
9972,0.15933444
9973,-0.48614153
9974,-0.3502032
9975,-0.028608656
9976,-0.098175295
9977,0.74000263
9978,0.18512282
9979,1.2905108
9980,-0.098195255
9981,0.2709008
9982,-0.5578846
9983,-0.23762752
9984,-0.1676907
9985,3.0310304
9986,2.3833513
9987,0.6016735
9988,0.020632146
9989,-0.2621818
9990,0.72881466
9991,0.29872835
9992,0.074185535
9993,0.0784398
9994,-0.15513012
9995,-0.2232178
9996,-0.12164393
9997,-0.06772028
9998,1.2194653
9999,-0.025153032
10000,1.2371845
10001,-0.12161052
10002,-0.12926498
10003,-0.39819843
10004,0.26224613
10005,-0.44393128
10006,-0.30903807
10007,-0.13831176
10008,0.18832469
10009,-0.3792743
10010,-0.0045790225
10011,0.4666464
10012,-0.27406442
10013,0.40893346
10014,0.27507523
10015,-0.25830945
10016,0.28595024
10017,-0.3482624
10018,1.0658152
10019,-0.03627109
10020,0.073339015
10021,0.13096459
10022,-0.06835843
10023,1.5042866
10024,-1.0065628
10025,0.0023331998
10026,-0.36413786
10027,0.7131258
10028,0.31637686
10029,0.30954972
10030,0.14398694
10031,-0.69603145
10032,0.0860356
10033,0.27767706
10034,-0.50418
10035,-1.6255078
10036,1.429711
10037,1.2624388
10038,0.21676436
10039,1.0411326
10040,0.39529812
10041,-0.2905711
10042,2.2595592
10043,-0.1548389
10044,0.019618686
10045,-1.2729919
10046,0.39709687
10047,-0.68619406
10048,0.0068084206
10049,0.054758605
10050,0.4600172
10051,0.01113667
10052,-0.5763326
10053,-0.063109525
10054,0.54333615
10055,0.3403332
10056,1.1740863
10057,-0.3840021
10058,0.21391493
10059,-0.41932157
10060,0.47297594
10061,-1.0127126
10062,-0.6707
10063,-0.27708232
10064,0.5067309
10065,-0.15031788
10066,0.20784749
10067,0.009746822
10068,0.19137584
10069,0.17935567
10070,0.33360404
10071,1.1661669
10072,-0.1535088
10073,0.39420164
10074,0.37145475
10075,-0.19198877
10076,-0.073504716
10077,-0.73399115
10078,0.04623369
10079,-0.000829571
10080,0.08515495
10081,0.10375796
10082,-0.18418859
10083,1.7858424
10084,0.6513633
10085,-0.02847644
10086,-0.48304188
10087,1.0354524
10088,-0.5090977
10089,-0.19586681
10090,0.5159311
10091,0.42918122
10092,-0.217014
10093,-0.08217314
10094,0.55585593
10095,-0.29442698
10096,0.7311822
10097,1.1249056
10098,-0.28850952
10099,1.461205
10100,0.38542473
10101,0.18701504
10102,-0.30784154
10103,-1.5376829
10104,0.8967222
10105,-0.08097
10106,0.7921627
10107,-0.06807109
10108,0.23050603
10109,1.7378248
10110,-0.15979354
10111,0.054834846
10112,-0.21247657
10113,0.17631301
10114,-0.3705562
10115,-0.066636406
10116,-0.0018566813
10117,0.26602927
10118,0.2836646
10119,-0.22974479
10120,0.121019855
10121,0.6410621
10122,-0.15033557
10123,0.028872324
10124,0.3083101
10125,0.9273094
10126,-0.4795055
10127,0.6682218
10128,1.1154037
10129,-0.045178216
10130,-0.15214917
10131,0.62523097
10132,0.41569898
10133,0.20075358
10134,0.45545375
10135,1.0340384
10136,0.33095124
10137,0.14346226
10138,0.529435
10139,-0.21121727
10140,0.10472724
10141,-0.3235056
10142,-0.58963084
10143,-0.65104574
10144,0.4420848
10145,-0.15812063
10146,-0.7129417
10147,-0.21995424
10148,-0.37583402
10149,-0.10223316
10150,0.90932536
10151,-0.14715187
10152,0.5358355
10153,0.10944156
10154,-0.3965395
10155,-1.0614266
10156,-0.12408101
10157,-0.9498196
10158,-0.5830599
10159,-0.5734512
10160,0.59033763
10161,0.38550305
10162,-0.13420951
10163,-0.41790444
10164,-0.27586448
10165,0.1791514
10166,0.08218505
10167,-0.2249439
10168,0.30969954
10169,-1.4088594
10170,0.37209493
10171,1.4089953
10172,-0.43751788
10173,0.3502442
10174,0.3085086
10175,-0.17278606
10176,-0.10027186
10177,-0.4200862
10178,0.7988521
10179,0.3088811
10180,-0.22360465
10181,-0.06163092
10182,-0.3440897
10183,-0.10656309
10184,-0.3561049
10185,1.289372
10186,1.7155123
10187,-0.18561108
10188,1.0918771
10189,-0.7203186
10190,0.66227037
10191,0.7215916
10192,0.09906344
10193,0.48853478
10194,0.108581804
10195,0.37915152
10196,0.15967686
10197,-0.036954194
10198,-0.21497579
10199,-0.4065351
10200,-0.47425774
10201,-0.49101675
10202,0.32506487
10203,-0.14098589
10204,0.71307945
10205,-0.0751189
10206,0.14854701
10207,-0.42497382
10208,0.14197214
10209,0.3065317
10210,-0.09234139
10211,-0.15280412
10212,0.33278337
10213,-0.4842711
10214,0.54968005
10215,1.240114
10216,0.91766304
10217,0.43555754
10218,0.04694386
10219,0.17056468
10220,0.90747935
10221,0.60509086
10222,0.15123516
10223,-0.19730884
10224,-0.7965662
10225,0.25059167
10226,2.4936016
10227,-0.6253188
10228,-1.1072525
10229,-0.022987949
10230,-0.4561443
10231,0.9915599
10232,-0.5456627
10233,0.27960706
10234,0.06553147
10235,0.34048855
10236,-0.89010066
10237,-0.1774832
10238,-1.4924985
10239,-0.20220007
10240,0.34387645
10241,0.9639222
10242,-0.34407046
10243,0.42167172
10244,-0.2088425
10245,0.7333701
10246,-0.007904416
10247,0.72328866
10248,0.04709401
10249,-0.17266904
10250,2.1009629
10251,-0.05975272
10252,0.3335565
10253,0.25070167
10254,0.4349888
10255,-0.38589448
10256,-0.17316847
10257,-0.04562849
10258,-0.04294836
10259,0.16565332
10260,-0.078305684
10261,0.3206509
10262,-0.36159486
10263,-0.12322955
10264,0.4707017
10265,0.19577514
10266,0.19456975
10267,-0.40472785
10268,0.21131586
10269,0.32135856
10270,0.14242555
10271,-0.032237608
10272,0.050477218
10273,-0.47930843
10274,0.46402124
10275,-1.2604951
10276,1.8965975
10277,1.1767904
10278,0.29732054
10279,-0.41558567
10280,-0.047468673
10281,-0.06821621
10282,0.32441244
10283,-0.22643429
10284,-1.4126059
10285,0.018016547
10286,-0.22955672
10287,1.6821834
10288,0.5888906
10289,0.22713721
10290,-0.27705166
10291,0.1252812
10292,0.13160507
10293,0.68753946
10294,-2.2886646
10295,-1.2811294
10296,0.10662385
10297,0.29874632
10298,0.019822469
10299,-0.22031486
10300,0.0008674688
10301,-0.4221039
10302,0.46741867
10303,0.11475547
10304,0.30154675
10305,0.38611454
10306,0.058762684
10307,0.21969835
10308,0.44115672
10309,0.27197343
10310,-0.46410057
10311,0.23912784
10312,0.0912188
10313,0.9434641
10314,-0.38332027
10315,-0.06796493
10316,-0.08654976
10317,0.0654054
10318,-0.58728004
10319,-0.06797458
10320,-0.06063524
10321,-0.18971814
10322,0.2687937
10323,0.7395879
10324,0.0631403
10325,-0.27637854
10326,0.2070798
10327,2.984894
10328,-1.5781884
10329,-0.69193035
10330,0.11622276
10331,-0.12090543
10332,0.08083147
10333,-0.2508031
10334,1.2313607
10335,0.094591245
10336,0.14408618
10337,-0.52396816
10338,-0.051853273
10339,-0.7062829
10340,-0.21012643
10341,-0.16768205
10342,-0.13188119
10343,-0.29348242
10344,0.4875128
10345,-0.19294313
10346,-0.14945985
10347,-0.0044122525
10348,-0.54895467
10349,-0.19367869
10350,-0.15381224
10351,0.31847236
10352,1.115244
10353,0.2391191
10354,-0.15065382
10355,-1.5415181
10356,0.8887558
10357,0.08048041
10358,1.1532557
10359,-0.4998668
10360,0.10896604
10361,-0.6952362
10362,-0.048322793
10363,0.3789335
10364,0.26883683
10365,1.0413058
10366,-0.20014513
10367,-0.2902157
10368,0.64321476
10369,0.3359161
10370,0.11260636
10371,-0.453655
10372,-0.32603619
10373,0.14687908
10374,-0.015701933
10375,-0.88738143
10376,0.24507184
10377,-0.35024396
10378,-0.30546704
10379,-0.041496333
10380,0.71627843
10381,0.072428174
10382,0.69242024
10383,0.041833755
10384,-0.031704266
10385,-0.094505504
10386,0.9250683
10387,-0.34702757
10388,-0.14552777
10389,-0.7531477
10390,-0.10348432
10391,-0.040238407
10392,-0.002538916
10393,-0.8552324
10394,0.08684461
10395,0.14951956
10396,-0.29339123
10397,0.28534546
10398,1.5894707
10399,-0.20701097
10400,0.2808632
10401,0.019279433
10402,-0.4199878
10403,1.0538508
10404,-0.85010535
10405,-0.35017478
10406,-0.29266718
10407,0.029588424
10408,0.42091691
10409,-0.4077381
10410,-0.8236219
10411,1.3918492
10412,-0.0428113
10413,0.13340296
10414,-0.252467
10415,0.2648921
10416,0.23072733
10417,0.17949088
10418,0.09313009
10419,0.16613175
10420,0.21475743
10421,0.43483776
10422,-0.5989995
10423,-0.29147193
10424,-0.16435543
10425,0.018245146
10426,0.84289503
10427,0.016569903
10428,0.2594083
10429,0.9026252
10430,-0.13737915
10431,-0.5011244
10432,-0.3789502
10433,0.85144055
10434,0.14528091
10435,-0.7619784
10436,-0.13278972
10437,-0.4793316
10438,-0.064062275
10439,-0.19564584
10440,-0.50106895
10441,0.70124537
10442,0.30455434
10443,0.2969561
10444,-0.21602757
10445,-0.17131023
10446,-0.01675694
10447,0.38502207
10448,0.60235095
10449,0.42945418
10450,1.226552
10451,0.4648117
10452,0.01519147
10453,0.8067437
10454,-0.5107317
10455,-0.47627708
10456,0.2307171
10457,-0.019364275
10458,0.11605276
10459,-0.06646195
10460,0.33326593
10461,-0.07777263
10462,-0.24856654
10463,-0.024024278
10464,0.5506687
10465,0.31602767
10466,-0.14943025
10467,0.44535503
10468,-0.2271705
10469,0.08836914
10470,0.2880751
10471,0.09632891
10472,0.58651936
10473,0.00977633
10474,0.27565342
10475,-0.12784691
10476,-0.3171884
10477,-0.26497358
10478,0.8257061
10479,0.17645946
10480,0.1078105
10481,-0.5215535
10482,-0.8192097
10483,0.16738993
10484,-0.518579
10485,0.05928577
10486,-0.16736466
10487,1.0244533
10488,0.5127325
10489,0.08141342
10490,0.06864059
10491,0.6459358
10492,-0.121098444
10493,-0.30029914
10494,0.3586007
10495,-0.008781302
10496,-0.6428556
10497,-0.21127419
10498,0.32834253
10499,-0.09425365
10500,-0.33198872
10501,-0.6610708
10502,0.012099393
10503,0.9112833
10504,-0.47947562
10505,-0.5046824
10506,-0.20805846
10507,-0.035319537
10508,0.123669416
10509,0.7087295
10510,0.012508289
10511,-2.7771502
10512,1.1402315
10513,0.28785923
10514,0.46950686
10515,-0.17787838
10516,0.8116899
10517,1.1907741
10518,0.1375942
10519,-0.029055027
10520,0.051962104
10521,-0.4358674
10522,0.20006359
10523,1.1752597
10524,-0.60432684
10525,-0.6747098
10526,0.6400428
10527,0.5785586
10528,-0.033926867
10529,-0.32902285
10530,-0.04853265
10531,-0.69773006
10532,0.0777486
10533,-0.15295757
10534,-0.088102885
10535,0.1707631
10536,0.3399821
10537,-0.19717649
10538,-0.39540917
10539,-0.80402476
10540,-0.66072917
10541,-0.020700306
10542,0.075217925
10543,0.7111273
10544,0.3170775
10545,-0.8854397
10546,1.1215138
10547,-0.17297383
10548,-0.048251588
10549,0.2699007
10550,-0.47918582
10551,-0.19942057
10552,-0.11642694
10553,-0.1418805
10554,0.108359754
10555,0.23743734
10556,-0.13677703
10557,1.3542022
10558,1.0791724
10559,0.048573855
10560,-0.30842513
10561,0.18163735
10562,-0.02806274
10563,-0.7714765
10564,-0.52330744
10565,-0.22912382
10566,-0.30756944
10567,-0.24241124
10568,-0.32817924
10569,-0.013969247
10570,0.12401232
10571,0.12434472
10572,0.15997137
10573,0.18171287
10574,-0.37713844
10575,-0.021513907
10576,-0.34942248
10577,0.38014504
10578,0.087908134
10579,0.97425437
10580,-0.14676623
10581,0.0416881
10582,-0.3648331
10583,0.5942905
10584,-0.48425043
10585,-0.16104847
10586,-0.2177868
10587,0.24784099
10588,-0.51010853
10589,0.04376461
10590,0.092595264
10591,0.071431175
10592,0.6377069
10593,0.059441067
10594,-0.3098626
10595,0.7370889
10596,0.07687611
10597,0.1421821
10598,0.009184863
10599,-0.237348
10600,-0.9549743
10601,-0.60612625
10602,0.17032845
10603,-0.13844417
10604,-0.03608933
10605,0.054899424
10606,-1.120983
10607,0.054934744
10608,1.1485726
10609,1.9715552
10610,-1.8892351
10611,0.07885937
10612,-0.071534
10613,0.3634552
10614,-0.037120804
10615,-0.37929165
10616,-0.062796466
10617,0.023417426
10618,0.08011591
10619,0.15169181
10620,0.14723738
10621,-0.55210155
10622,-0.07075292
10623,0.32580552
10624,0.4263513
10625,-0.055791914
10626,-0.2733952
10627,0.36397183
10628,-0.7031658
10629,0.50341254
10630,0.56606764
10631,-0.21121989
10632,0.83986354
10633,0.34316745
10634,-0.06886069
10635,0.18441816
10636,-0.030971717
10637,-0.19675766
10638,-1.1827155
10639,0.18902205
10640,-0.27188793
10641,0.12999146
10642,-0.19256926
10643,-0.42353436
10644,0.15377495
10645,0.37955418
10646,-0.16345413
10647,-0.08061043
10648,-0.11396051
10649,-1.2396014
10650,0.36502343
10651,-0.25506023
10652,0.040509924
10653,0.16548416
10654,-0.04361354
10655,0.37513912
10656,0.4418069
10657,-0.94070184
10658,-0.19219601
10659,0.24010837
10660,-0.5786128
10661,0.28401807
10662,0.17083354
10663,-0.41654506
10664,0.1758148
10665,-0.42464098
10666,-0.77606565
10667,0.7704142
10668,0.32438973
10669,-0.28619274
10670,1.2430921
10671,-0.09078793
10672,0.16768076
10673,1.376645
10674,0.11521203
10675,-0.21913837
10676,-0.24936363
10677,0.036130853
10678,0.79021037
10679,0.07822749
10680,-0.34704515
10681,2.1219387
10682,0.3036133
10683,0.16851284
10684,-0.11867129
10685,-1.092221
10686,1.1270119
10687,0.4411447
10688,-0.11109194
10689,-0.21356903
10690,-0.5026369
10691,-0.029856332
10692,-0.18721406
10693,0.102037124
10694,0.3101248
10695,-0.30002022
10696,0.59533143
10697,0.22741723
10698,0.27817738
10699,1.3506702
10700,-1.3822887
10701,-0.11832024
10702,0.25375095
10703,-0.004490434
10704,-0.05552325
10705,1.6199135
10706,0.042248264
10707,1.5079284
10708,0.5424681
10709,3.23494
10710,0.44841504
10711,-0.79199255
10712,-0.051190585
10713,0.049332965
10714,-0.29741633
10715,0.30622998
10716,-0.13356432
10717,-0.7923655
10718,0.19784304
10719,0.036058947
10720,1.4319137
10721,-0.30960947
10722,1.7901508
10723,0.30771062
10724,-0.24934989
10725,-0.11439429
10726,-0.47219047
10727,-0.5100159
10728,-0.41474834
10729,-0.05044747
10730,-0.56340736
10731,0.10077338
10732,0.18684965
10733,-0.0013970387
10734,0.0995196
10735,0.51176834
10736,-0.3090849
10737,0.29095244
10738,0.15846859
10739,0.4945212
10740,-0.24288553
10741,-1.0131388
10742,0.030611055
10743,-0.30137062
10744,-0.23889856
10745,0.04626438
10746,0.8841288
10747,-0.16455589
10748,-0.47191054
10749,0.39749393
10750,0.045118082
10751,-0.0057753543
10752,-0.59397125
10753,0.3378483
10754,0.27302977
10755,0.12522922
10756,0.5620491
10757,-0.12238397
10758,-0.14976183
10759,0.28626105
10760,0.71062523
10761,-0.1756852
10762,-0.3635745
10763,1.104072
10764,-0.39194074
10765,0.81114686
10766,1.0547078
10767,-0.27997905
10768,-0.09597764
10769,0.5678473
10770,-0.059960127
10771,-0.0032796725
10772,-0.084222004
10773,0.47991675
10774,0.028147507
10775,-0.37555456
10776,-0.19126481
10777,-1.4115722
10778,-0.008922273
10779,-0.30158755
10780,-0.49534032
10781,0.23663837
10782,0.19963475
10783,0.68805647
10784,0.56683147
10785,1.7147058
10786,-0.30344182
10787,0.329291
10788,-0.14118968
10789,-0.0695838
10790,-0.4455963
10791,-0.3158116
10792,-0.48949054
10793,-0.021525575
10794,0.8894267
10795,0.27648517
10796,0.13291365
10797,0.53240687
10798,-0.4291801
10799,-0.4320007
10800,0.33638263
10801,0.35939786
10802,1.3971679
10803,0.5472442
10804,0.2983123
10805,0.12030305
10806,0.16993074
10807,1.6272311
10808,0.14973135
10809,0.04169642
10810,0.39313394
10811,0.14371422
10812,0.6987038
10813,0.25751403
10814,-0.34152234
10815,0.74645233
10816,1.6652522
10817,0.16273464
10818,-0.15552936
10819,0.06694425
10820,-0.075448245
10821,-0.1945135
10822,-0.06712818
10823,-0.23765585
10824,-0.15509857
10825,0.5536089
10826,0.38379443
10827,-0.059555616
10828,-0.023443775
10829,-0.12725109
10830,0.05880294
10831,0.57009655
10832,1.6106654
10833,1.1708163
10834,-0.30030093
10835,0.7599177
10836,0.4388526
10837,-0.7205119
10838,0.10513752
10839,0.17003573
10840,-0.10496767
10841,-0.26547134
10842,-0.040983744
10843,0.4305047
10844,-0.18502389
10845,0.22810528
10846,0.97726756
10847,-0.90766186
10848,0.37060973
10849,-0.11964222
10850,-0.1911026
10851,0.107828915
10852,-0.8109989
10853,-0.01616376
10854,-0.040039744
10855,0.08341635
10856,0.51413107
10857,0.21334049
10858,1.0217819
10859,-0.16513474
10860,-0.23372681
10861,0.9478391
10862,0.16109712
10863,-0.04031941
10864,0.04660077
10865,0.8334333
10866,-2.0079572
10867,0.6662619
10868,-0.536907
10869,0.28405854
10870,-0.05727779
10871,0.9637736
10872,0.90603673
10873,0.2504297
10874,-0.12831397
10875,0.09600553
10876,-0.19617742
10877,0.58998257
10878,0.0016624399
10879,-0.4405962
10880,0.00048686386
10881,0.13332252
10882,-1.4727591
10883,-0.25000829
10884,-1.6755997
10885,0.5696357
10886,0.3810716
10887,-0.5081478
10888,-0.119559795
10889,0.15142909
10890,-0.38024926
10891,-0.16210225
10892,-0.33705622
10893,0.38806102
10894,-0.20444582
10895,0.2334608
10896,-0.07621955
10897,0.024409061
10898,-0.50046104
10899,-0.36797
10900,-0.10316612
10901,0.18684484
10902,0.048058223
10903,-0.34724388
10904,0.15769967
10905,1.059957
10906,-0.27950078
10907,-0.012712959
10908,-0.10511567
10909,-0.26966813
10910,0.10958196
10911,0.19500376
10912,-0.122598335
10913,0.13905126
10914,1.073734
10915,0.42980662
10916,-0.63215685
10917,-0.33044234
10918,0.64314246
10919,-0.079162285
10920,-0.082743056
10921,-0.23623702
10922,-0.29813176
10923,1.8280995
10924,0.92492956
10925,0.31640375
10926,-0.78749967
10927,-0.3195521
10928,0.06172937
10929,0.47755253
10930,-0.0048768525
10931,0.19192612
10932,-0.30147994
10933,-0.3284569
10934,0.4989983
10935,0.43133074
10936,0.13082448
10937,0.78578854
10938,0.36821222
10939,-0.49946502
10940,-0.071136154
10941,-0.62410146
10942,0.09324486
10943,0.78102386
10944,0.17802629
10945,0.24374306
10946,0.17111415
10947,-0.4279931
10948,-0.43731773
10949,0.106730714
10950,0.2910746
10951,0.17706539
10952,-0.090554066
10953,0.5849252
10954,-0.11307673
10955,0.7666142
10956,0.34224817
10957,-1.8512288
10958,0.2845216
10959,-0.40498894
10960,0.7272247
10961,-0.08256987
10962,0.2090305
10963,0.093380734
10964,1.4083779
10965,-0.73542607
10966,-0.5197895
10967,0.094668575
10968,0.02605302
10969,-0.61513036
10970,0.7511879
10971,-0.078601114
10972,1.0559354
10973,-0.09209848
10974,-0.29265815
10975,-0.09508835
10976,0.10333552
10977,-0.31985256
10978,-0.03633445
10979,-0.29196423
10980,0.50480676
10981,0.16229261
10982,-0.326217
10983,0.18024653
10984,-0.09660764
10985,-0.16163649
10986,0.4403944
10987,0.47721815
10988,-0.10035072
10989,-1.6309872
10990,-0.26709113
10991,-0.12620352
10992,0.28795746
10993,-0.6545881
10994,-0.2383318
10995,-0.31754833
10996,-0.0027466617
10997,-0.6733711
10998,-0.46579376
10999,0.23263194
11000,1.2427851
11001,0.64930934
11002,0.15247925
11003,-0.81543356
11004,0.061944015
11005,-0.27786627
11006,0.77009076
11007,-0.029860215
11008,0.0613586
11009,-0.03061992
11010,-0.033620164
11011,0.7169552
11012,-0.15044689
11013,-0.584133
11014,1.258754
11015,0.49673516
11016,0.1415034
11017,0.53940845
11018,1.5130285
11019,0.22114313
11020,0.047859434
11021,0.13660605
11022,1.8216573
11023,-0.22219288
11024,-0.10301581
11025,0.76774526
11026,-0.17700663
11027,-0.21942514
11028,-0.17379431
11029,0.030870765
11030,0.11071893
11031,0.4934128
11032,0.46298903
11033,-0.10249186
11034,0.49992362
11035,0.33157888
11036,0.2584405
11037,-0.14672011
11038,-0.5726594
11039,0.19527794
11040,0.119724795
11041,-0.08952782
11042,2.19169
11043,-0.2287197
11044,1.438535
11045,-0.09420889
11046,0.15188783
11047,-0.07469752
11048,-1.0015177
11049,0.32852307
11050,0.8358863
11051,0.3400405
11052,-0.4600744
11053,-0.91467947
11054,-0.020724215
11055,0.25233874
11056,0.46780768
11057,-0.23461205
11058,-0.117937714
11059,-0.04708713
11060,-0.2005066
11061,-0.0805292
11062,0.46969447
11063,0.37450603
11064,0.23096487
11065,-0.7149731
11066,0.46672088
11067,0.868831
11068,-0.15507817
11069,0.10822792
11070,0.7891092
11071,-0.16066295
11072,0.18615441
11073,1.7289124
11074,1.2412015
11075,-0.42633408
11076,-0.23081514
11077,0.08893515
11078,0.25765905
11079,-0.15241559
11080,-0.15225679
11081,0.14037426
11082,0.030067103
11083,-0.63137615
11084,0.01943038
11085,0.24409924
11086,0.37855884
11087,0.86599666
11088,0.50335294
11089,0.40392
11090,0.17624871
11091,0.51655716
11092,0.08597462
11093,0.6420938
11094,0.3900495
11095,1.8556366
11096,1.209775
11097,1.4651886
11098,0.035961498
11099,0.11187892
11100,-0.11295033
11101,-0.34366554
11102,0.15599568
11103,-0.95847315
11104,-0.026585462
11105,0.7367062
11106,0.7886457
11107,-0.34852228
11108,-0.38126442
11109,0.086391106
11110,-0.057352837
11111,-0.13400005
11112,0.35545716
11113,-0.023671651
11114,0.31543717
11115,0.24090855
11116,-0.59939814
11117,0.4950301
11118,-0.20199527
11119,-0.3571114
11120,0.14693925
11121,0.10237666
11122,0.21627292
11123,-0.15672718
11124,-0.8965861
11125,0.22873051
11126,-0.31924602
11127,0.30210686
11128,-0.14270172
11129,0.2725159
11130,-0.16394857
11131,-0.13796385
11132,0.6105349
11133,-0.44827208
11134,-0.4573013
11135,-0.06985385
11136,-0.9554806
11137,0.09836239
11138,0.32803917
11139,-0.17122935
11140,-0.025929065
11141,-1.0245876
11142,0.47122929
11143,0.16465679
11144,-0.95118904
11145,-0.005559187
11146,1.4265783
11147,0.13264224
11148,-0.08176333
11149,0.25715265
11150,-0.055073652
11151,-0.019200195
11152,0.16213673
11153,0.1295976
11154,-0.10337559
11155,1.0794368
11156,-0.4327693
11157,0.09199183
11158,0.057728633
11159,0.40442783
11160,-0.16758193
11161,0.019170763
11162,0.028752724
11163,3.0785131
11164,0.9695282
11165,0.1853446
11166,0.25499055
11167,-0.08919325
11168,2.2483215
11169,-0.020933023
11170,0.21102113
11171,-0.31212264
11172,0.52063125
11173,0.33002025
11174,-0.5039158
11175,-0.6320961
11176,0.5223099
11177,1.8556037
11178,-0.18641858
11179,0.31493405
11180,-0.033987816
11181,0.546778
11182,0.14004728
11183,-0.47400683
11184,-0.46543646
11185,0.051228788
11186,1.4076886
11187,0.005228078
11188,0.8355662
11189,0.053826123
11190,0.96273476
11191,-0.1274379
11192,-0.06579581
11193,0.20195547
11194,-0.042340185
11195,0.0011768803
11196,-0.2134053
11197,-0.36407888
11198,-0.013163297
11199,0.41608006
11200,-0.3735364
11201,0.19041762
11202,0.88065404
11203,-0.105455324
11204,0.2141541
11205,-0.93859845
11206,0.5801738
11207,-0.020113423
11208,0.021434246
11209,-0.10503833
11210,0.3108978
11211,0.04855067
11212,-0.2892003
11213,-0.7270166
11214,-0.5628068
11215,0.11904797
11216,-0.492453
11217,1.5874321
11218,-0.9538667
11219,0.5800964
11220,0.48394823
11221,0.9037606
11222,0.34230068
11223,0.26099032
11224,0.15921922
11225,0.7681505
11226,-0.06377932
11227,0.52533275
11228,0.07853911
11229,-0.26109844
11230,-0.18074371
11231,-0.20459612
11232,1.0969448
11233,0.022420695
11234,0.7567779
11235,0.49216244
11236,0.77556676
11237,0.5260453
11238,0.8275997
11239,-0.3337937
11240,-0.205715
11241,-0.443676
11242,-0.077690266
11243,-0.21452382
11244,-0.1237717
11245,0.1305981
11246,0.266782
11247,-0.15631497
11248,0.02430539
11249,0.3805008
11250,-0.59254473
11251,-0.19954607
11252,0.38438618
11253,-0.28893873
11254,0.7907744
11255,-0.5995463
11256,-1.4415656
11257,1.5799539
11258,-0.43313003
11259,-0.15301421
11260,-0.39130506
11261,0.42663062
11262,-0.012936416
11263,-1.2749337
11264,0.7535465
11265,-0.5676825
11266,2.0569644
11267,-1.63932
11268,-0.056624737
11269,0.18309642
11270,-0.11123692
11271,0.118004546
11272,-0.3212983
11273,-0.6416151
11274,-0.0072019235
11275,0.21227695
11276,-0.009109882
11277,0.15394561
11278,0.1915488
11279,0.6968909
11280,2.628695
11281,-0.037672058
11282,0.15673158
11283,1.0071853
11284,0.03191481
11285,-0.2298196
11286,-1.0928226
11287,0.070186496
11288,-0.36000606
11289,0.16470449
11290,0.21812092
11291,0.0874646
11292,-0.039592497
11293,0.14690337
11294,0.40764695
11295,0.7463573
11296,-0.112216055
11297,0.54244334
11298,-0.6875982
11299,0.3023207
11300,0.33799356
11301,-0.38915953
11302,0.3765288
11303,0.31028587
11304,0.06314217
11305,-0.548459
11306,0.16964367
11307,-0.16923298
11308,0.20404983
11309,-0.027967073
11310,-0.06577724
11311,0.0031965135
11312,-0.51799417
11313,-0.2690672
11314,-0.0008720321
11315,-0.18739292
11316,-0.4649535
11317,0.09601714
11318,-0.006336256
11319,1.0094818
11320,0.25780132
11321,-0.004465107
11322,-0.8536677
11323,0.16195017
11324,0.45590088
11325,0.025363287
11326,0.05330927
11327,-0.06561235
11328,-0.2267808
11329,1.3452827
11330,1.4352925
11331,-0.38437486
11332,-0.1431794
11333,-0.4423975
11334,0.032423034
11335,0.20787492
11336,0.8495973
11337,1.240124
11338,2.3767354
11339,0.2054657
11340,0.044981927
11341,-0.3010826
11342,0.46845204
11343,-0.42922345
11344,0.07373949
11345,-0.2101221
11346,1.7526464
11347,0.04199419
11348,-0.22629568
11349,0.70044637
11350,1.5221268
11351,-0.160978
11352,0.08534755
11353,0.055783972
11354,-0.51133454
11355,-1.5462382
11356,-0.42734334
11357,0.33145604
11358,0.6151663
11359,-0.29237276
11360,0.26880226
11361,-0.08044804
11362,0.06758489
11363,-0.1011201
11364,-1.327686
11365,0.2509658
11366,-1.2551588
11367,-0.6274677
11368,-0.22062245
11369,0.6092024
11370,0.37509143
11371,-0.38149342
11372,0.270887
11373,0.08425421
11374,2.1726067
11375,-0.122579075
11376,-0.2159506
11377,-0.19412632
11378,0.47471634
11379,-1.7090038
11380,-0.049837966
11381,-7.665034e-05
11382,0.0906331
11383,-0.481295
11384,1.0185294
11385,1.3630292
11386,-0.05534472
11387,1.4326102
11388,-0.227752
11389,0.14554217
11390,-0.005937864
11391,0.63414013
11392,0.14899985
11393,0.2749586
11394,-0.78856
11395,0.8662507
11396,-0.66051215
11397,1.0590057
11398,-0.41917035
11399,-0.16611451
11400,0.05366268
11401,0.43464166
11402,0.41150934
11403,0.5258166
11404,0.34569785
11405,-0.26222402
11406,3.3855927
11407,0.0029587199
11408,-0.036571015
11409,1.297065
11410,1.3054367
11411,0.08680178
11412,0.22960895
11413,-0.074020386
11414,0.89153636
11415,0.1673577
11416,-0.38166207
11417,-0.013065065
11418,2.0259655
11419,-0.09104751
11420,-0.113789156
11421,-0.34855086
11422,0.13244049
11423,1.1715565
11424,1.1550325
11425,-0.1582644
11426,-0.036495548
11427,-0.816359
11428,0.82128257
11429,0.22068909
11430,0.3218837
11431,0.3797768
11432,-0.39144593
11433,-0.43739983
11434,-0.3108524
11435,-0.23990895
11436,-0.095470056
11437,0.084524654
11438,-0.2110285
11439,-0.4143749
11440,0.05881721
11441,0.3507681
11442,-1.3587083
11443,0.13698713
11444,1.4293253
11445,-0.29677647
11446,-0.7552247
11447,-0.6123785
11448,0.18714288
11449,0.60363925
11450,0.066516005
11451,-0.77279526
11452,-0.37325677
11453,-0.18244101
11454,-0.0051338784
11455,0.43330505
11456,-0.12581605
11457,0.07543564
11458,0.11017955
11459,-0.7036887
11460,0.70120656
11461,-0.12928683
11462,0.69118214
11463,0.9161611
11464,-0.25699753
11465,-0.06809934
11466,0.32374403
11467,-0.064460464
11468,1.5840533
11469,0.28609177
11470,-0.49035192
11471,0.085389785
11472,0.21547173
11473,-0.4777715
11474,-0.07051559
11475,-0.57279503
11476,1.5354365
11477,-1.4042165
11478,0.4144864
11479,0.2548222
11480,-0.33951536
11481,1.2384895
11482,-0.12726878
11483,0.27787548
11484,-0.39217556
11485,-0.21763769
11486,-0.6207262
11487,0.973006
11488,-0.00057897496
11489,-0.075040616
11490,-0.23003203
11491,-0.12265425
11492,-0.17350222
11493,0.18596922
11494,-0.4294697
11495,-0.40241882
11496,-0.24856709
11497,-0.37211135
11498,0.9386426
11499,-0.9377162
11500,0.2141827
11501,-0.035588037
11502,-0.029652871
11503,0.40149158
11504,-0.39194316
11505,0.77868223
11506,0.266834
11507,0.022015713
11508,-0.013802827
11509,-0.16883048
11510,2.6246994
11511,-0.09342526
11512,0.823727
11513,-0.45065406
11514,-0.36881173
11515,-0.39897358
11516,0.19164039
11517,1.236641
11518,0.10112882
11519,0.21319331
11520,-0.1595504
11521,-0.104051456
11522,0.20384657
11523,-0.374572
11524,0.4294487
11525,0.18322328
11526,-0.584471
11527,0.9834082
11528,-0.32369134
11529,0.09388144
11530,0.15650663
11531,2.560041
11532,-0.2433633
11533,0.43850666
11534,0.13085854
11535,1.1202574
11536,0.53402925
11537,1.1700348
11538,0.002429462
11539,-0.33570513
11540,-0.06255882
11541,0.475816
11542,0.9027967
11543,0.014179729
11544,0.1330558
11545,0.49859414
11546,-0.14465518
11547,-0.4671845
11548,0.090013675
11549,0.8027974
11550,-0.18430606
11551,1.1256347
11552,-0.08963249
11553,0.020259852
11554,-0.1943634
11555,-0.10190345
11556,-0.23902334
11557,2.0450475
11558,0.581322
11559,-0.11945044
11560,0.17731795
11561,-0.2733898
11562,-0.3635526
11563,-0.09166657
11564,-0.14842035
11565,-0.18393879
11566,0.5513058
11567,1.2724864
11568,0.63359755
11569,0.62576
11570,1.7937704
11571,-0.0029219566
11572,-0.17782651
11573,0.71692413
11574,0.90083593
11575,-0.42506903
11576,0.09664003
11577,-0.5618218
11578,0.07412891
11579,0.020339707
11580,0.7142576
11581,-0.7670973
11582,-0.097586416
11583,-0.24427983
11584,0.09170984
11585,-0.10235256
11586,0.0025380808
11587,-0.21095768
11588,-0.1691854
11589,0.34970075
11590,1.7648176
11591,-0.17471196
11592,-0.3374303
11593,-0.3954048
11594,0.15406637
11595,-0.047608577
11596,-0.06262727
11597,-0.26803362
11598,0.58072305
11599,0.026370978
11600,0.23242827
11601,0.22496922
11602,0.67965454
11603,0.18181686
11604,-0.39364153
11605,-0.48876712
11606,0.4314706
11607,0.28121907
11608,0.114626974
11609,0.1311515
11610,-0.4307355
11611,0.018572273
11612,0.25166565
11613,0.42535567
11614,0.23361911
11615,0.9314236
11616,0.40233666
11617,0.7938535
11618,-0.86330664
11619,0.75437236
11620,0.25143185
11621,-0.6576057
11622,0.3230783
11623,-0.11407283
11624,0.15230915
11625,-0.7402682
11626,-1.4619468
11627,0.152267
11628,-0.09492258
11629,0.094162114
11630,0.5581932
11631,-1.6853975
11632,0.76339895
11633,1.2415942
11634,0.94086725
11635,-0.3821331
11636,0.23194355
11637,-0.24363598
11638,-0.8151529
11639,-0.049985647
11640,0.16445135
11641,2.1376283
11642,0.022941187
11643,0.24593695
11644,0.8242404
11645,0.80274117
11646,-0.03195273
11647,-0.024708156
11648,0.0033012463
11649,-0.021266555
11650,-0.21804291
11651,0.10740697
11652,0.056355044
11653,0.067589514
11654,-0.059461433
11655,0.5287733
11656,0.03770889
11657,-0.038589705
11658,0.14002177
11659,0.36490548
11660,-0.07867011
11661,1.0073178
11662,0.18637319
11663,-0.32253733
11664,-0.60847074
11665,0.14568208
11666,-0.03877789
11667,2.6147034
11668,0.5220647
11669,0.58832306
11670,-0.72692794
11671,-0.11592164
11672,-0.028701685
11673,0.11718051
11674,-0.08415257
11675,-1.1430485
11676,0.14438067
11677,-0.17988424
11678,0.11849003
11679,0.43642402
11680,-0.14081386
11681,0.13214292
11682,-0.06848656
11683,-0.045578152
11684,-0.6631878
11685,0.3877307
11686,0.404624
11687,1.769338
11688,-0.38960278
11689,0.44657326
11690,0.056457613
11691,0.4201275
11692,0.45568332
11693,-0.4044208
11694,-0.22895303
11695,-0.3374413
11696,-0.16679733
11697,-0.23642282
11698,-0.49690828
11699,0.54041016
11700,0.9414879
11701,-0.0024619428
11702,0.109746754
11703,-0.8823806
11704,1.4160813
11705,1.2947524
11706,-0.18072282
11707,0.6732108
11708,0.79906535
11709,0.24922636
11710,0.48903996
11711,-0.34441397
11712,-1.0543793
11713,0.08532914
11714,0.13287544
11715,0.01706342
11716,-0.4736452
11717,-0.027647022
11718,-0.5959768
11719,4.401791
11720,0.85692984
11721,0.1440401
11722,0.49491826
11723,-0.20202732
11724,0.027779154
11725,0.2615466
11726,-1.8590027
11727,-0.24492876
11728,-0.10916254
11729,0.8807552
11730,0.23022836
11731,-0.07890362
11732,0.32331246
11733,0.29868996
11734,-0.10149521
11735,1.3960599
11736,0.4118775
11737,1.4386508
11738,0.14469266
11739,2.1184402
11740,0.11528505
11741,-0.35490552
11742,2.1654556
11743,-0.04353338
11744,0.92634743
11745,-0.18016045
11746,1.2195873
11747,-0.12301705
11748,-0.17083558
11749,0.6469556
11750,-0.12754817
11751,0.17274073
11752,-0.011831437
11753,0.19038615
11754,0.08659404
11755,0.41315958
11756,-0.6176785
11757,-0.7071916
11758,1.8404604
11759,0.036132168
11760,-0.62921363
11761,-0.88105106
11762,-0.10225066
11763,0.22351761
11764,1.5195684
11765,-0.4420413
11766,2.841109
11767,-0.20665288
11768,0.1431544
11769,-0.20035282
11770,-0.52769613
11771,2.0270128
11772,0.10387188
11773,-0.16693233
11774,0.7546837
11775,-0.20760769
11776,0.13873114
11777,0.035335753
11778,-0.87614053
11779,-0.010747295
11780,0.091264956
11781,-0.040452123
11782,0.009301128
11783,0.55075383
11784,-0.18672435
11785,-0.18547508
11786,0.8832382
11787,2.1071064
11788,0.9109461
11789,0.12304149
11790,0.3305562
11791,-0.013556942
11792,1.1553211
11793,0.08100092
11794,0.2248259
11795,-0.23798282
11796,0.75862974
11797,-0.08904033
11798,1.0296828
11799,-0.26658455
11800,-0.102155864
11801,0.40287945
11802,-0.065725654
11803,0.021101898
11804,-1.1812959
11805,-0.13954942
11806,1.1870149
11807,0.031411473
11808,0.067908525
11809,-0.22051923
11810,-0.18932626
11811,1.7970517
11812,-0.16407774
11813,-0.28566557
11814,0.6577682
11815,0.46437898
11816,0.39005816
11817,0.09136422
11818,0.6340293
11819,0.80562305
11820,0.21230918
11821,1.0673534
11822,0.61530745
11823,-0.44064197
11824,0.08451308
11825,-0.045417495
11826,0.071429625
11827,0.29466507
11828,1.3250525
11829,0.6695655
11830,0.08084164
11831,0.025541658
11832,-0.02877156
11833,-0.39736855
11834,0.41979948
11835,-0.1426962
11836,-0.05417569
11837,-0.32722753
11838,0.33122754
11839,1.5034072
11840,-0.8250954
11841,1.8684063
11842,-0.18715765
11843,2.598783
11844,-0.09999179
11845,0.050742436
11846,1.3455514
11847,1.1878136
11848,-0.8182413
11849,0.23060738
11850,-0.27673638
11851,-0.96852094
11852,-0.44303736
11853,0.058739796
11854,0.5966846
11855,0.33711812
11856,1.239656
11857,-0.030202858
11858,0.49234462
11859,-0.28620774
11860,0.025143962
11861,0.17015515
11862,0.59331506
11863,0.029213753
11864,0.23237205
11865,0.84465456
11866,0.13190463
11867,-0.17678966
11868,-0.38832912
11869,-0.18682049
11870,-0.13042109
11871,-3.1766756
11872,1.0574585
11873,-0.23527396
11874,0.45034975
11875,-0.11901361
11876,0.75898683
11877,3.5057278
11878,-0.2838373
11879,0.1299576
11880,-0.2559683
11881,0.45939833
11882,0.095036805
11883,0.17645335
11884,0.2698667
11885,0.098694496
11886,1.9804655
11887,0.0736855
11888,-0.04592433
11889,0.44135493
11890,-0.7247077
11891,0.508412
11892,-0.03568536
11893,2.0945115
11894,0.07529519
11895,-0.1002664
11896,0.13381167
11897,-0.014910545
11898,0.017207114
11899,-0.48108467
11900,0.12741914
11901,0.42148253
11902,0.7338031
11903,-0.40768337
11904,-0.13428077
11905,0.60520685
11906,0.67473567
11907,0.26605177
11908,0.136005
11909,-0.08848392
11910,-0.57650083
11911,0.5408407
11912,0.036891475
11913,-0.022041373
11914,0.29654083
11915,-0.082649335
11916,0.94547504
11917,-0.93805397
11918,1.0738668
11919,1.6048372
11920,0.3114124
11921,-0.14485821
11922,1.1073388
11923,0.23122194
11924,0.084547356
11925,-0.7126002
11926,-0.25901002
11927,-0.17320937
11928,1.4084564
11929,-0.75663507
11930,-2.2171795
11931,0.34346154
11932,0.2775914
11933,0.085895225
11934,0.22472773
11935,0.21955264
11936,-0.24995637
11937,-0.24639633
11938,0.09527393
11939,1.1107605
11940,-0.69350237
11941,-0.090138234
11942,1.4927641
11943,0.12985064
11944,0.27145985
11945,-0.16548245
11946,-0.11280864
11947,-0.29334947
11948,-0.1417096
11949,0.1737096
11950,-0.84122455
11951,-0.4398419
11952,-0.10567034
11953,-0.05595994
11954,-0.27379394
11955,-0.23374805
11956,0.1548759
11957,-1.0991431
11958,0.066523515
11959,-0.1400739
11960,-0.7710516
11961,-0.32602414
11962,-0.12052469
11963,0.74388576
11964,-0.217946
11965,-0.14553124
11966,-0.491896
11967,0.28711274
11968,-0.5223036
11969,-0.91607916
11970,-0.2435806
11971,0.33012936
11972,0.22345924
11973,0.8264117
11974,0.09899345
11975,-0.07841046
11976,-0.102669686
11977,1.8071623
11978,-0.025032893
11979,-0.20236489
11980,-0.1407746
11981,0.73827624
11982,0.6444261
11983,-0.33529323
11984,-0.25758353
11985,0.09859889
11986,-0.09482673
11987,0.3190867
11988,-0.02195413
11989,-0.19670479
11990,-0.3793674
11991,-0.32429948
11992,0.16077481
11993,0.029980786
11994,-0.025771849
11995,0.16866657
11996,0.5084603
11997,0.29901257
11998,3.0676672
11999,-0.07835859
12000,-0.21174201
12001,0.09172187
12002,0.046671644
12003,0.03575426
12004,-0.24762708
12005,-0.43334422
12006,-0.01038103
12007,0.32745373
12008,0.082619414
12009,-0.12606959
12010,0.46345967
12011,-0.46078354
12012,0.33250174
12013,1.2244899
12014,-0.19808683
12015,-0.7237046
12016,-0.51776874
12017,0.16206448
12018,0.17288639
12019,-0.10226819
12020,-0.13606983
12021,0.014569398
12022,0.03507968
12023,-0.51190346
12024,-0.3076979
12025,-0.36015472
12026,0.015137691
12027,-0.44210178
12028,-0.40668812
12029,0.04897339
12030,0.9471927
12031,0.21576278
12032,0.048217855
12033,0.21941859
12034,0.18568522
12035,-0.07684346
12036,-0.04423561
12037,-0.2530587
12038,-0.11092909
12039,0.13908803
12040,0.13072933
12041,-0.44182113
12042,-0.03730032
12043,-0.13829762
12044,-0.29756093
12045,1.4467872
12046,-0.048211895
12047,0.7406613
12048,2.1014082
12049,0.9392464
12050,0.14015867
12051,0.03761062
12052,0.07126389
12053,-1.5055008
12054,-0.0147732645
12055,1.0879242
12056,0.54469275
12057,-0.08691348
12058,-0.44481346
12059,-0.5818453
12060,0.14060281
12061,-0.6710684
12062,-0.10379766
12063,1.3894601
12064,-0.10677667
12065,-0.53397435
12066,0.42695498
12067,0.25590128
12068,-0.18446264
12069,0.87878144
12070,-0.10947236
12071,-0.02050724
12072,0.22706331
12073,-0.04636514
12074,-0.23872809
12075,0.15390904
12076,0.6118399
12077,0.25571328
12078,-0.04594492
12079,2.6996405
12080,-0.075014964
12081,-0.039632775
12082,-0.49293026
12083,-0.22449817
12084,0.4360325
12085,-0.8544907
12086,0.31303945
12087,-0.33809137
12088,0.06000016
12089,-0.16928914
12090,0.6704108
12091,0.48988318
12092,0.34782064
12093,0.5689967
12094,-0.5884191
12095,-0.22244954
12096,-0.54416245
12097,0.39655647
12098,0.20105542
12099,-1.5405793
12100,0.3937553
12101,0.039037514
12102,1.8832365
12103,0.39180928
12104,1.1196803
12105,0.80438083
12106,1.0042613
12107,0.049127266
12108,-0.44568658
12109,0.64766634
12110,0.25472003
12111,-0.23438847
12112,-0.5243004
12113,-0.2628112
12114,-0.009486856
12115,0.40052703
12116,-0.13402463
12117,2.060932
12118,1.0242944
12119,0.5561359
12120,0.4525483
12121,0.06792186
12122,0.10531165
12123,-0.9732801
12124,-0.27526623
12125,-0.21649873
12126,-0.16284348
12127,-0.5268468
12128,-0.31864074
12129,0.06963196
12130,3.2986214
12131,-0.3998728
12132,-0.4655571
12133,-0.1298453
12134,1.1797007
12135,0.28854018
12136,1.0059409
12137,-0.12769955
12138,0.42558804
12139,-0.5163135
12140,0.14666072
12141,0.1478709
12142,1.0100381
12143,0.6587403
12144,0.57133037
12145,0.1366604
12146,0.48246586
12147,-0.26487038
12148,-0.7757578
12149,0.5523051
12150,0.015447887
12151,0.22720411
12152,-0.1166893
12153,0.31140408
12154,0.32087654
12155,-0.0996459
12156,-0.6690518
12157,-0.8026247
12158,-0.2945327
12159,-0.57103705
12160,-0.39251107
12161,0.73168933
12162,-0.15457956
12163,-0.24606697
12164,0.21002994
12165,1.4230063
12166,-1.0514218
12167,0.7750747
12168,0.54900587
12169,-0.014611782
12170,-0.28437552
12171,0.28952843
12172,0.2003998
12173,0.09558931
12174,-0.16721176
12175,0.20156862
12176,1.0223576
12177,-0.40865815
12178,-0.30308273
12179,-0.360028
12180,0.2748161
12181,0.3662793
12182,-0.4942515
12183,-0.13196564
12184,0.056557428
12185,0.29010165
12186,-0.13662562
12187,1.2309176
12188,-0.05140268
12189,0.062163528
12190,0.20729768
12191,0.34517506
12192,-0.6382527
12193,0.9434455
12194,-0.20662734
12195,0.075557396
12196,0.47125766
12197,0.29072478
12198,0.97262573
12199,0.3404283
12200,-0.5378428
12201,-0.08683957
12202,-0.41192472
12203,-0.17278203
12204,0.103672676
12205,0.7347658
12206,0.21004365
12207,0.08654625
12208,-1.2277541
12209,-0.6506739
12210,-0.30806506
12211,0.18192197
12212,-0.028855862
12213,0.18932876
12214,0.66064125
12215,1.0500562
12216,-0.16814938
12217,0.5693361
12218,0.04224386
12219,0.9988121
12220,0.4574043
12221,0.23598033
12222,0.073780395
12223,0.8018707
12224,-0.41565925
12225,0.1800702
12226,0.1803453
12227,0.49196252
12228,-0.05148557
12229,0.36737505
12230,1.9180318
12231,-0.5901115
12232,0.5835751
12233,0.07921882
12234,-0.10610941
12235,-0.59222966
12236,-1.2556754
12237,-0.22634535
12238,0.035867874
12239,-0.60961264
12240,0.26566425
12241,-0.16976476
12242,0.748787
12243,-0.17581709
12244,-0.38021103
12245,-0.9028945
12246,-0.5795625
12247,0.261154
12248,-0.013460665
12249,0.35389727
12250,0.23196913
12251,-0.10698909
12252,0.2582348
12253,0.18137558
12254,0.4041891
12255,1.6434659
12256,-0.97648865
12257,-0.43288243
12258,0.15783991
12259,0.7229495
12260,0.26355743
12261,-0.0052012797
12262,-0.021134665
12263,-0.13321184
12264,0.32517028
12265,-0.24812138
12266,-0.1896448
12267,0.86469096
12268,0.5437176
12269,-0.13730676
12270,-0.14052364
12271,1.707596
12272,-0.08152799
12273,-0.25565112
12274,0.83411396
12275,-0.3742129
12276,-0.7787605
12277,0.8047936
12278,-0.2501192
12279,-0.33260718
12280,1.6508813
12281,-0.29401594
12282,0.133084
12283,0.56311965
12284,0.2211396
12285,0.71419513
12286,2.0129585
12287,0.3388043
12288,0.23475553
12289,0.57711774
12290,0.15449937
12291,-0.73014814
12292,0.81941634
12293,-0.24921916
12294,-0.6241476
12295,0.8731136
12296,-0.03406801
12297,-0.31909233
12298,-0.4611548
12299,0.34311557
12300,-0.036771685
12301,-0.14399235
12302,0.6031505
12303,-0.09902682
12304,0.43173662
12305,-0.30506018
12306,0.2676286
12307,0.24913181
12308,0.09134377
12309,-0.6668338
12310,-0.49165678
12311,-0.6869844
12312,-0.26139787
12313,0.3823082
12314,-0.28468403
12315,0.51309556
12316,-0.21336439
12317,0.5384778
12318,-0.08624872
12319,0.3770374
12320,0.93649113
12321,0.7038825
12322,-0.18333595
12323,0.792617
12324,0.43189934
12325,0.8199612
12326,-0.34555852
12327,-0.4279846
12328,0.093809314
12329,0.26227826
12330,-0.24184082
12331,-0.54142576
12332,-0.44456932
12333,0.8084727
12334,1.1029258
12335,-0.047669392
12336,0.21195173
12337,0.5541676
12338,-0.32975888
12339,-0.096865624
12340,0.24022545
12341,-0.10231868
12342,0.030478142
12343,0.31100026
12344,0.3429412
12345,-0.13877168
12346,-0.5743435
12347,-0.25346357
12348,0.23886317
12349,1.4333541
12350,-0.35123006
12351,0.057239268
12352,-0.07280292
12353,-0.2973412
12354,-0.03714912
12355,-0.0759908
12356,-0.50500095
12357,1.7333375
12358,0.4561196
12359,-0.11966937
12360,0.20729613
12361,-0.44311878
12362,0.19820875
12363,1.4985131
12364,-0.324587
12365,-0.46695614
12366,-0.33561912
12367,-0.73375726
12368,0.2367782
12369,0.32164505
12370,1.0694457
12371,1.1710905
12372,0.09094017
12373,0.41277006
12374,-0.17943467
12375,1.0438151
12376,-0.19959642
12377,-0.35218933
12378,0.10299072
12379,0.29857594
12380,0.025342846
12381,0.122016646
12382,0.08608849
12383,0.7459846
12384,0.17039041
12385,0.9342404
12386,0.06277885
12387,-0.21114568
12388,0.6683338
12389,0.2118157
12390,0.2492906
12391,0.96669775
12392,0.45833418
12393,-0.27636063
12394,-0.59244853
12395,-0.18636571
12396,-0.11637485
12397,-0.2160782
12398,-0.014227365
12399,0.32259926
12400,-0.2973763
12401,0.07669591
12402,-0.5451184
12403,-0.47305956
12404,0.41113266
12405,0.35601062
12406,0.28826624
12407,-0.29015067
12408,-0.17684543
12409,1.4472542
12410,-0.019219166
12411,1.299185
12412,0.43221247
12413,0.24221362
12414,0.031146811
12415,1.7400854
12416,0.84586596
12417,-0.2703163
12418,-0.15840337
12419,-0.61448354
12420,0.17258172
12421,-0.4109895
12422,-0.6971615
12423,-0.17169468
12424,0.28945076
12425,-0.020025989
12426,0.8010297
12427,0.16780879
12428,0.3106254
12429,1.7645689
12430,1.7189033
12431,-0.0419973
12432,-0.12841374
12433,-0.06740342
12434,0.023977397
12435,0.7081148
12436,0.34579223
12437,1.1573546
12438,-0.23198013
12439,-1.1922343
12440,0.17387265
12441,-0.028167367
12442,-0.6810852
12443,-0.14974147
12444,-0.42412764
12445,-0.16285156
12446,0.051455613
12447,0.4695636
12448,0.22215946
12449,-1.5660585
12450,0.37468377
12451,-0.13361818
12452,0.1538342
12453,-1.403356
12454,-0.12531132
12455,-0.4969865
12456,0.07122789
12457,0.78542215
12458,-0.277266
12459,-0.04343147
12460,-0.1748375
12461,0.0037736294
12462,1.1102036
12463,-0.022560243
12464,-0.08458768
12465,0.030892037
12466,0.38689053
12467,0.016498398
12468,-0.054183103
12469,1.6716281
12470,0.2583049
12471,-0.3969001
12472,-0.20351605
12473,-0.34492537
12474,1.4665254
12475,0.10665213
12476,0.5061131
12477,1.4271905
12478,-0.06438728
12479,0.01357348
12480,-0.5779754
12481,2.195701
12482,-0.0010249023
12483,0.17730047
12484,-0.15127134
12485,-0.053687252
12486,0.48722267
12487,-0.24026676
12488,-0.14253123
12489,0.035845235
12490,-0.6974065
12491,0.1323009
12492,-0.06629335
12493,-0.1989534
12494,0.33386126
12495,-0.23749983
12496,-0.6224579
12497,1.6095839
12498,-0.22321448
12499,0.23021635
12500,-0.66888475
12501,-0.17968476
12502,0.27353644
12503,0.40464252
12504,-0.018272629
12505,-0.4599856
12506,0.5360697
12507,-1.8616716
12508,0.105755486
12509,-0.104309656
12510,-0.47241792
12511,0.1749789
12512,0.058294944
12513,0.35605568
12514,0.18969296
12515,0.43484128
12516,0.5009978
12517,0.14185636
12518,-0.14166929
12519,-0.257403
12520,0.24854317
12521,-0.15471096
12522,0.3767992
12523,-0.42032295
12524,0.34420016
12525,0.21137668
12526,0.0022228633
12527,-0.3630228
12528,0.39051616
12529,-0.14890563
12530,-0.62827635
12531,-0.29977912
12532,0.551445
12533,0.987964
12534,0.37698668
12535,-0.36772805
12536,0.22107393
12537,-0.3789855
12538,0.09355501
12539,-0.19484422
12540,-0.08698967
12541,-0.420117
12542,0.38526133
12543,-0.09291649
12544,0.14304587
12545,-1.0176328
12546,3.2012362
12547,0.8003816
12548,0.08997186
12549,-0.28232223
12550,0.28520703
12551,-0.4197463
12552,0.6162085
12553,0.622741
12554,0.75935745
12555,1.2949045
12556,0.17549232
12557,-0.038008817
12558,-0.6984246
12559,-0.25917324
12560,0.32341525
12561,0.9592172
12562,-0.41830137
12563,-0.06557148
12564,0.323948
12565,0.11833961
12566,0.21991445
12567,0.1015722
12568,-0.04234477
12569,-0.104791835
12570,-0.21924266
12571,0.8197263
12572,0.17822568
12573,-0.46531194
12574,-0.20752035
12575,-0.2589584
12576,-0.7121832
12577,0.79261595
12578,1.207754
12579,-0.019325057
12580,0.15691864
12581,0.058077306
12582,-0.17536001
12583,0.7222988
12584,0.025515193
12585,0.8038324
12586,0.16815555
12587,-0.15169762
12588,-0.06786261
12589,-0.19758955
12590,0.15067871
12591,-0.6677193
12592,0.69242764
12593,0.25014272
12594,0.741309
12595,-0.38163123
12596,-0.4052387
12597,-0.04504258
12598,-0.046799246
12599,0.67822826
12600,-0.48505837
12601,-0.50889665
12602,-0.18141393
12603,-0.30308056
12604,-0.42112884
12605,0.617554
12606,1.7935364
12607,-0.065824576
12608,0.35857058
12609,0.033433028
12610,-0.1847671
12611,0.51603854
12612,-0.12659863
12613,-0.14132291
12614,1.1375582
12615,0.19765835
12616,0.7841231
12617,0.8760274
12618,0.2062303
12619,0.07936776
12620,-0.7919276
12621,0.7250338
12622,0.14169984
12623,-0.16061072
12624,1.0227783
12625,-0.33354178
12626,-0.17739426
12627,0.21104361
12628,-0.24823597
12629,1.2008601
12630,-1.4480754
12631,1.2146039
12632,1.6136171
12633,-0.019791799
12634,0.6497813
12635,3.50556
12636,0.6538338
12637,-0.23935585
12638,0.026895294
12639,-0.58236146
12640,0.08865881
12641,1.8088201
12642,-0.14229074
12643,0.13222276
12644,-0.8502626
12645,0.7188515
12646,0.2238852
12647,0.09513671
12648,0.016711824
12649,-0.2005957
12650,0.43834543
12651,0.116554
12652,-0.25695267
12653,-0.09650658
12654,-0.9494515
12655,-0.3577142
12656,-0.42258292
12657,0.09523007
12658,-0.03632589
12659,-0.013616665
12660,0.06013286
12661,-0.6677232
12662,-0.03718194
12663,-0.35642976
12664,-0.8074429
12665,-0.023811089
12666,-0.038633324
12667,-0.5039787
12668,-0.34073412
12669,-0.02969921
12670,0.369702
12671,0.640339
12672,0.29630417
12673,0.058219932
12674,-0.37776053
12675,0.42899802
12676,-0.23716858
12677,0.10102869
12678,0.52846444
12679,0.27095157
12680,0.017308218
12681,3.346838e-06
12682,0.8645314
12683,-0.16257049
12684,-0.5770877
12685,0.08353067
12686,0.40353027
12687,0.278014
12688,0.110203885
12689,-0.0533898
12690,-0.16538596
12691,0.7459108
12692,-0.37446836
12693,-0.04356398
12694,-0.24383764
12695,-0.11453707
12696,0.07639085
12697,0.8278731
12698,0.3156566
12699,0.2270487
12700,-0.18491305
12701,0.672133
12702,2.5934374
12703,-0.09955511
12704,0.025500108
12705,-0.18948963
12706,-0.3899439
12707,-0.20705283
12708,-0.09886392
12709,0.05609292
12710,0.17937222
12711,0.5549106
12712,0.21525282
12713,0.039109908
12714,0.36120236
12715,0.41380095
12716,0.82164985
12717,-0.190789
12718,-0.48262444
12719,0.13432914
12720,-0.8202653
12721,0.044866316
12722,0.44007832
12723,0.0013012926
12724,-0.16081023
12725,0.17171225
12726,0.22770348
12727,1.4700847
12728,-0.100502886
12729,-0.59880906
12730,0.5974763
12731,-0.19273826
12732,-0.5457686
12733,-0.23036644
12734,1.2721244
12735,-0.29288742
12736,-0.026232341
12737,0.17099307
12738,0.17583117
12739,-0.2531887
12740,-0.40124428
12741,0.11930266
12742,-0.84727776
12743,0.37465608
12744,0.060950655
12745,0.15317091
12746,0.5784745
12747,0.8125897
12748,-0.32730317
12749,-0.33811232
12750,1.4575393
12751,0.033593893
12752,0.15679523
12753,0.36058798
12754,0.42430225
12755,0.30149794
12756,-0.016662039
12757,-0.43602985
12758,-0.19986297
12759,-0.012823557
12760,0.40615904
12761,0.7840016
12762,0.15352675
12763,0.5378655
12764,0.085104026
12765,0.26886782
12766,0.1251629
12767,0.0047654137
12768,-0.42599773
12769,0.053329192
12770,0.7699643
12771,-0.0009773568
12772,0.8569684
12773,-0.24613221
12774,-0.08859504
12775,1.836613
12776,0.21187899
12777,-0.07941249
12778,0.4403971
12779,-0.1320286
12780,-0.3446427
12781,-0.03349558
12782,-0.076155424
12783,0.28219894
12784,-0.24972941
12785,0.6480813
12786,0.25645244
12787,-0.027767807
12788,-0.22084635
12789,0.80775
12790,0.121417
12791,0.3652077
12792,-0.064247526
12793,1.1131477
12794,0.4127377
12795,0.028938813
12796,-0.02704319
12797,-0.13280538
12798,0.42393103
12799,0.105841324
12800,-0.36563748
12801,0.00071902043
12802,0.20562808
12803,0.11885636
12804,1.2747575
12805,0.27149028
12806,0.5232878
12807,0.54047585
12808,0.19675356
12809,0.15238617
12810,0.1477624
12811,0.32312214
12812,0.13708308
12813,-0.092006095
12814,0.12987144
12815,0.1114621
12816,1.5829465
12817,0.25155133
12818,0.16389881
12819,0.07262975
12820,0.21058066
12821,0.44059756
12822,-0.8678315
12823,0.4523129
12824,-0.043563873
12825,-0.5939236
12826,-0.05017766
12827,-0.1422377
12828,-0.0033720422
12829,-0.14257537
12830,0.6791842
12831,-0.24225014
12832,0.29999253
12833,0.13022475
12834,0.20090899
12835,-0.32588342
12836,0.1902258
12837,-0.45295474
12838,-0.01823145
12839,0.5335001
12840,-0.31032643
12841,0.19943087
12842,0.34098732
12843,0.47937232
12844,-0.2701561
12845,-0.9771835
12846,0.1054385
12847,-0.055809364
12848,-0.06696191
12849,-0.40753067
12850,0.87912357
12851,0.9743816
12852,-0.28658012
12853,0.053894166
12854,-0.14442953
12855,-0.43065766
12856,0.52364457
12857,-0.47785786
12858,2.7772863
12859,0.15319867
12860,0.23336528
12861,0.00019901454
12862,-0.12104191
12863,-0.15043564
12864,0.40708527
12865,0.68587303
12866,-0.5763093
12867,-0.044294726
12868,-0.6098205
12869,0.054205958
12870,0.9039752
12871,-0.08448562
12872,-0.21596372
12873,1.7542802
12874,-0.19857898
12875,0.30142853
12876,0.3558427
12877,-0.25332958
12878,-0.23486629
12879,-0.3013333
12880,3.255025
12881,0.030922443
12882,-0.16346283
12883,0.69001126
12884,-0.084400535
12885,0.18884999
12886,0.5862663
12887,-0.28587556
12888,1.1518583
12889,-0.17113191
12890,0.12486317
12891,-0.3850589
12892,-0.14954202
12893,0.9760204
12894,-0.36836988
12895,0.022879643
12896,-0.15864319
12897,0.46879584
12898,-0.36522818
12899,0.40966305
12900,-1.0224097
12901,1.474405
12902,0.13163073
12903,0.17760335
12904,0.19121146
12905,-0.024548424
12906,0.9130673
12907,0.0922328
12908,0.19130117
12909,-0.37121788
12910,0.3392324
12911,0.64724463
12912,0.14091234
12913,0.49885395
12914,0.26705956
12915,-0.25865084
12916,-0.704974
12917,-0.12702487
12918,-0.105153434
12919,-0.14213055
12920,-0.026516503
12921,0.727306
12922,-0.11190278
12923,-0.15264733
12924,0.07686876
12925,0.121108904
12926,-0.12649523
12927,0.027638964
12928,-0.003730391
12929,0.21080753
12930,-1.4788628
12931,0.30690646
12932,0.15009174
12933,0.03781574
12934,-0.42940012
12935,0.46620297
12936,0.10348177
12937,0.41721734
12938,0.15360025
12939,0.34203154
12940,1.4420809
12941,-0.07692008
12942,-0.15117057
12943,-0.01782597
12944,-0.7119896
12945,-0.39834064
12946,-0.03562629
12947,0.0234118
12948,0.041437205
12949,-0.111540444
12950,0.058149498
12951,-0.7620079
12952,0.124482766
12953,1.4559516
12954,0.49387676
12955,0.019631274
12956,-0.44522855
12957,-0.29024956
12958,0.29806224
12959,0.111051954
12960,-0.2090756
12961,-0.34484825
12962,0.032342818
12963,0.1009747
12964,0.4623695
12965,0.3575859
12966,-0.11098798
12967,0.010874916
12968,-0.57377845
12969,0.05438713
12970,0.121399835
12971,0.17920554
12972,-0.66276836
12973,1.3061994
12974,-0.65943336
12975,-0.014100727
12976,0.03848864
12977,-0.95374894
12978,-0.16129273
12979,0.048470158
12980,-0.042241927
12981,-0.19468315
12982,-0.17159568
12983,-0.14777538
12984,-1.0454241
12985,0.50372213
12986,0.25589025
12987,2.1038468
12988,-0.01890464
12989,0.12253085
12990,0.23843682
12991,-0.2954683
12992,0.073265955
12993,0.10784517
12994,0.2716099
12995,1.1356248
12996,-0.01331451
12997,-0.0071955444
12998,-0.14446661
12999,-0.04201158
13000,0.40101773
13001,0.18302116
13002,0.8255231
13003,1.9772792
13004,0.46394584
13005,1.1968725
13006,-0.6558335
13007,-0.15756187
13008,0.5549071
13009,-0.058556512
13010,0.68833774
13011,-0.25660428
13012,-0.40127996
13013,-0.2533149
13014,0.19587065
13015,-0.0768271
13016,-0.020016402
13017,1.374629
13018,0.59846246
13019,-0.0064798836
13020,0.2636421
13021,0.091616936
13022,0.31809905
13023,0.19964477
13024,0.11225866
13025,0.10828366
13026,0.023208013
13027,-0.5468112
13028,1.1984806
13029,-0.45962396
13030,1.0469368
13031,-0.44691205
13032,-0.1821716
13033,0.34453598
13034,0.49318367
13035,0.24711646
13036,0.015423833
13037,-0.30433044
13038,-0.26525572
13039,-0.25292605
13040,0.11265011
13041,0.33803943
13042,0.39346626
13043,-0.06527592
13044,-0.066273555
13045,0.010837706
13046,1.7662429
13047,-0.23455164
13048,-0.18674685
13049,0.073345624
13050,-0.39530635
13051,0.12529588
13052,0.01179683
13053,-1.7607638
13054,0.057386454
13055,-0.91118824
13056,-0.2635331
13057,0.7570546
13058,0.045478757
13059,-0.026845997
13060,-0.015391452
13061,0.28616655
13062,-1.3621511
13063,-1.1936903
13064,0.104340486
13065,-0.53507876
13066,-1.0684742
13067,0.85066354
13068,-0.8956466
13069,-0.1628338
13070,0.29186222
13071,0.10128243
13072,0.10802366
13073,-0.15561098
13074,1.1134481
13075,0.28846115
13076,0.15128022
13077,-0.91055137
13078,-0.1946485
13079,0.51905787
13080,-0.26891297
13081,0.15407161
13082,-0.0578958
13083,0.20635304
13084,0.28758258
13085,0.0050808797
13086,0.24674852
13087,1.0332059
13088,-0.15631835
13089,1.5223501
13090,-0.2747258
13091,-0.046255775
13092,0.81177914
13093,0.290944
13094,-1.0110627
13095,-0.0853667
13096,0.2995338
13097,0.8138324
13098,-0.12938455
13099,-0.21356754
13100,-0.6977705
13101,1.7514675
13102,0.29459864
13103,0.298369
13104,0.0643259
13105,-0.22003219
13106,0.47800028
13107,0.22083405
13108,0.8102549
13109,-0.83706933
13110,1.3271381
13111,-0.734029
13112,0.048527803
13113,0.53740335
13114,-0.22956495
13115,-0.15508692
13116,-0.7242533
13117,0.25249606
13118,0.0279659
13119,0.4733086
13120,0.5522291
13121,0.11689219
13122,0.01198518
13123,-0.09075144
13124,-0.4702708
13125,0.4002717
13126,-0.44864053
13127,0.042877708
13128,-0.17847508
13129,0.50207233
13130,0.73459977
13131,0.9058641
13132,0.103045195
13133,-0.06520885
13134,0.5133586
13135,0.4118364
13136,0.3770808
13137,0.10394427
13138,0.2717081
13139,-0.19521466
13140,0.39554822
13141,-0.44553846
13142,-0.30908903
13143,0.4381165
13144,0.4445702
13145,-0.033953466
13146,1.0478933
13147,-0.3964987
13148,0.5896221
13149,0.16513911
13150,-0.35430917
13151,-0.047152117
13152,1.235886
13153,-0.06438989
13154,1.3634474
13155,0.22257712
13156,-0.09218784
13157,0.23184206
13158,0.19578634
13159,-0.19079497
13160,1.2945935
13161,1.8769622
13162,-0.56248355
13163,-0.17721531
13164,0.10564955
13165,0.15392259
13166,0.014070849
13167,-0.25265893
13168,-0.36850837
13169,-0.44995454
13170,0.07531555
13171,0.36179662
13172,0.26344877
13173,-0.9079231
13174,-0.4557367
13175,-0.13729565
13176,0.06182275
13177,-0.36758822
13178,-0.25698015
13179,1.3225482
13180,0.46256527
13181,0.10177216
13182,-0.44092983
13183,0.08973702
13184,0.037542436
13185,0.52820873
13186,1.6489844
13187,-0.27116996
13188,-0.8265732
13189,0.09666622
13190,-0.6201666
13191,0.053443838
13192,-0.07308787
13193,0.72506756
13194,-0.5128341
13195,1.198597
13196,0.08796195
13197,-0.2828873
13198,-0.041837394
13199,0.09218568
13200,-0.46416754
13201,-0.29304436
13202,-0.22936457
13203,0.25209823
13204,-0.046102565
13205,0.40012074
13206,0.09232993
13207,-0.071155004
13208,0.095814504
13209,-1.3007832
13210,-0.008138177
13211,-0.06562634
13212,-0.05631855
13213,-0.4169415
13214,0.97899115
13215,0.46559164
13216,2.029682
13217,-0.045692287
13218,0.56530285
13219,0.042038456
13220,-0.3716311
13221,-0.40918207
13222,-1.0560529
13223,0.0020677722
13224,0.35306
13225,1.1237714
13226,0.30003235
13227,-0.073978096
13228,0.4283665
13229,-0.87436694
13230,-0.36210188
13231,0.038763873
13232,-0.10621021
13233,-0.12719028
13234,0.17223586
13235,-0.28775173
13236,0.61335415
13237,0.35204256
13238,-0.2925812
13239,0.53519744
13240,0.57932574
13241,0.100031786
13242,0.15938498
13243,1.6623374
13244,0.09277006
13245,1.1815035
13246,-0.20380048
13247,-0.07067618
13248,0.7664974
13249,0.4186882
13250,0.46280515
13251,1.0849996
13252,0.32736462
13253,0.28562412
13254,-0.037710756
13255,-0.0120811
13256,-0.18930136
13257,-0.2146244
13258,0.21318103
13259,0.42471704
13260,0.02213547
13261,-0.043943048
13262,0.10640947
13263,1.1389266
13264,-0.12283994
13265,0.034199122
13266,-0.11286725
13267,-0.26837876
13268,0.12725233
13269,-0.12448054
13270,0.030031761
13271,-0.0032134266
13272,-0.4065028
13273,0.099252135
13274,1.3975859
13275,-0.068431
13276,0.23805983
13277,0.14597976
13278,0.04907302
13279,-0.19974382
13280,-0.43453005
13281,0.063449726
13282,-0.029788677
13283,-0.3069927
13284,-0.28989086
13285,-0.15461443
13286,-0.7210434
13287,0.46175742
13288,0.3066253
13289,0.20823018
13290,-0.16687821
13291,0.40034968
13292,1.1776175
13293,0.0077602174
13294,-0.31009567
13295,0.24362865
13296,1.0461192
13297,-0.6967266
13298,0.0063541126
13299,0.3385344
13300,0.037970606
13301,-0.036694735
13302,-0.10362889
13303,-0.0850605
13304,-0.51636386
13305,0.055858396
13306,0.47652596
13307,0.29536706
13308,-0.1700478
13309,-0.025865065
13310,-0.040707372
13311,0.15133093
13312,0.25935075
13313,-0.96275383
13314,0.050862502
13315,-0.5015842
13316,0.19382684
13317,0.071847506
13318,0.03299043
13319,-0.32715875
13320,0.25070998
13321,-0.22183579
13322,1.7965666
13323,0.7284142
13324,-0.096292086
13325,0.35418937
13326,0.17033789
13327,1.2022887
13328,-0.6204071
13329,-1.6334894
13330,0.035456423
13331,0.30586135
13332,-0.3642088
13333,0.25146475
13334,-0.29328385
13335,0.33045235
13336,-0.040641464
13337,-0.27615115
13338,0.18546456
13339,0.4937739
13340,0.6952971
13341,0.15558724
13342,0.025102045
13343,-0.20025146
13344,-0.19256017
13345,1.6756096
13346,-0.107565954
13347,0.3381103
13348,-0.10126185
13349,0.009601007
13350,-0.07949318
13351,0.07077472
13352,-0.45853007
13353,0.056276605
13354,-0.16415805
13355,-0.69843465
13356,0.12735756
13357,0.19190629
13358,0.37469998
13359,0.07048669
13360,-0.00029418513
13361,-0.23886222
13362,0.33241633
13363,0.31318685
13364,-0.099660456
13365,-0.5241975
13366,-0.79250866
13367,0.28251788
13368,-1.3241557
13369,-0.116354704
13370,0.6115153
13371,-1.1017509
13372,-0.0067906333
13373,0.5230934
13374,-0.19044703
13375,1.047333
13376,0.28158712
13377,0.21896118
13378,0.5205173
13379,0.10252267
13380,-0.17874302
13381,0.46518373
13382,0.102068685
13383,0.1128605
13384,-0.46023428
13385,0.26186475
13386,-0.06591326
13387,-0.16982327
13388,1.0516748
13389,0.043107454
13390,0.28434956
13391,1.4073526
13392,1.4203582
13393,-0.31383762
13394,0.10572582
13395,0.0035382847
13396,-0.25663653
13397,0.8724456
13398,-0.16626564
13399,0.047824066
13400,0.66548896
13401,0.9389209
13402,-0.30022973
13403,1.0921524
13404,-0.41499165
13405,-0.5255445
13406,0.13789776
13407,-0.074902676
13408,-0.068021834
13409,0.2935416
13410,0.82748187
13411,-0.33220977
13412,0.013923111
13413,0.42695674
13414,-1.1747072
13415,-0.34148553
13416,-0.47135535
13417,-1.0511355
13418,1.2972931
13419,0.000993141
13420,-0.20540875
13421,1.0449457
13422,-0.09538416
13423,-0.577521
13424,-0.29996818
13425,0.083915494
13426,0.25544405
13427,-1.0697612
13428,1.5122635
13429,-0.091230445
13430,-0.35414982
13431,0.024503611
13432,0.056342475
13433,-0.3586328
13434,-0.3721296
13435,0.1011173
13436,-0.003355465
13437,1.1530495
13438,-0.14456265
13439,0.25168708
13440,0.54612297
13441,-0.6703549
13442,0.35607505
13443,0.36274976
13444,-0.95638645
13445,0.43532422
13446,0.14866817
13447,0.67180324
13448,-0.07731468
13449,0.038680255
13450,0.08572745
13451,-0.307384
13452,-0.18673663
13453,-0.54774874
13454,-0.18848638
13455,-0.39702055
13456,0.46817183
13457,-0.33474073
13458,-0.16959855
13459,-0.07387582
13460,-0.76266277
13461,-0.09733976
13462,-0.1554599
13463,0.38352215
13464,-0.6106469
13465,1.0207045
13466,0.2789542
13467,-0.23072186
13468,0.16115469
13469,0.13294348
13470,2.0553489
13471,0.57192487
13472,-0.06018847
13473,0.4442724
13474,1.4406936
13475,0.07890356
13476,0.425174
13477,-0.1586415
13478,-0.22205253
13479,0.024225842
13480,0.16809453
13481,0.77834433
13482,0.024881905
13483,-0.38899645
13484,-0.19470194
13485,0.67738056
13486,-0.27347335
13487,0.13004889
13488,-0.2043
13489,0.61082125
13490,-0.26867226
13491,0.07901256
13492,-0.44766524
13493,1.356328
13494,-0.09647807
13495,1.2768823
13496,-0.5523625
13497,0.2792162
13498,-0.6929257
13499,-0.61894655
13500,-0.08086835
13501,-0.37203258
13502,-0.050424825
13503,2.4309623
13504,0.21368489
13505,0.24238007
13506,1.091352
13507,0.71193874
13508,-0.028042117
13509,-2.9919972
13510,1.0439831
13511,-0.15276283
13512,-0.10574337
13513,0.7219695
13514,0.043617573
13515,0.6675081
13516,-0.14005724
13517,-0.36068705
13518,0.078071415
13519,0.035757087
13520,-0.15860789
13521,-0.16821437
13522,0.014232797
13523,-0.21179776
13524,0.7112759
13525,1.7649684
13526,0.14408818
13527,-0.59549946
13528,-0.10752001
13529,-0.11337296
13530,-0.31927988
13531,0.24023224
13532,-0.2966866
13533,-0.8492418
13534,0.59136057
13535,0.49516106
13536,-0.29621127
13537,-0.12764983
13538,0.24602114
13539,-0.3323689
13540,-0.59573215
13541,-0.16271415
13542,-0.09791696
13543,-0.042753343
13544,-0.27869782
13545,0.30415738
13546,0.25498605
13547,-0.08020131
13548,-0.32493332
13549,0.24954705
13550,-0.32017463
13551,1.9229971
13552,-0.3921115
13553,-0.8894462
13554,-1.7463237
13555,-0.33819532
13556,0.13206582
13557,0.29559815
13558,1.2192765
13559,-0.110068135
13560,-0.45763895
13561,0.77517813
13562,0.17941064
13563,0.8038582
13564,-0.29773587
13565,0.1613238
13566,0.21658655
13567,0.8692706
13568,0.115363665
13569,0.7115523
13570,0.09605409
13571,-0.40760893
13572,-0.048572153
13573,0.5700881
13574,0.10299269
13575,1.0910219
13576,0.8443597
13577,0.058755387
13578,0.12786265
13579,0.21574463
13580,-0.23238777
13581,0.24023093
13582,0.059379436
13583,-0.16073765
13584,0.59716225
13585,-0.6317012
13586,0.09716405
13587,0.2818211
13588,-0.07040808
13589,-0.3501285
13590,0.3250635
13591,0.12691587
13592,-0.39849204
13593,-0.07730526
13594,0.5523998
13595,-0.17738698
13596,-0.21876664
13597,-0.2624537
13598,-1.1614523
13599,-0.05146278
13600,-0.24040428
13601,0.28794813
13602,0.68125445
13603,0.3401479
13604,0.41203573
13605,0.35874808
13606,0.42594478
13607,0.043642044
13608,-0.2650239
13609,0.26324755
13610,-0.37875673
13611,0.5288348
13612,0.82475287
13613,-0.013345915
13614,-0.8438398
13615,-0.82661164
13616,1.0308106
13617,-0.24681707
13618,0.10595245
13619,0.0012030537
13620,-0.07754131
13621,0.5933432
13622,-0.017387075
13623,0.68328834
13624,1.0020674
13625,0.0661924
13626,-0.020969674
13627,-0.053526018
13628,-0.0928447
13629,0.00012645133
13630,-0.12426703
13631,0.1482148
13632,-0.22183141
13633,-1.0693355
13634,0.0099779535
13635,-0.33925444
13636,0.3471657
13637,0.24132217
13638,0.09179432
13639,0.06341449
13640,1.0490309
13641,0.4494875
13642,-0.29460546
13643,0.1334791
13644,0.74936754
13645,0.82979685
13646,-0.084380865
13647,-0.013700089
13648,0.06694718
13649,0.1700396
13650,-0.30270368
13651,-0.09552153
13652,0.5216341
13653,-0.15359811
13654,1.4666322
13655,0.0853157
13656,-0.13116758
13657,-0.48644918
13658,0.37879515
13659,0.06927846
13660,0.86830205
13661,2.9875488
13662,-0.02673
13663,0.10825495
13664,0.29646015
13665,0.12816389
13666,-0.36060315
13667,0.33127898
13668,0.44261357
13669,0.35205147
13670,-0.4485678
13671,-0.089203894
13672,0.25017107
13673,0.51865375
13674,0.78500557
13675,0.035825763
13676,-0.17813262
13677,0.07120466
13678,-0.018491935
13679,-0.8382713
13680,-0.73277825
13681,0.24076933
13682,0.35496482
13683,0.33811933
13684,0.16395786
13685,-0.9046052
13686,-0.31226102
13687,0.06896808
13688,-0.032475002
13689,-0.24051991
13690,0.2512367
13691,0.67522097
13692,-0.5350346
13693,-0.23023003
13694,-0.3739928
13695,-0.51727116
13696,0.06677947
13697,0.0395582
13698,0.047630254
13699,0.14917429
13700,-0.92681175
13701,-0.056248482
13702,0.037423734
13703,-0.16298617
13704,0.029008005
13705,-0.13380247
13706,-0.33384994
13707,0.50229734
13708,0.16009502
13709,0.8442549
13710,0.14548187
13711,0.22214739
13712,-0.3907595
13713,1.6428735
13714,1.6042273
13715,0.12993638
13716,0.010279004
13717,-0.015331771
13718,0.04301341
13719,1.2694762
13720,-0.5538628
13721,-0.4903827
13722,-0.03845474
13723,-0.2954475
13724,-0.0049334858
13725,-0.05637963
13726,1.2126378
13727,0.7141458
13728,-0.027567988
13729,-0.029741757
13730,0.22002587
13731,-0.37726945
13732,1.9208052
13733,2.03118
13734,-0.6642295
13735,-0.0546358
13736,-0.45735767
13737,0.32107243
13738,-0.36573952
13739,-0.32807088
13740,-0.14621532
13741,0.40653816
13742,1.4317797
13743,0.6372932
13744,0.36952844
13745,-0.0815641
13746,0.26616442
13747,0.036199577
13748,-0.038065627
13749,-0.3714297
13750,-0.10101229
13751,0.3157208
13752,0.31327862
13753,0.9249317
13754,-0.39214686
13755,0.21446216
13756,0.20643899
13757,0.049207676
13758,0.3875083
13759,-0.14584967
13760,-0.102943815
13761,0.7176263
13762,-0.8592707
13763,0.18206288
13764,-0.2690191
13765,0.28529176
13766,1.5791997
13767,0.7499407
13768,-0.0740151
13769,0.42863983
13770,-0.19590963
13771,0.6179173
13772,-0.09138609
13773,-0.098344766
13774,-0.030132152
13775,-0.32444963
13776,-0.17863451
13777,1.2028081
13778,0.086443536
13779,-0.04813475
13780,2.2300978
13781,0.06851754
13782,0.10570798
13783,0.09228351
13784,-0.24205048
13785,0.28082314
13786,1.0747697
13787,-0.0032445495
13788,-0.21752088
13789,0.04743875
13790,1.5452373
13791,0.20794824
13792,0.10702597
13793,-0.44770682
13794,0.43730456
13795,-0.1014947
13796,-0.118192755
13797,-0.5274291
13798,0.37450773
13799,0.26656416
13800,0.23410282
13801,-0.027833262
13802,0.41936246
13803,0.26200375
13804,-0.117409974
13805,0.8424117
13806,1.0713745
13807,-0.12096697
13808,0.20103765
13809,0.07370919
13810,1.9188823
13811,-0.13161054
13812,-0.13305639
13813,-0.20807086
13814,-0.27251136
13815,1.039
13816,-0.35730603
13817,0.079232894
13818,0.13610634
13819,0.02096437
13820,2.53837
13821,0.5008837
13822,-0.7998797
13823,0.49082172
13824,-0.10878484
13825,-0.3016969
13826,0.9362844
13827,0.0131728165
13828,-0.93959117
13829,-0.0055802255
13830,0.09445999
13831,0.15569669
13832,-0.106895454
13833,1.214488
13834,-3.1969776
13835,1.6088357
13836,0.33559793
13837,0.7574702
13838,0.31075367
13839,1.0538126
13840,-2.6090798
13841,0.59343356
13842,-0.051382728
13843,-0.1597704
13844,-0.15009613
13845,-0.37501213
13846,-0.028458295
13847,0.1542868
13848,0.24648918
13849,0.37381873
13850,-0.017403316
13851,-0.08876421
13852,0.87225187
13853,0.049891047
13854,0.18341677
13855,0.40407926
13856,0.08113782
13857,0.107839696
13858,0.30792966
13859,0.42334124
13860,-3.1586277
13861,0.076208346
13862,0.05191598
13863,1.3211092
13864,0.4042992
13865,-0.08926364
13866,0.78721035
13867,1.5199362
13868,0.5759515
13869,-0.2605342
13870,-0.28336275
13871,-0.13181527
13872,0.953298
13873,0.1563789
13874,-0.1654584
13875,0.09887962
13876,0.17037253
13877,0.83176994
13878,0.116849855
13879,0.0683999
13880,0.9799326
13881,-0.2624498
13882,0.30989608
13883,1.0504944
13884,-0.3949488
13885,-0.28696987
13886,0.55740476
13887,-0.74143314
13888,-0.102105536
13889,-0.15699916
13890,-0.37308544
13891,-0.18030366
13892,0.1904019
13893,-0.21887647
13894,-0.05368619
13895,-0.07347886
13896,0.074008144
13897,0.6208388
13898,0.105286926
13899,0.70394105
13900,2.1194422
13901,-0.27423474
13902,-0.038578007
13903,-0.06580592
13904,0.18043496
13905,0.11310667
13906,-0.35222897
13907,0.63078046
13908,-0.68005633
13909,0.5794337
13910,0.3572833
13911,-0.9341212
13912,0.08528678
13913,0.6686779
13914,0.21303535
13915,-0.07600476
13916,-0.46200338
13917,0.025126444
13918,-0.11584574
13919,0.37375873
13920,0.012931601
13921,0.2229253
13922,-0.36347923
13923,1.3657887
13924,-0.206665
13925,0.469164
13926,0.18957429
13927,-0.5151168
13928,-0.19349855
13929,1.1869857
13930,0.045162313
13931,1.423174
13932,-0.30486542
13933,-0.332502
13934,0.018409945
13935,0.2593641
13936,0.54661214
13937,-0.07908109
13938,0.16584313
13939,-0.86533785
13940,-0.3995742
13941,0.08343728
13942,0.13662466
13943,-0.6981981
13944,0.11542505
13945,-0.11649682
13946,-1.6244235
13947,-0.20263617
13948,0.13009582
13949,-0.043403324
13950,0.34974217
13951,0.07436746
13952,-0.13085876
13953,0.6239384
13954,-0.33119965
13955,-0.13313407
13956,-0.1956665
13957,-0.07780438
13958,-0.1754407
13959,1.8901418
13960,-0.2776179
13961,1.8718189
13962,-0.12201773
13963,1.6224405
13964,-0.50060594
13965,-0.3686575
13966,-0.048365172
13967,0.27658874
13968,-0.056078997
13969,0.7186374
13970,3.6503851
13971,-0.5406022
13972,-0.34271356
13973,-0.055453554
13974,0.23564202
13975,0.054000467
13976,-0.20569482
13977,0.032557663
13978,2.4112394
13979,0.01978585
13980,-0.3175863
13981,0.1948451
13982,0.4438259
13983,-0.14187068
13984,0.90218383
13985,-0.43202254
13986,-0.28516495
13987,-0.1511486
13988,0.014278408
13989,0.35739368
13990,0.95841116
13991,-0.508134
13992,0.28505465
13993,-0.18717937
13994,0.073943615
13995,0.64848894
13996,-0.6898862
13997,-0.63576615
13998,0.35734114
13999,-0.26583067
14000,-0.10645866
14001,-0.056053348
14002,0.68330306
14003,-0.6103696
14004,1.2039065
14005,0.1321314
14006,1.2132249
14007,-0.14005964
14008,0.23179466
14009,-0.4609942
14010,0.754658
14011,-0.95079935
14012,0.08998791
14013,-0.38773066
14014,-0.6278904
14015,0.4020219
14016,0.31610808
14017,-0.061027225
14018,-0.34534344
14019,0.50384796
14020,-0.20973462
14021,0.4894709
14022,0.2758009
14023,-0.15144046
14024,0.2857279
14025,0.10049461
14026,-0.5564221
14027,-0.15955961
14028,-0.30215597
14029,-0.68867844
14030,0.5043748
14031,-0.089143634
14032,0.22372538
14033,-0.4539771
14034,1.0823714
14035,0.67421794
14036,-0.1169185
14037,-0.59352124
14038,0.51354307
14039,-0.3516427
14040,-0.005867642
14041,0.04488975
14042,0.22679304
14043,0.6538768
14044,-0.39827073
14045,-0.1641255
14046,0.5757077
14047,0.36429504
14048,-0.0138113685
14049,0.4368882
14050,-0.5588573
14051,0.6823747
14052,0.5632579
14053,0.27669185
14054,0.04502726
14055,-0.6112495
14056,-0.35518146
14057,2.3470504
14058,-0.17646042
14059,0.016325861
14060,-0.09674368
14061,-0.049889922
14062,-0.35407802
14063,-0.3370891
14064,0.5699632
14065,-0.6999255
14066,0.6828996
14067,-0.0340535
14068,0.18920107
14069,0.42687044
14070,-0.21552764
14071,0.74542445
14072,-0.032153472
14073,-0.19356307
14074,4.3338175
14075,-0.53412426
14076,-0.058646757
14077,0.04224402
14078,1.3186543
14079,0.21861829
14080,0.41400546
14081,-0.66749907
14082,-0.3321694
14083,1.0035745
14084,0.98426306
14085,0.25682998
14086,-0.3706969
14087,0.7205298
14088,0.030611923
14089,0.040270593
14090,0.3281813
14091,-0.30630437
14092,0.3424121
14093,0.44621843
14094,0.3917186
14095,-0.07539425
14096,-0.39901516
14097,-0.06960266
14098,-0.0020520312
14099,0.43040916
14100,0.43411657
14101,0.7015907
14102,0.34117964
14103,0.15372887
14104,-0.3262921
14105,0.2548666
14106,-0.9679632
14107,-0.27487448
14108,0.17499018
14109,0.60579497
14110,-0.1941844
14111,0.22959127
14112,0.6644597
14113,-0.34247908
14114,-0.112211116
14115,0.15397155
14116,-0.29939893
14117,0.5625359
14118,-0.14920452
14119,-0.5428006
14120,0.7549919
14121,-0.9129153
14122,-0.03521706
14123,-0.42920402
14124,-0.100165896
14125,0.7938847
14126,-0.73586255
14127,0.13998185
14128,-1.3887562
14129,-0.18679015
14130,-0.28035936
14131,-0.18747926
14132,-0.33146098
14133,-0.27244154
14134,0.47099963
14135,0.32590824
14136,-0.43963578
14137,-0.019339992
14138,-0.2567816
14139,-0.41674492
14140,0.08687446
14141,-0.06310916
14142,0.8304198
14143,1.7411689
14144,-0.3594337
14145,-0.14264493
14146,-0.015211121
14147,1.791249
14148,2.4219186
14149,-1.2228751
14150,0.31228876
14151,-0.103119664
14152,0.507811
14153,-0.05940168
14154,0.3753495
14155,-0.10494971
14156,-0.2364906
14157,0.12619396
14158,0.051900197
14159,1.1111699
14160,-0.3452553
14161,0.2603514
14162,-0.3075997
14163,0.6024834
14164,0.5481188
14165,-0.07133194
14166,-0.03859313
14167,1.220719
14168,0.04843008
14169,-1.543748
14170,-1.1389034
14171,0.6346741
14172,0.3844248
14173,1.840174
14174,0.24963611
14175,0.4499801
14176,-0.76118195
14177,0.076303884
14178,-0.900841
14179,-0.45614424
14180,-0.17779456
14181,2.5570924
14182,-0.15709232
14183,-0.077999674
14184,0.28449994
14185,0.09829139
14186,1.3574972
14187,-0.2704383
14188,2.3469043
14189,0.09287093
14190,0.23010612
14191,0.75130576
14192,-0.13981536
14193,-0.33118877
14194,1.4010345
14195,0.20911479
14196,-0.08818172
14197,0.23868944
14198,-0.44988492
14199,0.10469427
14200,0.98171306
14201,-0.55204564
14202,0.15340033
14203,0.1372097
14204,-0.14158674
14205,-0.021582898
14206,3.1553166
14207,-0.12612973
14208,-0.26393262
14209,0.6331869
14210,0.26857224
14211,0.056296583
14212,0.3055899
14213,0.023470586
14214,-0.12352353
14215,-0.09402995
14216,0.028526232
14217,0.2486395
14218,-0.3199774
14219,1.0637457
14220,-0.0034505187
14221,0.14902239
14222,0.43361115
14223,0.9383712
14224,1.2404884
14225,0.16983768
14226,2.4287724
14227,0.9514896
14228,-0.24741004
14229,-0.042682428
14230,1.6508782
14231,0.887245
14232,0.12287716
14233,-0.14938173
14234,-0.2535583
14235,-0.2575099
14236,-0.08878391
14237,1.20087
14238,0.31989616
14239,-0.24873799
14240,1.7459865
14241,-0.2059746
14242,0.22844611
14243,0.4864966
14244,3.3414311
14245,0.7817123
14246,0.21030979
14247,0.2263847
14248,0.5044351
14249,-0.5995903
14250,-0.17386416
14251,-0.3462187
14252,0.12454269
14253,0.2741692
14254,0.9009935
14255,-0.021855064
14256,-0.13179488
14257,0.28353423
14258,-0.54084396
14259,0.013574647
14260,0.18741737
14261,0.11546738
14262,-0.36603227
14263,0.022541817
14264,-0.42339268
14265,1.3030998
14266,0.20955636
14267,0.36383134
14268,0.22848056
14269,0.23633039
14270,-0.008068618
14271,-0.41311505
14272,-0.6485485
14273,0.17793946
14274,-1.3854506
14275,-0.20762707
14276,1.8089741
14277,2.2253928
14278,-1.2074609
14279,-0.16623636
14280,-0.1217467
14281,0.33537254
14282,0.19105871
14283,0.1641967
14284,0.3501509
14285,-0.18049568
14286,0.13304554
14287,0.6405326
14288,0.11203524
14289,-0.117152795
14290,-0.1966837
14291,0.35487738
14292,0.80772114
14293,-0.123161174
14294,-0.8071191
14295,-0.35185796
14296,0.1303118
14297,0.089708686
14298,-0.3182962
14299,1.6319777
14300,0.25699857
14301,0.020095315
14302,-0.44330293
14303,-0.2553019
14304,2.5693073
14305,-0.1436757
14306,0.12719798
14307,-0.5684207
14308,-0.078433216
14309,-0.015504618
14310,-0.23578487
14311,0.26950973
14312,1.8321909
14313,-0.04258083
14314,0.16497535
14315,-1.4420501
14316,-0.33370638
14317,0.1019778
14318,-0.5588965
14319,0.18620838
14320,-0.13188179
14321,-0.3672625
14322,-1.132339
14323,0.2351348
14324,-0.4139618
14325,0.14818494
14326,1.2459148
14327,0.18646201
14328,0.8564391
14329,-0.32833192
14330,0.034379654
14331,1.3624095
14332,-0.15075116
14333,0.17833006
14334,-0.16528116
14335,0.33182636
14336,0.19031759
14337,0.13954107
14338,0.07851438
14339,-0.1993133
14340,-1.4056442
14341,-0.00073433726
14342,0.43083456
14343,0.25182265
14344,-0.22072643
14345,0.015314519
14346,-0.04004983
14347,0.078190856
14348,-0.21559949
14349,-0.9264822
14350,-0.41799852
14351,-0.3205954
14352,0.024703491
14353,-0.13203236
14354,0.25065625
14355,-0.33204177
14356,-0.37047863
14357,-0.4026691
14358,8.539185e-05
14359,2.7957375
14360,0.08016597
14361,-0.075783126
14362,-0.39945903
14363,-0.05654768
14364,0.196326
14365,-1.1430988
14366,-0.18960796
14367,-0.6489656
14368,0.7058008
14369,-0.6054946
14370,-0.62164605
14371,-0.29308882
14372,-0.43465275
14373,-0.18738322
14374,0.7094279
14375,1.1773094
14376,-0.059596382
14377,0.12816241
14378,-0.35120538
14379,-0.24082604
14380,0.35993156
14381,0.31555033
14382,-0.3497597
14383,0.016857667
14384,1.7596759
14385,0.051243275
14386,-0.17781961
14387,0.38313064
14388,-0.45521146
14389,0.04126021
14390,-0.3750747
14391,-0.33903125
14392,-0.15641816
14393,-0.13240905
14394,-0.6047718
14395,0.022071002
14396,0.67179877
14397,0.31427106
14398,-0.21643944
14399,-0.46901804
14400,0.5925982
14401,0.46179345
14402,0.4278204
14403,0.41560388
14404,-0.25494012
14405,-0.5859389
14406,0.6046531
14407,-0.66807485
14408,-0.027040388
14409,0.3332766
14410,0.41779828
14411,0.096710786
14412,1.3599187
14413,2.18106
14414,1.7680023
14415,0.10876794
14416,0.67077404
14417,0.1633879
14418,0.008119719
14419,-0.018800166
14420,-0.12950428
14421,1.0670638
14422,-0.34803525
14423,1.8110265
14424,-0.44860908
14425,-0.4347396
14426,-0.34142417
14427,-0.33583224
14428,-0.8832113
14429,-0.11611473
14430,-0.59659815
14431,1.0172331
14432,0.116779715
14433,-0.028287115
14434,0.20230736
14435,-0.52100974
14436,0.6831903
14437,-0.06600061
14438,0.08421229
14439,0.23151375
14440,0.28906873
14441,0.29583225
14442,-0.48281276
14443,0.958723
14444,-0.10974863
14445,-0.13227253
14446,-0.2598775
14447,0.21105076
14448,0.754149
14449,0.1884325
14450,0.33156028
14451,0.89688325
14452,-0.0064510615
14453,0.53584355
14454,-0.27908272
14455,-0.040307764
14456,0.37827283
14457,1.4884926
14458,-0.7060196
14459,-0.21065053
14460,0.08058958
14461,-0.0017204767
14462,0.16272205
14463,-0.07300376
14464,-2.2018962
14465,0.03350247
14466,-0.11496069
14467,0.04440609
14468,0.21934961
14469,-0.38397095
14470,-0.04433875
14471,-0.07309686
14472,0.3698447
14473,0.008848752
14474,-0.26512325
14475,0.12416911
14476,0.5478872
14477,-0.32728773
14478,-0.16449767
14479,-0.8478349
14480,0.43107682
14481,-0.42670745
14482,0.054981947
14483,0.19345936
14484,1.0627831
14485,0.63568634
14486,-0.08483394
14487,0.08803633
14488,1.1641321
14489,0.44300273
14490,-1.8365942
14491,2.2133245
14492,0.09347331
14493,-0.40342355
14494,1.6505386
14495,0.5787051
14496,-0.42613214
14497,-0.1387633
14498,-0.35565287
14499,-0.5000704
14500,-0.28959057
14501,1.4939508
14502,0.26542208
14503,-0.41881686
14504,-0.14710371
14505,-0.18595779
14506,1.8513656
14507,3.3521926
14508,-0.02712189
14509,-1.4989883
14510,0.44717932
14511,-0.5486415
14512,0.13863093
14513,0.065346405
14514,-0.14576052
14515,-0.28779295
14516,0.060628172
14517,-0.03971175
14518,-0.4344039
14519,0.48486742
14520,-0.6588164
14521,-0.067828804
14522,-0.066485316
14523,-0.17933589
14524,-1.7281257
14525,0.394441
14526,1.4963322
14527,0.57993853
14528,0.28551722
14529,0.85282564
14530,-0.020168517
14531,0.023053894
14532,-0.035233393
14533,-0.13236992
14534,-0.27641642
14535,0.24893261
14536,0.5485143
14537,0.13065773
14538,-0.17707536
14539,-0.3009804
14540,0.065912396
14541,0.4152576
14542,0.15917778
14543,0.101064354
14544,0.52016467
14545,-0.2854294
14546,0.47750252
14547,-0.9954197
14548,0.2653262
14549,-0.22734134
14550,0.1440834
14551,0.16545996
14552,0.21019723
14553,-0.08736202
14554,0.12041064
14555,0.3314074
14556,0.28014708
14557,-0.84416336
14558,0.19126576
14559,-0.28414732
14560,0.070129536
14561,0.0826917
14562,-0.0736219
14563,-0.18838763
14564,0.26494414
14565,-0.048520766
14566,2.2159755
14567,0.010032688
14568,0.010475901
14569,0.43002272
14570,0.13764414
14571,0.48173603
14572,0.22633855
14573,-0.1119131
14574,-0.3088171
14575,-0.66079044
14576,-0.16927356
14577,0.33138478
14578,-0.33180812
14579,0.7257092
14580,0.78706574
14581,0.25053403
14582,-0.3744807
14583,0.27682284
14584,0.98498416
14585,-0.018897125
14586,-0.14495644
14587,-0.29792058
14588,0.058707748
14589,-0.146879
14590,0.9705846
14591,-0.23821115
14592,2.3984387
14593,0.18102811
14594,0.76478094
14595,0.64794457
14596,0.40759364
14597,-0.28595406
14598,-0.4974046
14599,0.44292718
14600,2.2733757
14601,-0.07087705
14602,1.0790819
14603,0.12141626
14604,0.26226264
14605,0.9533586
14606,0.15115389
14607,0.48575166
14608,0.053402286
14609,0.3826172
14610,-0.11262789
14611,0.36280346
14612,0.76467264
14613,0.13334018
14614,-0.6500045
14615,-0.31977785
14616,-0.3196802
14617,0.013501238
14618,0.16419227
14619,0.65856177
14620,0.13926083
14621,-0.16998565
14622,-0.42648014
14623,0.113689505
14624,0.14762537
14625,-0.0052531785
14626,-0.13092574
14627,0.026019556
14628,-0.6131624
14629,1.4371308
14630,-0.44280168
14631,0.07161138
14632,2.0403423
14633,-0.18182711
14634,-0.29567003
14635,-0.036242742
14636,0.10746219
14637,-0.55153286
14638,0.8945145
14639,-0.048071958
14640,-0.08847739
14641,-0.1262791
14642,0.5567461
14643,0.17090878
14644,0.20024304
14645,0.22192731
14646,0.15802556
14647,0.41259506
14648,0.4153418
14649,0.10217392
14650,-0.0229144
14651,-0.3199624
14652,0.02177937
14653,-0.07957876
14654,-0.3875288
14655,0.3557805
14656,0.07139343
14657,-0.036686424
14658,-0.17381756
14659,0.2383808
14660,0.23838204
14661,-0.09090441
14662,0.29756922
14663,0.3092029
14664,0.5584289
14665,0.9367762
14666,0.32432294
14667,-0.3650278
14668,0.11851593
14669,0.9218528
14670,0.25608572
14671,0.17514637
14672,-0.6088042
14673,-0.002577165
14674,0.46664426
14675,-0.94952786
14676,-0.3382589
14677,-0.19781211
14678,-0.24080247
14679,-0.09532656
14680,-0.4003282
14681,0.030987024
14682,-0.16228172
14683,0.2755981
14684,-0.07192387
14685,-1.4198542
14686,-0.02800027
14687,-0.19996457
14688,1.0946436
14689,0.3342585
14690,1.5035696
14691,0.27647468
14692,1.9110479
14693,-0.30912703
14694,0.108278915
14695,-0.028397989
14696,1.7854466
14697,-0.0875275
14698,-0.50059307
14699,0.2889104
14700,0.5513686
14701,-0.12594281
14702,0.036493585
14703,-0.21780926
14704,0.11344359
14705,1.2694865
14706,-0.116878554
14707,0.188725
14708,2.079877
14709,-0.5822105
14710,-0.00095455983
14711,-0.28340802
14712,-0.6351991
14713,1.7174996
14714,-0.12038629
14715,-0.47204804
14716,-0.09054014
14717,-0.055346515
14718,0.389838
14719,0.77571917
14720,0.8007937
14721,-0.7873349
14722,0.91104496
14723,0.13185874
14724,0.144794
14725,0.7830932
14726,1.3562973
14727,0.110166185
14728,0.6566022
14729,-0.07633818
14730,2.0669048
14731,0.2758546
14732,-0.4571159
14733,0.87409633
14734,-0.39006898
14735,0.0869667
14736,0.46692777
14737,-0.9997677
14738,-0.22212645
14739,-0.4604212
14740,-0.12275271
14741,-0.22202447
14742,0.48131692
14743,0.4584861
14744,-0.43348613
14745,-0.011932612
14746,-0.2933623
14747,-0.04101351
14748,-0.12930524
14749,0.7105105
14750,-0.7614375
14751,-0.18664666
14752,0.8339895
14753,0.2610489
14754,-0.011197275
14755,-0.51656914
14756,0.32243267
14757,-0.053477377
14758,-0.64507926
14759,0.90059745
14760,1.2432458
14761,-0.14353445
14762,-0.10092617
14763,-0.16963527
14764,0.08977537
14765,-0.09599248
14766,-0.22300825
14767,0.008585703
14768,1.4230365
14769,1.5219283
14770,0.29262298
14771,0.042044632
14772,1.4841825
14773,0.5032254
14774,0.50025153
14775,-0.20931907
14776,0.2823339
14777,-0.6037557
14778,0.22069187
14779,0.36212763
14780,-0.07635036
14781,0.014944973
14782,-0.15910988
14783,0.2412318
14784,-0.06194172
14785,0.8248213
14786,0.027964799
14787,-0.3220538
14788,-0.4324292
14789,-0.03124848
14790,-0.49959022
14791,0.47227314
14792,0.1650795
14793,1.37904
14794,-0.45405585
14795,0.575268
14796,0.19870183
14797,0.3785806
14798,0.8263557
14799,0.2963192
14800,0.14046282
14801,0.38853225
14802,0.14283293
14803,-0.79739785
14804,0.038859226
14805,0.031738658
14806,-0.70185035
14807,0.3740006
14808,-0.19978373
14809,0.25818393
14810,-0.37693834
14811,-0.5100043
14812,-0.16130558
14813,-0.707625
14814,0.3240989
14815,0.5417491
14816,-0.5228134
14817,-0.4780422
14818,1.4131198
14819,0.16186024
14820,-0.8011332
14821,-0.37938264
14822,0.28005964
14823,-0.15422918
14824,-0.9673996
14825,0.18833238
14826,0.18488036
14827,-1.2182144
14828,-0.020964583
14829,0.33447635
14830,-0.011942566
14831,0.12085476
14832,1.0943449
14833,-0.012422758
14834,0.80235076
14835,-0.2745989
14836,1.9184037
14837,0.96993446
14838,0.079377055
14839,-4.516815
14840,-0.25588343
14841,0.53941566
14842,0.33374554
14843,0.21944897
14844,-0.1358142
14845,-0.20694397
14846,0.699562
14847,-0.12789035
14848,0.08746894
14849,-0.14737277
14850,-0.44454545
14851,0.23735477
14852,-0.7857286
14853,0.23052147
14854,2.4873781
14855,1.0210123
14856,0.23799723
14857,0.05041143
14858,0.368042
14859,-0.74604434
14860,0.1842882
14861,1.504266
14862,0.20086916
14863,-0.114873
14864,0.91041213
14865,-1.1704022
14866,-0.6371575
14867,0.9542265
14868,-0.18824707
14869,0.48515174
14870,-0.4792526
14871,-0.02147089
14872,-0.23360287
14873,0.01506885
14874,-0.032632332
14875,-0.2121845
14876,0.056653753
14877,0.29690823
14878,0.09142162
14879,1.6716572
14880,-0.17683272
14881,0.098121084
14882,0.028301975
14883,0.87352544
14884,0.687484
14885,-0.18377516
14886,-0.15336795
14887,-0.49423704
14888,0.18995611
14889,-0.8691172
14890,0.2233883
14891,0.0062148958
14892,1.4535094
14893,-0.12754239
14894,-0.20111005
14895,-0.04724799
14896,-0.12118437
14897,0.9241922
14898,1.1473184
14899,0.68167263
14900,0.023972496
14901,-0.278813
14902,0.25933704
14903,0.1352923
14904,2.8771808
14905,0.16013207
14906,-0.07978413
14907,0.090239964
14908,-0.4298936
14909,-0.17528038
14910,-0.030068014
14911,-0.025292361
14912,-0.012903378
14913,0.3857233
14914,-0.012155774
14915,0.8868055
14916,0.37018654
14917,0.24396345
14918,0.26527214
14919,0.24033539
14920,-0.89009166
14921,-0.47397798
14922,-0.2332697
14923,-0.015384304
14924,1.4918809
14925,0.07910985
14926,0.6910863
14927,0.7777623
14928,-0.09448609
14929,-0.93202305
14930,0.0010900566
14931,-0.19725502
14932,-0.09732278
14933,-0.24873412
14934,0.68788064
14935,0.39614904
14936,-0.005018617
14937,-1.015618
14938,0.46792692
14939,0.30559844
14940,-0.24741638
14941,1.5323207
14942,0.2724378
14943,-1.8720057
14944,-0.42434093
14945,-0.70105904
14946,0.101644225
14947,0.20907776
14948,-1.1742285
14949,-0.48826933
14950,0.13566594
14951,0.5628179
14952,0.9085506
14953,1.5838066
14954,-0.37566516
14955,0.2460246
14956,-0.39809087
14957,-1.007239
14958,0.28727373
14959,-0.09340527
14960,0.13587034
14961,-0.0870323
14962,0.11427953
14963,-1.0431918
14964,1.4091843
14965,-0.940679
14966,0.4954722
14967,0.2851987
14968,0.011063929
14969,-0.2252635
14970,0.110306226
14971,-0.0147218015
14972,-0.41798568
14973,-0.22625415
14974,0.6192346
14975,-0.3283663
14976,0.19751197
14977,0.08465542
14978,-0.19791093
14979,-0.59194297
14980,-0.21273473
14981,0.033572856
14982,-0.4115109
14983,0.97466004
14984,1.5091658
14985,1.4965326
14986,0.24430603
14987,2.556764
14988,0.29809183
14989,-0.19765678
14990,0.03200913
14991,-0.43482333
14992,0.15699117
14993,0.20811078
14994,-0.24902116
14995,0.008909497
14996,0.7771166
14997,-0.20384882
14998,-1.3913974
14999,-0.120813824
15000,0.6062993
15001,-0.23479654
15002,0.28424817
15003,1.8008318
15004,0.23198527
15005,0.25886256
15006,-0.019857662
15007,0.27779916
15008,0.36007056
15009,0.30164686
15010,-0.17920648
15011,0.36234474
15012,-0.2919475
15013,0.8310733
15014,-0.18607907
15015,-0.17096041
15016,-0.5700888
15017,-0.3263227
15018,-0.087251194
15019,0.13548246
15020,-0.3010763
15021,-0.01903388
15022,1.1960875
15023,0.2783193
15024,-0.02395722
15025,-0.82513225
15026,0.9321636
15027,0.54497224
15028,-0.12677105
15029,1.2222745
15030,-0.1777319
15031,-0.087788396
15032,-0.1377833
15033,0.2212384
15034,-0.084373266
15035,2.1723957
15036,0.04041978
15037,0.7094898
15038,0.8577772
15039,-0.046630405
15040,0.7531576
15041,-0.05727585
15042,-0.025226794
15043,-0.21203487
15044,0.47877434
15045,-0.24410273
15046,0.76578325
15047,0.7365852
15048,-0.06479986
15049,0.7121358
15050,0.094941445
15051,-0.010457485
15052,-0.10720682
15053,0.68241984
15054,0.95864415
15055,0.40338916
15056,-0.14030403
15057,-0.18083397
15058,-0.78989506
15059,0.0625267
15060,0.6144951
15061,-0.3512791
15062,-0.34068984
15063,0.024074785
15064,0.3426681
15065,-0.35390937
15066,-0.29704756
15067,-0.18355696
15068,-0.21229492
15069,-0.40600207
15070,-0.15453346
15071,0.010610487
15072,0.16769898
15073,-0.43441078
15074,0.36684427
15075,-0.24486308
15076,-0.46369022
15077,-0.11367855
15078,0.23367958
15079,1.133078
15080,0.18291466
15081,-1.4273578
15082,-0.032948643
15083,1.0591886
15084,0.12914862
15085,0.34039062
15086,0.6928834
15087,0.32296813
15088,0.55424315
15089,-0.055754587
15090,-0.32494447
15091,0.56136286
15092,0.07147949
15093,0.7307245
15094,-0.1279618
15095,-0.14263526
15096,-0.0025314693
15097,-0.0984769
15098,0.14502564
15099,-1.4956577
15100,-0.2743237
15101,0.40625772
15102,-0.0015711403
15103,-0.08839138
15104,-0.23490956
15105,0.31470576
15106,0.015300403
15107,-0.10138643
15108,-0.029097233
15109,-0.5735014
15110,-0.06941134
15111,0.09058407
15112,-0.67750627
15113,0.4466878
15114,-0.021120545
15115,-0.5402844
15116,-0.055301435
15117,0.40492332
15118,-0.114461645
15119,0.1317441
15120,0.27480516
15121,0.1848425
15122,0.26047033
15123,-0.10590061
15124,1.641191
15125,0.4605464
15126,0.013651738
15127,0.11008913
15128,-0.2627205
15129,1.2322954
15130,-0.7705611
15131,1.0522807
15132,0.17009866
15133,0.1416714
15134,0.25957844
15135,1.2891793
15136,-0.17191416
15137,0.21587741
15138,-0.17051278
15139,0.53970736
15140,0.012276062
15141,0.34170225
15142,0.36387056
15143,-0.2214923
15144,0.39950404
15145,-0.26588133
15146,0.5261886
15147,0.08881307
15148,-0.12046992
15149,-0.14808524
15150,0.0031160882
15151,1.2801728
15152,-0.44254646
15153,-0.123969264
15154,0.06767962
15155,0.029496845
15156,-0.021720225
15157,0.2531649
15158,0.28128612
15159,-0.6053502
15160,0.64363295
15161,0.31180757
15162,-0.03624491
15163,0.3481982
15164,0.6760343
15165,0.2540935
15166,-0.5865296
15167,0.10313385
15168,-0.61493963
15169,-0.40502873
15170,0.95618534
15171,0.73095655
15172,0.56160146
15173,-0.060083944
15174,-0.08986327
15175,0.15954107
15176,-0.06267872
15177,0.28429246
15178,0.3710967
15179,-0.06871038
15180,1.8357211
15181,0.81979674
15182,-0.10205013
15183,0.22751129
15184,-0.117971286
15185,0.33537897
15186,-0.4084299
15187,-0.19569711
15188,0.23788342
15189,-0.770228
15190,0.3131417
15191,-0.07321512
15192,0.18241106
15193,0.8620163
15194,-0.14580761
15195,-0.12763268
15196,-0.49766457
15197,-1.1148566
15198,-0.22599414
15199,0.13069975
15200,1.5706229
15201,-0.38135773
15202,0.62480986
15203,1.5053846
15204,-0.6409474
15205,0.2836919
15206,-0.29412442
15207,0.3840371
15208,-0.2741649
15209,0.1777928
15210,-0.38722193
15211,0.34704423
15212,-0.08319461
15213,-0.47463208
15214,-0.977205
15215,-0.1640734
15216,0.2736605
15217,0.47095263
15218,-0.34223968
15219,0.092915185
15220,0.4405505
15221,-0.28869042
15222,-0.023850743
15223,-0.83106536
15224,0.11804557
15225,0.4269627
15226,-0.13676375
15227,0.36981446
15228,-0.2518668
15229,-0.10929612
15230,0.07640859
15231,-0.5664023
15232,0.13058032
15233,2.1569753
15234,-0.7070576
15235,-0.061329115
15236,-0.5916401
15237,0.060815435
15238,0.21603942
15239,0.32392284
15240,1.4630508
15241,0.31779325
15242,-0.37551257
15243,0.2046661
15244,0.19555122
15245,0.41886008
15246,-0.087407485
15247,0.33228698
15248,-0.29422623
15249,0.19806792
15250,-0.25321308
15251,-0.014188556
15252,-0.19024332
15253,-0.021902459
15254,0.31098518
15255,0.028984629
15256,1.8499705
15257,-1.5420755
15258,0.21025115
15259,-0.4476837
15260,0.12262688
15261,-0.6500525
15262,0.92194426
15263,-0.12649687
15264,-0.33844844
15265,0.21365382
15266,-0.16357961
15267,0.005164973
15268,-0.01887836
15269,-0.1461245
15270,-0.031521387
15271,1.2754345
15272,-0.033325862
15273,1.2278562
15274,-0.14494571
15275,0.8668797
15276,0.4196512
15277,0.07306916
15278,-0.40763983
15279,-0.26521778
15280,-0.26291886
15281,0.009400033
15282,1.4819995
15283,-0.96406543
15284,0.028927822
15285,-0.11677351
15286,0.84216017
15287,-0.26667893
15288,0.12664936
15289,-0.29838136
15290,-0.15007453
15291,1.1559178
15292,-0.3193885
15293,1.4202421
15294,-0.032116957
15295,0.39377627
15296,0.5411134
15297,0.5730258
15298,-0.32140562
15299,0.4035426
15300,0.3585211
15301,-0.4169003
15302,0.52398074
15303,0.84196997
15304,0.18852508
15305,-1.3275102
15306,-0.08305443
15307,-0.3028764
15308,0.037521623
15309,-0.60489345
15310,0.17925675
15311,0.12508887
15312,-0.12790012
15313,0.15368327
15314,1.8314658
15315,-1.0196574
15316,0.5938473
15317,0.5104839
15318,0.03201222
15319,0.58569217
15320,0.0011244633
15321,0.5196346
15322,-0.10747292
15323,0.117243156
15324,0.38027427
15325,-0.35376367
15326,-0.1494503
15327,0.2364114
15328,-0.37461746
15329,0.06482923
15330,0.09550482
15331,0.5549958
15332,-1.3826245
15333,0.115296066
15334,-0.2604965
15335,-0.1701159
15336,-0.0040974454
15337,0.6240581
15338,0.7958404
15339,0.34332204
15340,-0.015819075
15341,-0.36571288
15342,-0.1443296
15343,-0.7666591
15344,3.6057122
15345,0.61791533
15346,0.20930643
15347,0.09116084
15348,-0.891165
15349,0.1299219
15350,-0.28018856
15351,0.7439676
15352,-0.07853045
15353,-0.3940528
15354,1.2838616
15355,0.034438506
15356,0.05879488
15357,0.19112496
15358,0.016043095
15359,0.12251785
15360,-0.6124308
15361,-0.5693176
15362,0.40346995
15363,0.8371824
15364,-0.18719605
15365,2.7474103
15366,-0.32380027
15367,0.0658418
15368,-0.30611402
15369,0.0020076006
15370,1.0271654
15371,0.2294477
15372,0.18706214
15373,0.41884935
15374,-0.3785873
15375,-0.15617916
15376,0.36847508
15377,-0.00028832944
15378,-0.31687063
15379,1.1974362
15380,-0.39184406
15381,0.21880193
15382,0.93130815
15383,0.41942453
15384,-0.5874452
15385,-0.067353286
15386,-0.11577018
15387,0.4254506
15388,-0.579734
15389,0.41051173
15390,0.13819
15391,0.44208843
15392,0.11148537
15393,-0.4222022
15394,-0.05727322
15395,-0.5780822
15396,-0.23751706
15397,-0.26922315
15398,-0.17790583
15399,0.2782999
15400,0.082943454
15401,-0.022162266
15402,0.11999898
15403,0.80162513
15404,0.25337595
15405,0.48929414
15406,0.22425708
15407,1.1544187
15408,-0.8769321
15409,0.024185069
15410,0.15721524
15411,0.12379877
15412,0.3732109
15413,0.25943944
15414,-0.3045069
15415,0.0062872097
15416,-0.0934642
15417,0.11199548
15418,-0.086103685
15419,0.7797964
15420,0.41262272
15421,-0.39637554
15422,0.5473778
15423,-0.13184011
15424,0.23316549
15425,-0.6182873
15426,-0.05118199
15427,-0.036158264
15428,-0.42627656
15429,-0.45039678
15430,-0.3482147
15431,-0.41358405
15432,0.508279
15433,0.25332326
15434,2.2279925
15435,0.88929045
15436,0.108816385
15437,-0.12617439
15438,0.099468
15439,-0.024563305
15440,0.16264771
15441,-0.5695835
15442,2.0105572
15443,0.80966836
15444,-0.33340684
15445,0.100087665
15446,0.21520077
15447,0.7185379
15448,-0.0077898665
15449,0.04120425
15450,0.45076957
15451,0.16729818
15452,-0.22024855
15453,-0.72334784
15454,-0.28766352
15455,0.4389601
15456,-0.17588644
15457,0.2657342
15458,-0.15669775
15459,0.60552573
15460,-0.52497417
15461,-0.48138702
15462,0.25835222
15463,0.048028998
15464,0.62589514
15465,0.20696673
15466,-0.68217933
15467,-0.63877445
15468,2.8212876
15469,0.83003724
15470,0.62870955
15471,0.022904953
15472,0.32171342
15473,-0.09281615
15474,-0.2964837
15475,-0.8938881
15476,0.40077645
15477,0.994197
15478,0.8439979
15479,-0.11824395
15480,1.371237
15481,-0.13543405
15482,-0.29345736
15483,-0.49312374
15484,0.4740708
15485,-0.050341703
15486,-0.2842004
15487,0.19682695
15488,0.119824104
15489,1.2243928
15490,-0.033061244
15491,0.2402278
15492,0.16118947
15493,0.21548842
15494,0.38539052
15495,0.40744403
15496,0.64119536
15497,-0.60092103
15498,0.77830034
15499,0.6609653
15500,0.28076783
15501,-0.17011397
15502,-0.29771292
15503,-0.8305367
15504,0.0007630482
15505,-0.3837231
15506,0.011172898
15507,-0.34052032
15508,-0.19225508
15509,1.535678
15510,0.17806381
15511,-0.3300385
15512,0.01936464
15513,0.045147914
15514,0.4002247
15515,0.5342996
15516,-0.08646962
15517,1.8732438
15518,0.28106877
15519,-1.658569e-05
15520,0.45992795
15521,-0.22872218
15522,0.51225287
15523,-0.40830305
15524,0.062752746
15525,0.07796204
15526,0.9959654
15527,0.19698238
15528,-0.09754452
15529,0.4490511
15530,0.1859229
15531,-0.31543058
15532,0.11631114
15533,0.13672347
15534,-0.5380857
15535,0.0059256135
15536,1.3226825
15537,0.56225336
15538,1.1821645
15539,-0.5662391
15540,0.24687588
15541,0.5180371
15542,1.8691852
15543,-0.25076592
15544,0.18520741
15545,0.53676844
15546,1.8845254
15547,0.0469927
15548,0.88127196
15549,0.19711585
15550,0.79618096
15551,0.764427
15552,0.09664526
15553,-0.07661701
15554,-0.25149795
15555,0.09433946
15556,-0.4607049
15557,0.055190466
15558,-0.60324526
15559,-0.26043117
15560,-0.4877156
15561,0.26430923
15562,0.6261992
15563,0.8986347
15564,0.2918077
15565,0.21074064
15566,-0.41741574
15567,-0.76820475
15568,0.5282992
15569,-0.539769
15570,0.06752811
15571,0.24925156
15572,0.12958859
15573,1.1932831
15574,0.5582399
15575,-0.019233605
15576,-0.13591735
15577,0.1232611
15578,-0.30360782
15579,0.80413175
15580,-0.17168425
15581,0.43570033
15582,-0.22748648
15583,-0.07647167
15584,-0.5578135
15585,-0.4164002
15586,-0.278913
15587,0.12721051
15588,-0.17585084
15589,-1.2783453
15590,0.13695092
15591,1.0572709
15592,-1.1335813
15593,-0.24786393
15594,0.17544603
15595,1.0470315
15596,0.14733301
15597,-0.34381807
15598,-0.29093003
15599,-0.17079681
15600,-0.1937829
15601,0.14005636
15602,0.28583124
15603,1.0074822
15604,0.18594833
15605,0.20033091
15606,0.8739655
15607,-0.39165697
15608,0.31534207
15609,1.4856936
15610,-0.4867995
15611,1.473018
15612,-1.2459812
15613,-0.15469857
15614,0.066102274
15615,0.62073636
15616,-0.47360182
15617,-0.27438363
15618,-0.2655458
15619,-0.45551112
15620,-0.9144843
15621,0.34258386
15622,-0.018408755
15623,-0.0025847508
15624,0.22466047
15625,0.09905572
15626,0.33691797
15627,0.801529
15628,0.39741924
15629,0.8076947
15630,0.27037334
15631,0.146586
15632,0.51552117
15633,1.3048717
15634,1.900062
15635,0.6012625
15636,0.3512427
15637,-0.85219496
15638,-0.14961408
15639,0.03574794
15640,0.3936429
15641,-1.1827476
15642,0.50847125
15643,0.025716886
15644,-0.3137595
15645,0.096981294
15646,0.069022514
15647,0.3993536
15648,0.3370372
15649,-0.14377865
15650,4.3709574
15651,0.079644874
15652,-0.2559301
15653,-0.3665067
15654,0.06891822
15655,0.010253465
15656,0.17918791
15657,0.55313945
15658,0.101691164
15659,-0.1131244
15660,0.5010119
15661,0.18178457
15662,-0.22666077
15663,0.6521066
15664,-0.095182985
15665,-0.28421798
15666,0.15661426
15667,0.6427033
15668,-0.7346229
15669,1.294344
15670,-0.85277724
15671,0.6958998
15672,1.5418298
15673,-0.3154712
15674,-0.10253531
15675,0.10097014
15676,0.40499768
15677,0.51500773
15678,0.22693452
15679,-0.01762526
15680,-0.53177375
15681,0.2863855
15682,0.0167198
15683,-0.17669465
15684,-0.13213767
15685,0.5655696
15686,0.15206857
15687,0.16873823
15688,2.3309567
15689,0.5103297
15690,0.57271326
15691,-0.32041767
15692,-0.0072051054
15693,-0.2788599
15694,-1.426436
15695,-0.043337308
15696,-0.3140585
15697,-0.30974913
15698,-0.069966055
15699,-0.07091057
15700,0.1366777
15701,0.03409809
15702,0.11889317
15703,0.11329483
15704,0.15068544
15705,0.032669615
15706,-0.37417147
15707,-0.049081992
15708,-0.09002115
15709,-0.17647107
15710,-0.535927
15711,0.5067266
15712,0.81177473
15713,-0.31242365
15714,1.8159988
15715,-0.34090358
15716,-0.14431441
15717,0.14526086
15718,0.091193624
15719,0.72998756
15720,1.287624
15721,-1.3757635
15722,-0.124271855
15723,-0.08313704
15724,0.009161357
15725,0.6732357
15726,-0.33940214
15727,0.57482475
15728,0.27424332
15729,0.65813106
15730,-0.35769925
15731,-0.45297238
15732,1.2119744
15733,0.26409787
15734,-0.020368028
15735,0.18577906
15736,0.4716612
15737,0.39854613
15738,-0.61192507
15739,-0.33537298
15740,0.45294157
15741,0.7862711
15742,-0.26193956
15743,-0.08636092
15744,-0.3976174
15745,-0.3767802
15746,0.10227386
15747,0.54112124
15748,0.47618207
15749,0.25373188
15750,0.26135212
15751,0.28664526
15752,-0.2631192
15753,-0.4886764
15754,0.15714626
15755,0.16654679
15756,0.27795595
15757,-0.32284155
15758,0.30362105
15759,0.24594508
15760,1.4312373
15761,-0.54490167
15762,-0.064498454
15763,-0.81503046
15764,-0.110121414
15765,0.8966908
15766,0.122883774
15767,2.5101678
15768,0.35416338
15769,0.33143926
15770,-0.37880635
15771,-0.061791744
15772,0.6676808
15773,-0.027510984
15774,-1.3480983
15775,-0.7038474
15776,-0.068802506
15777,0.8580173
15778,0.03955695
15779,0.0747246
15780,0.1353525
15781,0.7795525
15782,2.3141897
15783,0.0037445438
15784,0.486592
15785,-0.30577868
15786,0.026145933
15787,-0.5542108
15788,0.008754217
15789,-0.4144732
15790,0.35425285
15791,0.081805825
15792,0.11899754
15793,-0.016280556
15794,-0.766729
15795,0.022214225
15796,-0.6751411
15797,0.034303974
15798,0.6149189
15799,-0.27237934
15800,-0.23585744
15801,0.43738216
15802,1.5460304
15803,0.17611217
15804,-0.16834614
15805,-0.25469434
15806,0.03174018
15807,0.12224854
15808,-0.103540175
15809,-1.1458496
15810,-0.1737784
15811,-0.22691864
15812,0.18178125
15813,-1.3465173
15814,1.5022454
15815,0.20708475
15816,0.17731106
15817,0.32655573
15818,-0.42708653
15819,0.13417685
15820,-0.15835331
15821,0.1777779
15822,0.70826006
15823,-0.20279032
15824,0.35197195
15825,-0.21678121
15826,-0.40452972
15827,0.15242553
15828,-0.38521025
15829,-0.9554448
15830,-0.34948322
15831,-0.21517214
15832,-0.15142345
15833,-0.29962447
15834,0.29210168
15835,0.0044516656
15836,0.1604201
15837,-0.25594398
15838,-0.48932004
15839,-0.09469601
15840,-0.03662259
15841,0.37875947
15842,1.480971
15843,0.85646564
15844,-0.19562353
15845,-0.34995526
15846,-0.31200504
15847,-0.20117702
15848,0.113267705
15849,1.4805442
15850,-0.08820148
15851,-0.56641585
15852,-0.45025524
15853,-0.14517015
15854,-0.45790446
15855,0.14076932
15856,0.25937098
15857,-1.3017437
15858,-0.21648271
15859,0.42298982
15860,1.7028865
15861,0.96671313
15862,-0.2268078
15863,0.2726173
15864,-0.1645123
15865,1.252233
15866,1.638907
15867,-0.017412428
15868,0.22206776
15869,0.039325777
15870,0.05629273
15871,0.15867452
15872,0.020720294
15873,-0.110247865
15874,0.2679788
15875,0.1568944
15876,2.0342798
15877,0.040201716
15878,-0.7700802
15879,-0.4254169
15880,-0.1514865
15881,0.023640975
15882,0.6331398
15883,-0.12773943
15884,-0.15039606
15885,0.13606966
15886,-0.030260544
15887,0.051713094
15888,-0.34725004
15889,-0.45922527
15890,0.54634374
15891,-0.02239135
15892,0.24382754
15893,0.28838935
15894,0.26592714
15895,0.07476514
15896,1.3782451
15897,1.5034809
15898,-0.10936562
15899,-0.4267895
15900,-0.17985347
15901,-0.6159533
15902,-0.17340219
15903,0.36918983
15904,-0.29681152
15905,-0.668175
15906,0.035876278
15907,-0.29539755
15908,0.16129425
15909,-0.71398383
15910,0.13984017
15911,0.9535973
15912,1.6551542
15913,0.026181566
15914,0.29353052
15915,-0.0760159
15916,-0.42689547
15917,0.46066678
15918,-0.12785645
15919,-0.30031702
15920,-0.1519923
15921,-0.38136554
15922,0.023569541
15923,-0.24109252
15924,-0.2430853
15925,0.13226157
15926,0.08934079
15927,0.10747872
15928,0.19507478
15929,-1.659935
15930,-0.39237472
15931,0.39442676
15932,-0.36012423
15933,-0.10114822
15934,0.3275331
15935,0.2923677
15936,-0.50027835
15937,1.0699733
15938,-0.4466732
15939,-0.11630116
15940,0.16100836
15941,-0.275404
15942,0.11066095
15943,0.5055432
15944,0.31347752
15945,-0.9534284
15946,0.38057166
15947,-0.9797442
15948,0.32884002
15949,0.3615516
15950,0.10214335
15951,0.48398092
15952,0.2754189
15953,0.49468514
15954,-0.17034042
15955,-0.2539841
15956,0.9536166
15957,-0.3000179
15958,-0.0017083854
15959,-1.1789753
15960,-0.16225654
15961,-0.64993113
15962,0.2563918
15963,0.15001158
15964,-0.05482882
15965,-0.21206282
15966,0.32001242
15967,0.049896233
15968,-0.5562912
15969,0.3791361
15970,1.2021583
15971,0.29640865
15972,0.36347413
15973,2.9831731
15974,-0.18006772
15975,-0.108874224
15976,0.11511412
15977,-0.5141124
15978,-0.77081823
15979,-0.42080733
15980,-0.17033587
15981,0.12210956
15982,-0.097267464
15983,1.263441
15984,1.835774
15985,-1.1422799
15986,-0.011489951
15987,-0.16684179
15988,0.6178072
15989,0.9073151
15990,0.4377077
15991,-0.3576291
15992,0.9102701
15993,0.30019674
15994,-0.34938306
15995,-0.57851565
15996,0.40494385
15997,0.1371718
15998,0.24430944
15999,0.9444179
16000,0.16231816
16001,0.12778212
16002,0.032276068
16003,-0.04289871
16004,0.5369572
16005,-0.56292856
16006,1.7094204
16007,0.14484008
16008,0.10793125
16009,0.86599153
16010,1.2145004
16011,-0.3200949
16012,-0.03803653
16013,0.03000515
16014,-0.5867015
16015,1.0039474
16016,-0.073444195
16017,0.010964652
16018,0.043801982
16019,-0.23924926
16020,-0.9300239
16021,-0.33272123
16022,0.7050363
16023,-0.28120464
16024,0.27520868
16025,0.086685315
16026,-0.010584427
16027,-0.6723801
16028,-0.008935538
16029,-0.07169395
16030,0.80264306
16031,0.85291153
16032,2.2736151
16033,0.20863986
16034,0.6643746
16035,-0.01897986
16036,1.5055603
16037,0.14605182
16038,-0.16919708
16039,0.26408643
16040,-0.16189593
16041,0.084276535
16042,-0.1881386
16043,-0.06822838
16044,-0.07424659
16045,-0.12496178
16046,-0.6339103
16047,1.1816787
16048,-0.19274291
16049,0.073665686
16050,0.109281145
16051,0.47342652
16052,0.36064684
16053,-0.10874543
16054,-0.7794908
16055,0.25288206
16056,-0.25315696
16057,0.73840266
16058,-0.16160853
16059,0.11722739
16060,0.20173234
16061,0.97592527
16062,0.40638924
16063,-0.05175972
16064,-0.20899162
16065,0.053165745
16066,0.23338959
16067,-0.073873565
16068,-0.310534
16069,0.7399769
16070,-0.77473307
16071,1.1513114
16072,0.3230251
16073,0.97683513
16074,-0.09356372
16075,0.21550904
16076,1.6473889
16077,-0.33721805
16078,-0.4259155
16079,-0.008755834
16080,0.68883127
16081,-0.30262148
16082,0.13762814
16083,0.47067747
16084,0.9523158
16085,1.9806727
16086,-0.20166692
16087,-0.08776315
16088,0.0190874
16089,0.1293458
16090,0.013355873
16091,-0.054765005
16092,1.7121841
16093,1.069723
16094,1.7499073
16095,0.4524802
16096,0.7385926
16097,0.5320779
16098,-0.018389678
16099,-0.12093228
16100,-0.20721133
16101,0.10706294
16102,0.856809
16103,-0.069991946
16104,0.13468075
16105,-0.7071325
16106,-0.52853316
16107,-0.15617274
16108,0.18423915
16109,-0.21950696
16110,0.16014309
16111,0.3097949
16112,0.33230758
16113,0.1592694
16114,0.32390186
16115,-0.18170764
16116,-0.3387216
16117,0.8398813
16118,-0.27300823
16119,-0.08023517
16120,-0.3242307
16121,-0.2657243
16122,-0.111043565
16123,1.528205
16124,-0.63953644
16125,0.7126158
16126,1.5262187
16127,-0.46579033
16128,0.006344833
16129,-0.55772895
16130,0.15834892
16131,-0.29626983
16132,0.06295894
16133,0.33098808
16134,0.033661045
16135,-0.22929649
16136,0.09078339
16137,-0.3153089
16138,-0.1210839
16139,-0.28488725
16140,0.8792631
16141,0.20433514
16142,-0.4086801
16143,-0.045278482
16144,-0.38918936
16145,-0.40376738
16146,0.17625865
16147,0.6500002
16148,-0.902591
16149,-0.9666222
16150,0.53387
16151,-0.14804767
16152,1.1202554
16153,0.16943893
16154,-0.16589853
16155,-0.35100392
16156,-0.61479145
16157,0.37708202
16158,-0.31713232
16159,0.4317677
16160,-0.04021972
16161,0.3099718
16162,1.600732
16163,-0.51675755
16164,0.055268593
16165,0.23796025
16166,0.2157706
16167,-0.24868822
16168,1.0356289
16169,0.27619752
16170,1.6491451
16171,0.26248133
16172,0.26473364
16173,-0.04738659
16174,-0.1465886
16175,-0.03251628
16176,-0.5673131
16177,1.2599792
16178,0.21047978
16179,0.49290916
16180,-0.18198085
16181,0.12717514
16182,0.12994395
16183,1.3458166
16184,1.1575137
16185,0.33062702
16186,0.023809828
16187,0.26075643
16188,1.4947777
16189,0.055312816
16190,-0.3261914
16191,-0.28654525
16192,-0.048013512
16193,0.037371878
16194,-0.7590317
16195,0.22500587
16196,-0.5980665
16197,0.76238275
16198,0.17785501
16199,-0.5267535
16200,-0.020659361
16201,-0.13164271
16202,-0.2517756
16203,-0.020679114
16204,0.08682159
16205,-0.15364945
16206,0.16979474
16207,0.044164892
16208,-0.20923887
16209,-0.34391424
16210,-0.18940417
16211,0.47406715
16212,-0.12391845
16213,-0.16649842
16214,0.072485395
16215,-0.124950066
16216,0.020458033
16217,-0.5946115
16218,0.4804702
16219,2.4764423
16220,0.15575904
16221,-0.44069088
16222,-0.062478837
16223,0.029876214
16224,0.1350965
16225,-0.5705737
16226,-0.5725657
16227,0.88094336
16228,0.76201355
16229,-0.38754398
16230,0.5945608
16231,0.10874631
16232,-0.30884266
16233,0.06019791
16234,-0.10244308
16235,-0.41136226
16236,0.2634774
16237,0.25426665
16238,0.567804
16239,0.36141968
16240,0.41315633
16241,-0.48862594
16242,-0.27580395
16243,-3.511106
16244,1.890204
16245,-0.026407715
16246,0.71873355
16247,0.6007191
16248,0.40701002
16249,0.7916958
16250,0.088694125
16251,-0.12920573
16252,0.12816548
16253,-0.16707188
16254,0.084889635
16255,-1.1577716
16256,1.1893817
16257,-0.16788091
16258,0.23031996
16259,-0.14694898
16260,0.01498159
16261,0.14989933
16262,-0.0698139
16263,0.26525745
16264,0.9961878
16265,0.4773806
16266,-0.031384792
16267,1.1563945
16268,1.1761498
16269,0.32335323
16270,-0.007999884
16271,0.3828371
16272,1.0469302
16273,0.4123404
16274,-1.4843143
16275,0.44968826
16276,0.62772787
16277,1.0638063
16278,0.20378959
16279,0.6122349
16280,-0.4247976
16281,-0.32143047
16282,-0.11211722
16283,-0.22827281
16284,0.01167796
16285,-0.5683144
16286,0.57922715
16287,-0.05474445
16288,0.3386115
16289,-0.20695081
16290,0.682599
16291,-0.008208364
16292,0.06426307
16293,-0.5830863
16294,-0.37171292
16295,-0.48226848
16296,0.33051014
16297,0.044776585
16298,2.3735108
16299,1.1180356
16300,-0.2974335
16301,0.46908253
16302,2.854921
16303,0.6609897
16304,0.08960154
16305,-0.23774096
16306,0.31901166
16307,-0.45741785
16308,0.69951713
16309,-0.27338064
16310,-0.64618707
16311,0.025949763
16312,-0.26975134
16313,0.5756358
16314,-0.023499113
16315,0.3209619
16316,0.19901995
16317,0.041094087
16318,0.30549857
16319,0.4769624
16320,-0.069830105
16321,-0.03814766
16322,0.67023516
16323,-0.31221768
16324,0.05807153
16325,0.24083483
16326,0.14808047
16327,1.0835582
16328,0.079769105
16329,-0.02094834
16330,-0.5266143
16331,0.30942574
16332,-0.1753687
16333,0.16566893
16334,0.6234104
16335,-0.091372296
16336,0.8627468
16337,0.13403536
16338,-0.32955265
16339,0.25149024
16340,0.12794077
16341,-0.15137622
16342,0.7130106
16343,-0.19708656
16344,0.41615435
16345,-0.054744627
16346,0.0064955936
16347,-0.06821391
16348,0.020804662
16349,-0.34558395
16350,-0.5028018
16351,0.270579
16352,-0.12927148
16353,-0.6144387
16354,0.5418358
16355,-0.16022055
16356,0.060608577
16357,-0.10891723
16358,-0.3370701
16359,0.28168842
16360,0.028995445
16361,0.39293787
16362,-0.46525228
16363,-0.22487493
16364,-0.058167886
16365,0.4988117
16366,0.99930143
16367,0.27330044
16368,-0.16879196
16369,-0.32503206
16370,1.9148009
16371,0.10634618
16372,0.21880159
16373,0.122331485
16374,0.19112858
16375,1.0581769
16376,0.15362416
16377,0.137653
16378,-0.05637828
16379,-0.09366824
16380,-0.11839032
16381,-0.7440472
16382,1.5735794
16383,-2.198796
16384,-0.4506248
16385,0.5408743
16386,0.11156494
16387,-0.2273545
16388,0.42265627
16389,0.55427295
16390,-0.06653817
16391,0.9494295
16392,0.76541764
16393,0.24547282
16394,-0.2476124
16395,0.3856398
16396,1.5330871
16397,-0.30336648
16398,0.21176942
16399,0.24057001
16400,0.056013394
16401,-0.10881513
16402,0.049172346
16403,0.12542194
16404,-0.08287883
16405,0.3445151
16406,0.45195085
16407,0.8630475
16408,0.4582302
16409,-0.31487763
16410,0.04102415
16411,-0.05980759
16412,1.4063168
16413,-0.035212636
16414,-0.27026373
16415,0.58483684
16416,0.0013269975
16417,0.31828198
16418,0.53928125
16419,-0.141811
16420,-0.32435268
16421,0.8675849
16422,-0.18921992
16423,-0.3732627
16424,-0.79079604
16425,0.30838937
16426,0.22786053
16427,0.38626137
16428,-0.4311569
16429,0.5820982
16430,0.18111694
16431,0.3378072
16432,0.54014033
16433,0.045320317
16434,-0.264822
16435,-0.20600341
16436,0.79403895
16437,-0.34109378
16438,-1.0163614
16439,-0.027426543
16440,1.6084123
16441,-0.38564166
16442,-1.5729504
16443,0.27794722
16444,-0.61035913
16445,0.19998407
16446,-0.21985221
16447,1.7417426
16448,0.09267921
16449,0.47306597
16450,0.14149864
16451,0.07690874
16452,-0.07698301
16453,0.23890044
16454,0.0033328577
16455,0.118891105
16456,0.40065408
16457,-0.305481
16458,-0.3444639
16459,0.27229407
16460,-0.3844141
16461,0.6300738
16462,0.18753473
16463,0.2966542
16464,-0.08059124
16465,1.3317914
16466,0.07679158
16467,0.17988545
16468,-0.1999863
16469,0.07516066
16470,0.057300854
16471,0.5226273
16472,-0.47758093
16473,0.5188193
16474,0.7926833
16475,1.450375
16476,0.6519438
16477,-0.023755888
16478,0.058618702
16479,-0.14368841
16480,0.18014741
16481,0.65024275
16482,-0.1398731
16483,1.4751353
16484,1.565743
16485,-0.16278878
16486,0.540304
16487,-0.2614263
16488,-0.19869095
16489,1.349893
16490,0.17909922
16491,0.034509007
16492,0.18360367
16493,1.3026974
16494,1.0611249
16495,0.35762903
16496,0.833546
16497,1.4093933
16498,-0.243381
16499,-0.47538307
16500,-0.013003568
16501,-0.034537073
16502,0.21449123
16503,0.08119036
16504,-0.21185787
16505,-0.81105965
16506,-0.18677013
16507,0.11863089
16508,0.5610468
16509,0.16419461
16510,-0.44636056
16511,0.11814315
16512,-0.27741465
16513,-0.2982678
16514,-0.3120714
16515,-0.18042411
16516,-0.11558901
16517,-0.05215886
16518,-0.26065743
16519,1.4894952
16520,0.99397016
16521,-0.14680295
16522,-0.033031486
16523,-0.1911676
16524,1.1066632
16525,0.078515746
16526,0.6401062
16527,-0.37718835
16528,-0.15166739
16529,0.31129578
16530,-0.018424105
16531,-1.9168841
16532,-0.41481152
16533,-0.537291
16534,-0.13311464
16535,-0.2381271
16536,-0.00406581
16537,0.06252127
16538,0.025462566
16539,-0.17652951
16540,0.11398571
16541,-0.5909857
16542,-0.36503616
16543,0.13313456
16544,0.07114916
16545,-0.15890674
16546,1.1457303
16547,0.37277576
16548,-0.30992332
16549,-0.57831615
16550,1.3445222
16551,-0.95591533
16552,-0.0699234
16553,-0.08060052
16554,-0.14690694
16555,-0.44039288
16556,1.3784928
16557,-1.0036514
16558,0.25428066
16559,-0.659307
16560,0.5071267
16561,-0.30671826
16562,-1.1125475
16563,0.07479296
16564,0.026254924
16565,0.27679914
16566,-0.07986935
16567,0.1295444
16568,0.24665073
16569,0.5052231
16570,0.19344807
16571,-0.28057688
16572,0.028388971
16573,0.77017784
16574,1.4534448
16575,0.178945
16576,-0.57317126
16577,0.14974158
16578,0.20519447
16579,0.081948854
16580,0.8087595
16581,0.57190657
16582,-0.19962601
16583,0.48392522
16584,-0.22711335
16585,0.23316054
16586,-0.20869693
16587,-0.37238196
16588,0.59135187
16589,0.1519318
16590,-0.1343282
16591,-1.1070993
16592,1.333191
16593,-0.023829125
16594,0.2450358
16595,-0.13183056
16596,1.6281317
16597,-0.17181604
16598,-0.20726474
16599,0.29008618
16600,-0.6813542
16601,0.61770326
16602,1.0880449
16603,-0.08406266
16604,-0.5515466
16605,0.06334625
16606,-0.30638546
16607,0.13836631
16608,-0.049811896
16609,-0.1929762
16610,1.3576307
16611,0.08135198
16612,1.3720682
16613,2.2498012
16614,-0.5553174
16615,1.2136596
16616,0.517979
16617,-0.18517269
16618,-0.29382387
16619,1.4719846
16620,0.22917238
16621,2.4202168
16622,0.046442572
16623,-0.0872768
16624,0.004379606
16625,-0.013463724
16626,0.65980506
16627,1.3031502
16628,-0.20300566
16629,0.37585175
16630,0.028668884
16631,-0.066032425
16632,-0.012928165
16633,0.041536335
16634,0.13809006
16635,0.3354404
16636,0.79740983
16637,-0.019800391
16638,-0.13437195
16639,-0.29634392
16640,0.3971365
16641,1.0308995
16642,-0.51783484
16643,-1.0118598
16644,0.32072398
16645,1.6201429
16646,1.1757988
16647,-0.6879019
16648,-0.61184704
16649,0.05223802
16650,-1.0079796
16651,1.6358609
16652,0.15656202
16653,0.011054614
16654,0.34118998
16655,0.189971
16656,0.76709414
16657,-0.31440753
16658,-0.7154025
16659,0.06569516
16660,0.21721157
16661,0.032017767
16662,-0.30141386
16663,0.403225
16664,0.11365136
16665,0.029409265
16666,-0.2061956
16667,0.40585333
16668,-0.2513881
16669,0.19569598
16670,0.98848414
16671,-0.25639403
16672,-0.13720927
16673,0.34702122
16674,1.0801572
16675,0.1058853
16676,-0.03781138
16677,-0.06658261
16678,-0.38981187
16679,0.15265808
16680,-0.43274438
16681,-0.52936625
16682,0.17842598
16683,1.1078937
16684,-0.460919
16685,-0.07449285
16686,1.542702
16687,0.0052648922
16688,-0.244061
16689,1.2073797
16690,-0.061226837
16691,-0.21272668
16692,0.01543641
16693,0.021297066
16694,0.5670192
16695,0.002684824
16696,0.1373222
16697,-0.9142975
16698,0.07502722
16699,0.6002459
16700,-0.97617805
16701,2.328399
16702,-0.3726033
16703,2.486625
16704,-0.70329946
16705,0.041953146
16706,0.8923738
16707,-0.05572964
16708,3.6069274
16709,0.45543864
16710,0.29567277
16711,0.9575931
16712,0.55091894
16713,0.16717726
16714,-0.4167934
16715,1.7222269
16716,-0.6403758
16717,-0.9913755
16718,-0.13913348
16719,0.1563211
16720,0.11095683
16721,0.12724198
16722,1.0750177
16723,0.28733546
16724,-1.0122832
16725,0.8888376
16726,0.57744306
16727,-0.22742298
16728,-0.3132392
16729,-0.6774729
16730,-0.29779994
16731,0.16990332
16732,-0.68176895
16733,-0.026933176
16734,0.6528551
16735,-0.20001571
16736,-0.02219992
16737,0.06505751
16738,0.022392778
16739,0.12730397
16740,2.7640488
16741,-0.28655282
16742,0.48250166
16743,1.1465371
16744,0.11676358
16745,-0.712076
16746,-0.5294892
16747,-1.358556
16748,-0.056374133
16749,0.2121954
16750,0.24799159
16751,0.06369142
16752,0.33499017
16753,0.25803083
16754,-0.21722953
16755,-0.32989094
16756,-0.04145445
16757,-0.3995075
16758,-0.26859185
16759,-0.06846825
16760,0.29601187
16761,0.887673
16762,0.8968132
16763,-0.092832245
16764,-0.014044906
16765,0.019229395
16766,0.65835756
16767,0.90294176
16768,-0.32253736
16769,0.33821884
16770,-0.48048437
16771,-0.09917064
16772,0.30090576
16773,0.13334213
16774,0.43165457
16775,0.94312316
16776,-0.1339883
16777,0.4277723
16778,-0.38400465
16779,1.4477357
16780,-0.5030957
16781,-0.51706743
16782,-0.056052797
16783,0.46550208
16784,-0.13552673
16785,-0.3791611
16786,0.0673762
16787,0.37024742
16788,0.2728041
16789,1.730555
16790,-0.31482536
16791,0.11733063
16792,-0.22719647
16793,0.32853243
16794,0.75236475
16795,0.11900825
16796,-0.17102444
16797,0.49493837
16798,0.14147846
16799,0.068203986
16800,-0.57356465
16801,-0.24209087
16802,-0.25758505
16803,-0.10490797
16804,-0.005197506
16805,0.1722593
16806,0.83689284
16807,-0.67282
16808,-0.35867465
16809,-0.7087954
16810,0.099635094
16811,-0.3721708
16812,0.25735906
16813,0.09327658
16814,2.3324826
16815,0.15912573
16816,-0.23494284
16817,0.22789277
16818,0.5605732
16819,0.50920004
16820,0.49392542
16821,0.15181781
16822,0.46022823
16823,0.46419853
16824,0.61501896
16825,-0.44402054
16826,-0.20252168
16827,-0.19319609
16828,0.78585005
16829,0.32921413
16830,0.37264687
16831,0.33259985
16832,0.29917237
16833,0.6926064
16834,-0.09559468
16835,0.56956035
16836,-0.28122294
16837,-0.9789782
16838,0.23043783
16839,-0.27418992
16840,0.39756578
16841,-0.0649907
16842,-0.15488112
16843,0.28629223
16844,-0.3610335
16845,-0.23585877
16846,-0.33158445
16847,0.47046652
16848,0.21031694
16849,0.054629847
16850,-0.28007254
16851,0.105170496
16852,-0.3163997
16853,-0.36513546
16854,0.2940234
16855,-0.25999022
16856,-0.17495324
16857,0.11709206
16858,0.03162857
16859,-0.6994577
16860,0.09052977
16861,0.352735
16862,-3.1823573
16863,0.9029806
16864,-0.15071884
16865,0.18217319
16866,0.22661777
16867,-0.55899185
16868,0.544672
16869,-0.20322354
16870,-0.2275537
16871,1.651407
16872,0.82690805
16873,-0.25555456
16874,-1.5892357
16875,0.0034566084
16876,-0.01242863
16877,0.09582935
16878,-0.17990799
16879,-0.12917227
16880,-0.41948622
16881,0.20278327
16882,0.090252094
16883,-0.08703532
16884,0.7568147
16885,-0.30485886
16886,1.9611535
16887,0.2718446
16888,0.30795446
16889,-0.41174597
16890,1.044152
16891,-0.28654665
16892,1.7006761
16893,0.11156596
16894,-0.51013744
16895,-0.9352937
16896,0.980648
16897,-0.19165559
16898,-0.340459
16899,-0.40732247
16900,0.5646648
16901,-0.30798063
16902,0.18981114
16903,0.22197992
16904,-1.3331544
16905,-0.84901255
16906,0.3386917
16907,0.095013805
16908,-0.5976469
16909,0.056502406
16910,-0.026926216
16911,0.42653698
16912,0.5586608
16913,0.27832925
16914,-0.038073953
16915,-0.01695652
16916,0.09785457
16917,0.05834186
16918,0.6518507
16919,0.5286183
16920,0.4538645
16921,-0.517524
16922,-0.34883156
16923,-0.54868066
16924,0.8542466
16925,-0.24147865
16926,0.110453196
16927,0.097917855
16928,-0.42294514
16929,1.1084305
16930,-0.039256025
16931,0.40371233
16932,-1.4558179
16933,-0.9965359
16934,0.5704468
16935,0.40294832
16936,-0.021488253
16937,-0.15916157
16938,0.18257399
16939,0.6062749
16940,-0.11870121
16941,0.16390914
16942,-0.3692621
16943,-0.031950258
16944,-0.223751
16945,-0.4655101
16946,-0.0037585401
16947,0.11137692
16948,0.8255277
16949,0.21246807
16950,-0.48391277
16951,-0.033176634
16952,-0.1104764
16953,-0.2761136
16954,0.4438867
16955,0.029552136
16956,1.0730795
16957,-0.85057294
16958,0.18067138
16959,-0.24158713
16960,0.05499182
16961,0.31571048
16962,-0.3347185
16963,-0.12221561
16964,0.028345734
16965,0.3280244
16966,0.22327529
16967,-0.09722255
16968,-0.10316482
16969,0.09906428
16970,-0.07779418
16971,0.19732325
16972,0.6010464
16973,0.005368941
16974,0.14090268
16975,-0.8934735
16976,0.15356256
16977,0.44760558
16978,0.15185964
16979,-0.12089513
16980,0.29372403
16981,0.12671724
16982,0.9072062
16983,-0.052297026
16984,-0.28190556
16985,1.2554249
16986,-0.13934286
16987,0.016832886
16988,0.18798591
16989,-0.020958444
16990,0.24600932
16991,-0.051687427
16992,-0.4009367
16993,-0.6085376
16994,-0.25726476
16995,0.24444155
16996,-0.40794444
16997,-1.4675773
16998,0.43162525
16999,1.1204113
17000,-0.5992877
17001,-0.33299482
17002,0.46341923
17003,-0.18197386
17004,-0.522968
17005,1.2275052
17006,-0.34531355
17007,0.018588055
17008,1.1167253
17009,-0.16546199
17010,0.74107057
17011,-0.2812063
17012,-0.39717576
17013,-0.22883333
17014,-0.62827796
17015,-0.18614109
17016,1.8825073
17017,-0.22552598
17018,0.082992494
17019,1.4179891
17020,-0.062389508
17021,0.08335692
17022,-0.24866757
17023,0.14365064
17024,-0.47180784
17025,-0.029509459
17026,0.037804432
17027,0.34178096
17028,0.32096663
17029,-0.14773674
17030,-0.17286739
17031,0.89235055
17032,-0.2122972
17033,0.4766736
17034,0.5073567
17035,0.4393167
17036,0.0688653
17037,0.33054638
17038,-0.27992046
17039,-0.10378372
17040,0.38553625
17041,1.1388775
17042,0.33955643
17043,-0.09856967
17044,1.4670594
17045,0.62494475
17046,0.10078603
17047,0.17366652
17048,-0.028529188
17049,0.09050854
17050,0.111301094
17051,-0.24128611
17052,-0.005325216
17053,0.05970532
17054,-0.010775992
17055,-0.06735396
17056,0.021306342
17057,1.4167902
17058,0.6885533
17059,0.33495528
17060,1.6666307
17061,-0.10899226
17062,0.08952602
17063,0.10085013
17064,-0.036855225
17065,1.1434294
17066,0.32926467
17067,-0.61040694
17068,0.20401324
17069,-0.2831173
17070,0.43684638
17071,-0.15094663
17072,-0.32013482
17073,-0.21496484
17074,0.4243074
17075,0.008291918
17076,-0.18571664
17077,-0.21640693
17078,-0.30625153
17079,-0.2615015
17080,-0.24754661
17081,-0.75829405
17082,0.58701545
17083,-0.0026908133
17084,0.2222212
17085,-0.027663976
17086,0.03398431
17087,-0.25341648
17088,-0.24961314
17089,0.9259212
17090,-1.1637567
17091,-0.39403963
17092,0.3830317
17093,0.33053088
17094,0.17365679
17095,-0.20330685
17096,-0.28327516
17097,-0.6298076
17098,0.5192483
17099,0.00028625407
17100,0.12572677
17101,-0.33868647
17102,1.5849626
17103,0.37966773
17104,-0.012411486
17105,-0.062207
17106,-0.20526104
17107,-0.5092202
17108,0.5402889
17109,0.7694049
17110,-0.028040174
17111,0.67747945
17112,-1.3788991
17113,-0.17108132
17114,-0.15022033
17115,-0.58020484
17116,1.9763317
17117,0.065190665
17118,-0.19003603
17119,-0.0812706
17120,0.78272665
17121,0.6744504
17122,1.4491998
17123,-0.13216653
17124,-0.009404275
17125,-0.12985417
17126,0.30876783
17127,0.043019503
17128,0.0091017205
17129,1.0574528
17130,0.12618695
17131,0.16788079
17132,0.14138795
17133,1.068036
17134,0.1329462
17135,0.11452446
17136,0.2559852
17137,-0.98329467
17138,0.39521953
17139,-0.031682722
17140,0.62495923
17141,-0.30110148
17142,-0.08242521
17143,0.58220553
17144,0.2908204
17145,0.11753946
17146,0.11753745
17147,-0.15016678
17148,0.17028667
17149,-0.20669682
17150,0.32742015
17151,0.0027756765
17152,0.7720236
17153,-0.50670373
17154,-0.34906188
17155,-0.45607904
17156,0.18303925
17157,0.5652046
17158,-0.1971012
17159,0.32214886
17160,-0.2281456
17161,-0.0067331386
17162,-0.035816364
17163,-0.25561324
17164,0.077891216
17165,0.93910474
17166,1.2020503
17167,0.43981352
17168,0.10198662
17169,-0.28429723
17170,-0.0939872
17171,0.25367874
17172,-0.47318128
17173,-0.4383875
17174,-0.08771531
17175,-0.3007579
17176,0.7941945
17177,-0.25704908
17178,-0.64917254
17179,-0.48739055
17180,-0.011357914
17181,0.12395706
17182,-0.06547327
17183,-0.08727506
17184,-0.60460055
17185,-0.029022027
17186,-0.29184875
17187,0.58754635
17188,0.9837016
17189,0.7097424
17190,0.5536823
17191,-0.42626616
17192,0.8416747
17193,-0.46078664
17194,0.052413292
17195,-1.0694199
17196,0.87103385
17197,-0.28968206
17198,0.353496
17199,0.5134052
17200,0.10152676
17201,0.0009735749
17202,1.2199646
17203,-0.10064972
17204,-0.05342255
17205,-0.13848814
17206,1.1329082
17207,1.0345709
17208,0.81582963
17209,-0.17434572
17210,-0.13669573
17211,0.58134526
17212,-0.56282514
17213,1.3732497
17214,0.14597452
17215,0.448932
17216,2.4447246
17217,-0.4170716
17218,0.17118141
17219,-1.3471415
17220,0.1825392
17221,0.14528662
17222,-0.06581665
17223,-0.8747724
17224,-0.25903928
17225,-0.28145164
17226,0.326452
17227,0.08322049
17228,1.4729986
17229,-0.17864977
17230,-0.14391367
17231,0.41484705
17232,0.12135251
17233,-0.06372564
17234,-0.531269
17235,1.8295861
17236,-0.012645169
17237,-0.18841077
17238,-0.037266355
17239,1.3622985
17240,-0.94361645
17241,-0.465101
17242,0.060780905
17243,0.16507088
17244,-0.56101304
17245,-0.18461365
17246,-0.43665612
17247,-0.056704465
17248,-0.09815482
17249,-0.2158241
17250,0.46775064
17251,0.23485929
17252,0.29993632
17253,-1.4247687
17254,-0.7155642
17255,-0.41418216
17256,-0.12515348
17257,-0.043417837
17258,0.14910553
17259,0.22723702
17260,-0.12481481
17261,-0.6191017
17262,0.48281482
17263,-0.89113474
17264,0.2793185
17265,0.2500016
17266,0.07884413
17267,0.22091345
17268,0.15529555
17269,0.16657099
17270,-0.5059866
17271,0.5000413
17272,0.80925655
17273,1.3232477
17274,-0.34033126
17275,0.00033303397
17276,0.27318683
17277,-0.09949769
17278,0.4684703
17279,0.9270101
17280,0.16102041
17281,-0.10873716
17282,0.06574423
17283,0.8989775
17284,0.3323683
17285,0.9738166
17286,0.6264391
17287,-0.056436878
17288,0.153591
17289,-0.12433091
17290,0.066700354
17291,-0.12567584
17292,-0.33534178
17293,-0.055809245
17294,0.5876413
17295,-0.21004757
17296,0.53438276
17297,-0.16872406
17298,-0.29934505
17299,-0.7265615
17300,-0.26844192
17301,0.271385
17302,0.019402217
17303,-0.74168456
17304,-1.1406952
17305,0.07233853
17306,0.18765864
17307,0.35506678
17308,0.2679725
17309,0.18466163
17310,-0.2453496
17311,0.13109104
17312,-0.2738828
17313,0.17531711
17314,-0.19770493
17315,0.6609242
17316,-0.52718335
17317,0.02646457
17318,-0.13260168
17319,1.4865347
17320,-0.45026734
17321,0.03863251
17322,-0.15995993
17323,-0.28190354
17324,1.6949813
17325,-0.4157322
17326,-0.053604458
17327,0.015197224
17328,-0.19657269
17329,-0.5388304
17330,-0.20176908
17331,0.62363005
17332,0.56500965
17333,0.35951123
17334,0.024518786
17335,-0.9083802
17336,0.2575167
17337,0.16691263
17338,0.3207413
17339,1.1329583
17340,0.28198615
17341,1.0266224
17342,0.11124022
17343,-0.039719284
17344,-0.033291984
17345,-0.09730495
17346,2.0393977
17347,-0.24091156
17348,-0.23348719
17349,0.020578785
17350,0.35338598
17351,-0.052188236
17352,0.2817405
17353,-0.109695904
17354,-0.25939304
17355,0.22132708
17356,0.45960492
17357,2.2709658
17358,0.54776937
17359,0.08920114
17360,-0.118689284
17361,0.29892865
17362,-0.20452254
17363,-0.07904817
17364,-0.50430506
17365,-0.3229325
17366,-0.0036275873
17367,-0.56480306
17368,0.4367346
17369,1.0999676
17370,-0.41818258
17371,-0.036523145
17372,0.888925
17373,0.88376987
17374,-0.0604772
17375,1.045942
17376,-0.6139485
17377,0.025576832
17378,0.8521591
17379,0.08180714
17380,0.12001446
17381,0.020032357
17382,-0.22188684
17383,-0.5889997
17384,0.092614606
17385,-0.56766593
17386,0.1409205
17387,0.065677986
17388,0.2356179
17389,0.88601243
17390,-0.008723714
17391,-0.1328702
17392,-0.22665642
17393,-0.06694473
17394,-0.21198244
17395,0.31802735
17396,-0.3754583
17397,0.54669136
17398,-0.012860747
17399,-0.33915144
17400,-0.18786098
17401,-0.004471883
17402,-0.0123981135
17403,-0.0721555
17404,-0.93435824
17405,1.0534981
17406,0.18338026
17407,-0.44456503
17408,0.2648339
17409,-0.4303727
17410,1.1196802
17411,-0.0902298
17412,-0.039018303
17413,-0.040415127
17414,-0.4890196
17415,-0.16348827
17416,1.4846742
17417,0.22942497
17418,1.186803
17419,0.19102238
17420,0.6202457
17421,-0.18759115
17422,-0.4755025
17423,-0.3031048
17424,0.25392583
17425,0.7638324
17426,-0.09575549
17427,-0.32521954
17428,-0.003991148
17429,0.1586205
17430,-0.06611544
17431,-0.8267219
17432,0.31758186
17433,-0.329292
17434,-0.63365054
17435,0.16805437
17436,-0.1100821
17437,-0.40158078
17438,0.30658945
17439,0.0060992367
17440,0.86030984
17441,-0.35945988
17442,0.07692146
17443,0.6086861
17444,-0.2751532
17445,-0.08647484
17446,0.016420186
17447,-0.1364884
17448,0.65552473
17449,-0.32812828
17450,0.78028125
17451,-0.33483946
17452,0.13927448
17453,0.24361926
17454,0.2584253
17455,0.27859554
17456,0.07304251
17457,-0.11437224
17458,0.033244595
17459,1.1376582
17460,0.21601126
17461,0.38749364
17462,2.2245054
17463,-0.22552074
17464,-0.17158249
17465,-0.572581
17466,-0.108874545
17467,0.3866867
17468,0.21871282
17469,0.34277767
17470,-0.6801127
17471,-0.0457368
17472,0.5242127
17473,0.27568153
17474,-0.11592369
17475,0.15557308
17476,0.16823836
17477,-0.096474394
17478,-0.32059866
17479,-0.71299773
17480,0.021659922
17481,0.28686082
17482,-0.16999237
17483,-0.030535286
17484,0.3000806
17485,1.7942067
17486,0.14487362
17487,-0.58354616
17488,-0.49436498
17489,0.31764156
17490,0.10467446
17491,-0.38647306
17492,0.442197
17493,0.03756598
17494,-0.0062192623
17495,-0.2063899
17496,-0.16924624
17497,0.13530858
17498,-0.18787096
17499,-0.89372784
17500,1.6269155
17501,0.2429488
17502,0.69264233
17503,0.5392945
17504,-0.50796235
17505,0.9661401
17506,0.53270245
17507,1.2913808
17508,0.50221735
17509,0.1911779
17510,-0.03237303
17511,-0.20560195
17512,0.75259656
17513,0.32540464
17514,0.18807498
17515,0.27465445
17516,-0.09659102
17517,-0.4364468
17518,-0.78990024
17519,-0.19136861
17520,-0.005607257
17521,-0.21754992
17522,-1.1163893
17523,-1.0736897
17524,0.20183565
17525,0.5633183
17526,-0.86510766
17527,1.5604956
17528,-0.21637833
17529,0.0048839236
17530,-0.44155464
17531,-0.022203147
17532,0.47476634
17533,0.15587498
17534,1.0274574
17535,-0.37446788
17536,1.6427656
17537,0.36240765
17538,0.26548323
17539,0.023596881
17540,-0.14286453
17541,0.74010444
17542,-0.22327852
17543,-0.2101286
17544,0.48700926
17545,0.41504145
17546,0.021455655
17547,-0.1768984
17548,0.90646684
17549,-0.23352978
17550,-0.97866523
17551,-0.23376347
17552,0.17710164
17553,0.14411215
17554,-0.3038127
17555,-0.8570234
17556,0.12901624
17557,1.5103903
17558,0.44928524
17559,-0.18882492
17560,0.26817337
17561,1.2886733
17562,0.08165684
17563,0.39482903
17564,0.5723368
17565,-0.2985476
17566,0.71975046
17567,-0.17038617
17568,-0.6377345
17569,0.2130898
17570,-0.10252973
17571,1.8779864
17572,-0.17532296
17573,0.31926012
17574,0.14188302
17575,-0.45634884
17576,0.14489266
17577,0.16923806
17578,-0.017679848
17579,3.0776203
17580,0.6944224
17581,-0.07475782
17582,0.11241099
17583,0.025281679
17584,0.09345384
17585,1.7353994
17586,0.24373876
17587,0.5550875
17588,-0.35585594
17589,0.2582952
17590,-0.1146606
17591,-0.1944109
17592,0.9337574
17593,0.70236003
17594,0.023522053
17595,1.3688053
17596,0.32712662
17597,0.046802666
17598,-0.005181845
17599,0.18255545
17600,-0.2827628
17601,0.13954094
17602,-0.15722446
17603,-0.3268873
17604,-0.2931423
17605,0.886009
17606,0.15681405
17607,-0.21155727
17608,-1.1601657
17609,0.06428318
17610,0.22757067
17611,-0.07290372
17612,0.104281455
17613,-0.27271655
17614,-1.3521622
17615,-0.03792283
17616,-0.39725143
17617,1.8672483
17618,0.44531268
17619,-0.38215366
17620,0.46605462
17621,0.0874735
17622,0.30289072
17623,-0.45033798
17624,-0.15319796
17625,-0.58079356
17626,0.8278852
17627,0.076911055
17628,-1.4533345
17629,0.24263059
17630,0.111634776
17631,0.09468964
17632,0.19622353
17633,1.6003715
17634,0.0010701019
17635,0.6047879
17636,-0.19059218
17637,0.35681984
17638,-0.020985223
17639,-0.45708936
17640,-0.21730633
17641,-0.52776545
17642,1.190975
17643,-0.09942138
17644,0.06801697
17645,-0.26513726
17646,0.39649925
17647,-0.0908773
17648,0.0856252
17649,-0.054486472
17650,-0.46467352
17651,-0.15861547
17652,0.32328388
17653,-0.25271514
17654,0.14934205
17655,-0.26941288
17656,0.02143675
17657,-0.26179805
17658,0.8303954
17659,0.8435113
17660,-0.3399749
17661,-0.8422127
17662,0.026527924
17663,-0.45977694
17664,0.48897547
17665,1.2455997
17666,-0.20619771
17667,0.41871357
17668,0.34960264
17669,-0.22358617
17670,1.2462882
17671,-0.6693334
17672,-0.08778513
17673,0.34551767
17674,0.43518496
17675,0.6336046
17676,0.88896656
17677,0.012725604
17678,0.90250224
17679,2.2173328
17680,0.19419555
17681,-0.27547956
17682,-0.31535572
17683,0.1459671
17684,0.18415111
17685,0.23882535
17686,1.0411745
17687,-0.4016868
17688,-0.095066145
17689,0.07061943
17690,0.17195481
17691,-0.7173997
17692,-0.11928254
17693,-0.3989223
17694,-0.042376656
17695,0.4527063
17696,0.8717593
17697,0.12907837
17698,0.38036987
17699,0.5439416
17700,0.7942663
17701,0.049519885
17702,0.31156012
17703,-0.4261247
17704,-0.4627825
17705,0.2519133
17706,0.7490753
17707,0.77772343
17708,0.20407124
17709,0.25326064
17710,-0.50303894
17711,-0.32444143
17712,-0.15320401
17713,-1.126197
17714,-0.012966013
17715,0.034651812
17716,0.45940167
17717,0.13872626
17718,-0.2067749
17719,0.114518404
17720,0.090686336
17721,-0.09418313
17722,-0.27960384
17723,1.8066391
17724,-0.3328558
17725,0.29538277
17726,-0.71103877
17727,-0.12845683
17728,0.010960266
17729,-0.15831007
17730,-0.07039422
17731,-0.17153485
17732,0.17275019
17733,0.35647285
17734,1.4052038
17735,-0.39376754
17736,1.1202382
17737,0.05174945
17738,-0.5692034
17739,-0.007467905
17740,-0.15664251
17741,-0.036471512
17742,0.76658785
17743,-0.34333774
17744,0.17654786
17745,0.70696175
17746,-0.07286501
17747,0.2589609
17748,0.32180324
17749,1.5649174
17750,0.3919944
17751,-0.06526104
17752,-0.090134405
17753,-0.5342448
17754,0.5533933
17755,0.5769202
17756,-0.14077783
17757,0.4522365
17758,0.20606616
17759,0.073502444
17760,0.26015988
17761,-0.18654136
17762,-0.2472187
17763,-0.384766
17764,-0.16437316
17765,0.25833815
17766,-0.41346788
17767,-0.34941915
17768,-0.44848844
17769,-0.2113717
17770,-0.19523838
17771,-0.21682757
17772,-0.15933989
17773,0.40312
17774,0.24838898
17775,-0.18891892
17776,-0.19026199
17777,-0.44502658
17778,-0.04411743
17779,0.14587548
17780,1.3679721
17781,0.071118966
17782,-0.14045039
17783,1.2187012
17784,-0.1870598
17785,0.04282086
17786,0.09149153
17787,-0.012223069
17788,0.3857564
17789,0.22122191
17790,-0.008064301
17791,2.3115869
17792,0.24965428
17793,-0.02602365
17794,-0.2873332
17795,1.1670537
17796,-0.020041548
17797,0.66535974
17798,-0.03639142
17799,0.06396541
17800,0.23132226
17801,0.60816073
17802,-0.17311767
17803,-0.475231
17804,-0.032745868
17805,0.30433917
17806,-0.869822
17807,1.1908393
17808,-0.0045972043
17809,0.2481141
17810,0.21100613
17811,0.07753073
17812,0.16625163
17813,0.2591717
17814,0.6563861
17815,-0.43971053
17816,-0.36500534
17817,0.33618495
17818,0.11212025
17819,-0.09826745
17820,0.023785993
17821,0.49290696
17822,-0.08925217
17823,0.12778877
17824,0.9508599
17825,-0.10282982
17826,0.36978278
17827,-0.13491589
17828,0.12255271
17829,-0.09223496
17830,0.15739466
17831,-0.23249891
17832,0.24552153
17833,0.13507615
17834,-0.7122318
17835,0.041708596
17836,0.06519427
17837,-0.24229531
17838,-0.2923756
17839,1.9881933
17840,0.3536815
17841,-1.0494334
17842,0.2620989
17843,-0.08102178
17844,-0.004933915
17845,-0.42488387
17846,0.5225159
17847,-0.005625806
17848,-0.41263017
17849,0.81532663
17850,1.7122893
17851,0.4110524
17852,-0.096473254
17853,0.1508522
17854,0.5212908
17855,-0.6437813
17856,-0.109538585
17857,2.0769668
17858,0.07107913
17859,0.3229441
17860,-0.18878184
17861,-0.12330181
17862,0.19210546
17863,-0.36500207
17864,0.5523281
17865,0.87158906
17866,0.5125643
17867,-0.15592848
17868,0.043337096
17869,1.2431124
17870,-0.07552497
17871,1.2994201
17872,0.07486044
17873,-0.4900975
17874,0.3211611
17875,-0.2399221
17876,0.037686337
17877,0.23171842
17878,-1.1270444
17879,-0.0644077
17880,1.2327846
17881,0.4994237
17882,-0.4324386
17883,0.2017314
17884,0.42746606
17885,-0.053843334
17886,-0.40283662
17887,-0.38186964
17888,0.018853387
17889,-0.18898697
17890,-0.13543867
17891,0.064526916
17892,-0.049207117
17893,-0.11659799
17894,-0.004976055
17895,-0.21447098
17896,1.0826702
17897,-0.35025266
17898,-0.4636272
17899,0.015559523
17900,-0.28354222
17901,0.46578774
17902,-0.4392881
17903,-0.26397124
17904,-0.13016824
17905,0.7665475
17906,0.3414224
17907,-0.17791465
17908,0.98193026
17909,0.53863335
17910,1.37096
17911,0.20966284
17912,0.520253
17913,1.5919313
17914,0.4068736
17915,0.51353854
17916,0.32975236
17917,0.3616923
17918,0.39264446
17919,0.0320104
17920,-0.12213448
17921,-0.31796327
17922,0.31337
17923,-0.8133531
17924,-0.72638786
17925,0.28586814
17926,-0.82025737
17927,-0.475183
17928,-0.016699402
17929,0.714841
17930,0.39985418
17931,-0.13295797
17932,0.036310047
17933,-0.41282147
17934,0.33411774
17935,0.1341781
17936,0.018712658
17937,0.74131536
17938,0.46965954
17939,-0.15926947
17940,0.2405859
17941,0.09247486
17942,-0.3813373
17943,0.0048408243
17944,2.4181287
17945,2.695685
17946,-0.0072431206
17947,-0.083009705
17948,-0.41056
17949,-0.31451803
17950,1.2330331
17951,-0.1617367
17952,0.13877904
17953,0.006360524
17954,0.17623086
17955,-0.31866798
17956,0.7244706
17957,-0.24513996
17958,0.07531234
17959,1.7203363
17960,1.0261147
17961,0.022496385
17962,0.47916773
17963,0.15028797
17964,0.29809165
17965,0.062226165
17966,0.1908217
17967,-0.21324049
17968,1.2450234
17969,0.23380029
17970,0.6863929
17971,-0.31649885
17972,-0.20238994
17973,-0.10499934
17974,-0.8560286
17975,0.10799336
17976,0.12664121
17977,0.42213967
17978,-0.075060084
17979,0.11428981
17980,-0.37901783
17981,1.2124825
17982,-0.4777858
17983,-0.48777848
17984,0.7569139
17985,-0.38762948
17986,-0.13897869
17987,0.6468534
17988,0.4286123
17989,-0.36783153
17990,-0.14915772
17991,1.8460755
17992,-0.09356438
17993,-0.06281195
17994,0.1533012
17995,-0.9140122
17996,0.12885764
17997,-2.395658
17998,-0.3624702
17999,-0.08225757
18000,-0.34124103
18001,-0.22487684
18002,-0.17975545
18003,-0.88801867
18004,-0.45143902
18005,0.08382752
18006,-1.3154827
18007,0.30715626
18008,-0.011832346
18009,-0.42800558
18010,-1.2790802
18011,-0.3332388
18012,-0.08629956
18013,1.4792696
18014,0.34038904
18015,0.3876428
18016,1.1290762
18017,0.25818434
18018,-0.39295503
18019,0.8723914
18020,0.4288733
18021,-0.16416049
18022,-2.3232675
18023,-0.26040375
18024,-0.308135
18025,-0.46118656
18026,0.45593548
18027,1.100917
18028,0.12992674
18029,0.08078232
18030,-0.26545843
18031,1.5899223
18032,-0.19052723
18033,-0.1548385
18034,-0.05229118
18035,-0.18885241
18036,-0.38323206
18037,-0.28754112
18038,0.31997246
18039,-0.1666999
18040,-0.5887787
18041,0.4135616
18042,0.33272493
18043,-0.13547736
18044,0.47491437
18045,1.7800132
18046,0.9222261
18047,0.30613038
18048,0.08760333
18049,0.11877965
18050,-0.8584458
18051,-0.18854393
18052,-0.50566393
18053,0.092530005
18054,0.36390686
18055,0.8183817
18056,0.13507576
18057,0.35108924
18058,0.14679855
18059,-0.089123674
18060,0.3894561
18061,-0.21552518
18062,-0.09186429
18063,-0.14973892
18064,0.09582592
18065,0.1787833
18066,0.2119364
18067,0.06838244
18068,0.10298905
18069,0.027161516
18070,-0.34803241
18071,1.0267365
18072,-0.042361163
18073,-1.4149069
18074,0.15276377
18075,0.124309435
18076,0.061930466
18077,1.108718
18078,0.070605695
18079,0.72155046
18080,-0.30687997
18081,-0.038229212
18082,1.2019677
18083,0.46414238
18084,-0.017682197
18085,-0.08694305
18086,-0.83269227
18087,0.14638683
18088,0.38059273
18089,-0.1332333
18090,0.22158265
18091,-0.02079465
18092,-0.18280931
18093,-0.21250597
18094,-0.21951923
18095,0.34407964
18096,-0.7010059
18097,-0.30027208
18098,0.29787582
18099,-0.15051226
18100,0.22416605
18101,-0.52678233
18102,0.339501
18103,-0.05393369
18104,-0.013395014
18105,-0.16121496
18106,-0.62704825
18107,0.37213957
18108,0.42024943
18109,-2.732302
18110,-0.2941399
18111,0.42951158
18112,0.16000943
18113,1.0813483
18114,0.10230813
18115,-0.43566638
18116,-0.24541302
18117,0.2629613
18118,0.04680751
18119,0.2956689
18120,1.2856956
18121,-0.015065349
18122,-0.25249675
18123,-0.32536328
18124,1.6561265
18125,0.06785205
18126,0.9239911
18127,0.044899724
18128,0.005136369
18129,0.16579732
18130,-0.0953988
18131,-0.014482729
18132,-0.36810666
18133,0.24477847
18134,0.0102659855
18135,-0.06480451
18136,0.21834257
18137,-0.12030357
18138,0.15967418
18139,0.22991586
18140,0.35553962
18141,0.29056245
18142,0.4936349
18143,-0.008902051
18144,-0.09594451
18145,0.076907896
18146,0.43630952
18147,-0.37565628
18148,0.06239829
18149,0.10161801
18150,-0.09583915
18151,-0.1378939
18152,0.85544246
18153,0.23660813
18154,-0.11906934
18155,1.4687216
18156,-0.059220444
18157,-0.05477765
18158,-0.2535314
18159,0.8536891
18160,-0.5688062
18161,-0.500907
18162,-0.007831796
18163,0.16722517
18164,-0.51676965
18165,-0.30558977
18166,-0.10626548
18167,0.6251434
18168,0.42205718
18169,-0.32116994
18170,0.37600043
18171,1.0724396
18172,-0.5250164
18173,-0.04298356
18174,-0.112506524
18175,0.50340325
18176,0.2247815
18177,-0.014160779
18178,-0.53176665
18179,0.28821594
18180,1.7028142
18181,-0.39874652
18182,0.18047719
18183,-0.12974204
18184,-0.44362643
18185,0.45422083
18186,-0.38567927
18187,0.29010397
18188,-0.09497621
18189,0.22630127
18190,-0.5181593
18191,0.55015635
18192,-0.32187477
18193,0.08584117
18194,0.54194117
18195,-0.29027158
18196,0.3680856
18197,1.5435593
18198,0.8613149
18199,1.8613958
18200,-0.5467379
18201,0.089938514
18202,-0.00438485
18203,0.87446153
18204,0.09468047
18205,0.11390866
18206,-0.20798217
18207,-0.4628043
18208,1.0016694
18209,-0.4196546
18210,0.2215966
18211,0.5333238
18212,-0.17557997
18213,2.2295911
18214,1.130282
18215,0.043090474
18216,1.8759001
18217,1.0583876
18218,0.07462352
18219,0.5226372
18220,0.3981595
18221,-0.27024844
18222,0.109156564
18223,-0.53364426
18224,0.273095
18225,0.17211664
18226,-0.106850415
18227,-0.15909155
18228,0.24708273
18229,0.055500608
18230,-0.040890373
18231,0.37746972
18232,1.0903046
18233,0.956843
18234,0.5935189
18235,0.31511727
18236,0.06256197
18237,-0.21567883
18238,-0.12037389
18239,-0.30298528
18240,-0.8981759
18241,0.28011864
18242,-0.0021776257
18243,0.035350442
18244,0.010458484
18245,0.041164275
18246,0.2691193
18247,0.123893216
18248,0.09978011
18249,0.63759035
18250,0.18581621
18251,0.90746015
18252,-0.56800073
18253,0.22326821
18254,0.012499202
18255,0.2474801
18256,0.095704086
18257,-0.026672952
18258,-0.1252077
18259,-0.5576245
18260,-0.97556955
18261,0.1919843
18262,-1.4841195
18263,1.1345637
18264,1.7522371
18265,0.22828147
18266,0.04514501
18267,-0.0998211
18268,0.062259458
18269,-0.24813221
18270,-0.083438024
18271,0.92325205
18272,-0.6849132
18273,-0.2318686
18274,0.046913102
18275,-0.29031354
18276,0.055471145
18277,-0.50582874
18278,0.18708447
18279,0.6360265
18280,0.36209878
18281,-0.27739063
18282,0.6050948
18283,-0.28513497
18284,1.8976117
18285,0.6853522
18286,-0.8041297
18287,-0.26934057
18288,-0.16468592
18289,2.176188
18290,0.3988731
18291,0.05383424
18292,-0.40690294
18293,-0.2481874
18294,0.2508089
18295,-0.19541751
18296,0.17583404
18297,0.68049884
18298,1.0139855
18299,0.11174448
18300,0.7398005
18301,1.4798088
18302,-0.009632788
18303,-0.12127525
18304,-0.8605474
18305,-0.16502382
18306,-0.16186282
18307,-1.1216017
18308,0.60754776
18309,-0.16576548
18310,-0.34938028
18311,-0.036527492
18312,-0.1307475
18313,-0.128999
18314,-0.21054462
18315,0.16284697
18316,0.33872455
18317,-0.110519566
18318,0.008885242
18319,-0.12859024
18320,0.08624814
18321,0.28136927
18322,-0.2655988
18323,-0.15197949
18324,1.2903776
18325,0.18812066
18326,0.098288395
18327,-0.16063651
18328,0.074025825
18329,-0.09296004
18330,-0.17018108
18331,-0.31809574
18332,-0.5491179
18333,0.44028836
18334,0.30687478
18335,0.31089106
18336,-0.04764008
18337,-0.9495008
18338,-0.27892748
18339,-0.49530506
18340,0.2272902
18341,-0.087125294
18342,0.0697022
18343,-0.5667972
18344,0.07859423
18345,-0.018903391
18346,0.5941246
18347,0.3828876
18348,-0.20201589
18349,-0.4728052
18350,-0.16933644
18351,-0.3226916
18352,-0.08499284
18353,0.6347703
18354,0.56378216
18355,1.3203354
18356,0.409189
18357,0.14681637
18358,0.0036198439
18359,-0.17648913
18360,-0.08412851
18361,0.0005561294
18362,0.17448404
18363,-0.482603
18364,-0.06305316
18365,0.1795461
18366,0.8844858
18367,1.9783875
18368,0.41213477
18369,0.037868697
18370,0.30083138
18371,0.5891937
18372,0.114814065
18373,0.65857893
18374,0.5164945
18375,-0.25183377
18376,-0.55209035
18377,-0.29439256
18378,-0.4734461
18379,-0.41958445
18380,-0.3825548
18381,0.18867841
18382,-0.36592045
18383,1.1243085
18384,-0.7332959
18385,-0.74438196
18386,-0.5834854
18387,-0.021594336
18388,0.10518494
18389,-0.12772459
18390,-0.008374519
18391,-0.29279923
18392,0.20783101
18393,0.01205872
18394,-0.1532194
18395,0.07654207
18396,0.29717746
18397,1.1137764
18398,0.21825719
18399,0.0049592624
18400,0.46405992
18401,1.1117994
18402,1.1031591
18403,0.18448097
18404,0.3734399
18405,0.4368217
18406,-0.16722365
18407,1.3025953
18408,-0.31586155
18409,0.27257395
18410,-0.38583443
18411,-0.426415
18412,-0.23779666
18413,-0.29707092
18414,-0.23652163
18415,1.2337114
18416,-0.45668033
18417,0.4441127
18418,1.7777504
18419,-0.6829123
18420,1.3015134
18421,-0.26296923
18422,0.6483181
18423,0.51957035
18424,0.94901353
18425,0.22752143
18426,0.26070598
18427,1.6468642
18428,-0.4035254
18429,0.09869617
18430,-0.21459314
18431,0.318566
18432,0.60770136
18433,-0.012930403
18434,-0.12827212
18435,-0.18882482
18436,-0.07166278
18437,0.9550583
18438,-0.4284429
18439,-0.11922798
18440,0.25326106
18441,-0.46081033
18442,-0.16368727
18443,0.058243103
18444,-0.5696912
18445,0.23506801
18446,0.29779243
18447,-0.69850165
18448,-0.40730405
18449,-1.0005839
18450,0.6843396
18451,0.2500992
18452,-0.20950645
18453,1.2827451
18454,0.34929666
18455,0.4945098
18456,-1.8443074
18457,0.3648995
18458,-0.18146239
18459,0.020450115
18460,0.21533726
18461,-0.72783744
18462,0.09447669
18463,-0.08310925
18464,0.019375576
18465,-0.15943642
18466,0.11181648
18467,-0.14389512
18468,0.44586584
18469,0.42460603
18470,0.046840254
18471,0.13674103
18472,0.31866792
18473,-0.14431487
18474,-0.10689892
18475,-0.28069156
18476,0.6624615
18477,-0.21372892
18478,0.13299136
18479,-0.09203249
18480,-0.27074638
18481,0.14339629
18482,0.6798043
18483,1.5165083
18484,-0.07696173
18485,-0.11147917
18486,-0.406109
18487,-1.5559794
18488,0.16754004
18489,0.5289074
18490,0.07176306
18491,0.23827994
18492,0.12410258
18493,0.03184273
18494,-0.29270428
18495,0.173293
18496,0.18622676
18497,0.939943
18498,-0.23454487
18499,-0.5139405
18500,0.15772767
18501,0.16548413
18502,-0.6157505
18503,-0.2514583
18504,-0.2057119
18505,-0.34243938
18506,-0.0264951
18507,0.87276274
18508,0.6121272
18509,-0.25183988
18510,0.83065236
18511,0.43183783
18512,0.2360478
18513,-0.45466676
18514,2.304921
18515,0.23404437
18516,-0.23577696
18517,0.059870176
18518,-0.39657465
18519,-0.17115492
18520,-0.0792306
18521,0.40881145
18522,-0.07956642
18523,0.47339875
18524,1.5801288
18525,-0.7371728
18526,0.33717543
18527,0.014727802
18528,-0.120177485
18529,0.21916813
18530,-1.0910445
18531,-0.0009948142
18532,-0.00031226527
18533,-0.20807163
18534,0.33465254
18535,0.40980726
18536,-0.11423321
18537,-0.15446654
18538,-0.52177763
18539,-0.6861226
18540,-0.23601112
18541,0.19226724
18542,1.2909878
18543,-0.22883682
18544,-0.17757036
18545,0.07373223
18546,0.24939989
18547,0.22970839
18548,0.0430904
18549,0.068742365
18550,0.442048
18551,-0.3728592
18552,-0.045382667
18553,-0.5368157
18554,0.54729426
18555,-0.80096734
18556,-0.49255195
18557,-0.2671524
18558,-0.16429007
18559,0.40130848
18560,0.23842214
18561,-0.1584985
18562,0.08252183
18563,1.9874029
18564,-0.036485888
18565,-0.41050002
18566,-0.31648597
18567,0.10937549
18568,-0.48256114
18569,0.4737256
18570,-0.36288202
18571,-0.37852883
18572,0.12657331
18573,0.35142905
18574,0.33369657
18575,0.1100967
18576,1.0853689
18577,0.07514841
18578,0.1794028
18579,-0.020551998
18580,-0.20018516
18581,-0.38979164
18582,-0.32232893
18583,0.008638154
18584,0.012245906
18585,0.2808254
18586,-0.89710474
18587,0.516284
18588,-0.19472785
18589,-0.12087998
18590,0.2953929
18591,0.63036513
18592,-0.30651966
18593,-0.50151944
18594,-0.30154708
18595,-0.22966366
18596,-0.7674603
18597,0.9024275
18598,0.26539436
18599,-0.07163329
18600,-0.49652854
18601,-0.15701121
18602,0.96706927
18603,-1.74599
18604,0.96963567
18605,0.16687666
18606,1.073947
18607,-0.13953333
18608,-0.2015443
18609,-0.06877978
18610,0.08528414
18611,0.10706396
18612,-0.09392241
18613,-0.01942898
18614,-0.9956331
18615,0.027757227
18616,-0.12601501
18617,0.08209509
18618,-0.23995037
18619,0.39684072
18620,-0.32712275
18621,0.40667933
18622,0.4012043
18623,-0.09199399
18624,0.1373551
18625,0.82310843
18626,0.12782706
18627,-0.31154183
18628,-0.16267048
18629,-0.057989623
18630,-0.49199998
18631,-0.041254066
18632,0.6298008
18633,-0.2195527
18634,0.40785688
18635,0.10125202
18636,-0.2678897
18637,0.29108328
18638,-0.25275466
18639,-0.076623246
18640,0.0056771864
18641,0.046667125
18642,2.498752
18643,-0.07906815
18644,0.06359638
18645,0.11216322
18646,0.1573245
18647,-0.061903924
18648,1.1546991
18649,0.5576999
18650,-0.89191175
18651,0.050351582
18652,-0.251577
18653,2.734846
18654,0.081729375
18655,-0.20363525
18656,-0.123847656
18657,0.13638395
18658,0.09317111
18659,-0.08792581
18660,0.26865655
18661,0.5897861
18662,-0.08791737
18663,0.2740865
18664,-0.46501556
18665,-0.24772747
18666,-0.11033778
18667,0.24448797
18668,-0.44028527
18669,0.9267953
18670,-0.25061494
18671,0.10763375
18672,0.49760202
18673,0.112282895
18674,-0.67443335
18675,0.33482376
18676,0.101467945
18677,0.28966722
18678,-0.18470672
18679,0.7033519
18680,0.30283126
18681,1.1265999
18682,0.53376186
18683,1.1803234
18684,0.31523415
18685,-5.6378546
18686,-0.1128151
18687,-0.008482289
18688,-0.40607482
18689,-0.03936476
18690,-1.0409826
18691,-0.28098044
18692,1.1595155
18693,0.6511666
18694,0.34237972
18695,0.7455046
18696,1.1006658
18697,-0.1362207
18698,-0.06775158
18699,0.4553715
18700,0.44086978
18701,-0.27736685
18702,-0.9563539
18703,0.74767345
18704,0.18535145
18705,-0.57265276
18706,-0.41587916
18707,0.08019201
18708,0.14551835
18709,1.1951417
18710,0.4070618
18711,-1.2458435
18712,0.16458546
18713,-0.4778303
18714,1.3309784
18715,0.69148046
18716,-0.51483476
18717,-1.0608588
18718,1.225332
18719,1.8882962
18720,0.9514447
18721,-0.12508008
18722,-0.19902083
18723,0.06380059
18724,0.08160825
18725,0.53750354
18726,0.45600772
18727,0.06971963
18728,-0.41386688
18729,-0.1014611
18730,-0.18139222
18731,1.3705539
18732,-0.36437982
18733,0.12113752
18734,-0.27245405
18735,0.28105545
18736,-0.31958556
18737,-0.30147836
18738,-0.072973065
18739,-0.40797433
18740,-0.17855492
18741,-0.31988475
18742,-0.2608061
18743,-0.44077057
18744,2.3260658
18745,0.19763462
18746,-0.009137939
18747,0.0480164
18748,0.17789273
18749,2.0686843
18750,-1.0670686
18751,0.093417704
18752,-0.16637862
18753,-0.1471627
18754,0.055067167
18755,0.2129483
18756,-0.17531294
18757,-0.25659022
18758,0.09363708
18759,0.097402975
18760,0.543564
18761,-0.026983928
18762,1.101283
18763,-0.6722952
18764,-0.06882272
18765,-0.050216198
18766,-0.14194603
18767,0.13719192
18768,0.21294424
18769,0.1575975
18770,-0.4044236
18771,-0.12865482
18772,-0.26492226
18773,-0.47760528
18774,0.14290065
18775,0.38306847
18776,1.4513068
18777,0.56195045
18778,-0.044585362
18779,1.1413907
18780,0.00039768836
18781,-0.012918682
18782,0.50370485
18783,0.2870591
18784,-0.34173813
18785,-0.010472213
18786,0.4816463
18787,0.03441684
18788,-0.29743502
18789,-0.09974952
18790,-0.11232438
18791,0.20994234
18792,-0.5348614
18793,-0.12163905
18794,1.8562454
18795,-0.42035228
18796,-0.030243183
18797,0.053498555
18798,0.8034229
18799,1.2704464
18800,0.3762019
18801,-0.030876411
18802,-0.5339304
18803,0.07801484
18804,0.12998754
18805,-0.03414195
18806,0.49411508
18807,-0.39753178
18808,0.08069644
18809,-0.881028
18810,0.30629373
18811,-0.3059543
18812,0.022116417
18813,0.16663703
18814,0.5154776
18815,1.7778261
18816,0.37837785
18817,0.6058167
18818,0.2212658
18819,0.10265679
18820,-0.021260193
18821,-0.9964904
18822,-0.08496424
18823,0.030328104
18824,-0.5709353
18825,0.12476379
18826,1.2354527
18827,-0.22855447
18828,-0.55616546
18829,0.375721
18830,-0.21556672
18831,-0.07142483
18832,0.08877093
18833,0.30664632
18834,-0.8612575
18835,-0.046237737
18836,-0.19308713
18837,-0.11387786
18838,0.3108097
18839,1.3305492
18840,-0.010957865
18841,-0.1458153
18842,0.022958424
18843,-0.49008736
18844,-0.07702873
18845,0.3950875
18846,0.37177864
18847,0.47910115
18848,0.6877974
18849,-0.74253595
18850,-0.013091962
18851,-0.6718231
18852,-0.5538647
18853,0.10267546
18854,-0.3432034
18855,-0.025213918
18856,-0.6747535
18857,-0.084812745
18858,-0.0030823115
18859,-0.46898565
18860,0.6318722
18861,-0.50067216
18862,0.10743589
18863,0.94047284
18864,-0.12100605
18865,-0.10836531
18866,0.8443717
18867,0.10053599
18868,-0.0629515
18869,-0.2922266
18870,0.18140058
18871,0.014334993
18872,-0.13681841
18873,0.20223469
18874,0.26563936
18875,0.15794417
18876,0.22434714
18877,0.4538388
18878,-0.14473075
18879,0.0427053
18880,-0.4901448
18881,0.09791831
18882,-0.72642833
18883,0.07852002
18884,0.74648076
18885,-0.25115758
18886,-0.7627483
18887,-0.19825271
18888,-0.3922652
18889,-0.15583432
18890,0.108025454
18891,-0.2084164
18892,2.0510373
18893,-0.558139
18894,1.8918922
18895,0.62045074
18896,0.025810683
18897,0.11287011
18898,0.19036587
18899,1.3042799
18900,-0.82616526
18901,0.4496711
18902,0.2082567
18903,0.88604265
18904,-0.42005423
18905,0.08922558
18906,-0.2921196
18907,-0.14600581
18908,-0.06068498
18909,-0.42814952
18910,2.7285519
18911,-0.1564803
18912,1.1977898
18913,0.9758989
18914,-0.059418812
18915,0.24791038
18916,1.0624563
18917,0.69817847
18918,1.7404368
18919,-0.33263743
18920,-0.11302318
18921,0.59177047
18922,-0.2604336
18923,-0.049069487
18924,0.22022925
18925,0.45280415
18926,0.19801843
18927,0.14726663
18928,-0.009747662
18929,0.1607153
18930,-0.2926019
18931,-0.27488565
18932,-1.1068517
18933,-0.1751715
18934,0.6882768
18935,-0.6785967
18936,0.4816081
18937,0.17301531
18938,-0.03228909
18939,-0.21787608
18940,0.37951162
18941,0.6060964
18942,-1.1914148
18943,-0.18030171
18944,-0.15531857
18945,-0.8475717
18946,0.47563767
18947,0.82543355
18948,0.13487273
18949,0.2669882
18950,-1.0502354
18951,0.009977108
18952,-0.03074541
18953,0.0039090123
18954,0.40912735
18955,0.35447234
18956,-0.02449144
18957,0.116516896
18958,0.055784117
18959,0.023217194
18960,0.14357038
18961,-0.11234431
18962,-1.3342373
18963,1.0052314
18964,-1.2884275
18965,0.29043165
18966,0.2744435
18967,-0.31900108
18968,-0.10436054
18969,0.2791871
18970,0.22083111
18971,-0.411838
18972,1.3483921
18973,-0.13073385
18974,0.47765914
18975,-0.19311859
18976,-0.38263354
18977,-2.1457486
18978,1.1661196
18979,0.5982901
18980,-0.3909754
18981,-0.5094404
18982,-0.34622055
18983,-0.57382673
18984,0.5147588
18985,0.65642977
18986,-0.3838353
18987,-0.03385188
18988,0.3084602
18989,1.2823077
18990,0.013478173
18991,1.6007848
18992,-0.037796073
18993,-0.22289361
18994,0.30549252
18995,-0.006751712
18996,-0.7242285
18997,0.13301511
18998,-1.0963964
18999,-0.27208585
19000,0.24324672
19001,0.31094697
19002,-0.55325323
19003,0.15842472
19004,-0.16894518
19005,-0.054036636
19006,0.3465272
19007,-1.0437917
19008,-0.28859082
19009,-0.44291386
19010,-0.5051981
19011,0.030556077
19012,-0.19885972
19013,-0.04040395
19014,0.18321517
19015,0.21728069
19016,-0.30195186
19017,0.27228355
19018,-0.08643525
19019,0.60042715
19020,0.18739186
19021,0.058704667
19022,0.3569095
19023,-0.24814442
19024,-0.2306798
19025,-0.06388208
19026,-0.53224444
19027,-0.33634308
19028,0.41750795
19029,-0.060179796
19030,-0.3679832
19031,-0.16142486
19032,0.22925097
19033,0.3212127
19034,-0.32429245
19035,0.90350735
19036,0.11611018
19037,-0.35938254
19038,0.68782264
19039,1.0665611
19040,-0.55093503
19041,0.40386397
19042,0.08554691
19043,-1.0683908
19044,-0.2363635
19045,0.07810475
19046,-1.1048913
19047,0.197485
19048,-0.09153046
19049,0.13677922
19050,0.43827763
19051,0.20245214
19052,-0.042074833
19053,0.57694364
19054,0.3374209
19055,-0.33157185
19056,-0.10910359
19057,0.09852471
19058,-0.12625626
19059,-0.098245375
19060,0.05802479
19061,1.1175979
19062,-0.13197291
19063,-0.10671952
19064,0.3328571
19065,0.21219811
19066,-0.09488949
19067,-0.21064273
19068,-0.019983262
19069,-0.28052983
19070,-0.21508706
19071,-0.83758867
19072,0.36974406
19073,0.2529428
19074,0.29877573
19075,-0.9449175
19076,-0.45581418
19077,0.42430612
19078,0.23681648
19079,-0.19970073
19080,1.182463
19081,-0.124132946
19082,0.2354137
19083,-0.22991094
19084,0.06775863
19085,0.5424207
19086,0.012742917
19087,-0.47537744
19088,0.10784274
19089,0.072678104
19090,-0.8555861
19091,0.05025223
19092,0.26655486
19093,-0.24784091
19094,0.71218807
19095,-0.074458316
19096,-0.42345127
19097,0.62624377
19098,0.05926884
19099,0.30829343
19100,-0.115241595
19101,0.08215982
19102,-0.09233397
19103,-0.3350749
19104,1.6381097
19105,0.76785916
19106,0.27537993
19107,-0.39599925
19108,0.29162037
19109,-0.21673621
19110,-0.14212231
19111,-0.06266451
19112,0.6208258
19113,-0.41258597
19114,-1.1376873
19115,0.034388173
19116,-0.37271085
19117,0.08577638
19118,-0.15660931
19119,0.16209503
19120,0.1327213
19121,-0.17821556
19122,-0.57640135
19123,-0.85399616
19124,0.43089485
19125,0.36522257
19126,-0.34047458
19127,0.21547185
19128,0.09082014
19129,-0.435783
19130,-0.26027283
19131,-0.078686014
19132,-0.27850214
19133,-0.13102801
19134,-0.054958325
19135,0.12865894
19136,0.13333437
19137,-0.4199767
19138,1.6840183
19139,0.47324783
19140,-0.20312837
19141,0.08021461
19142,-0.6160447
19143,0.0917164
19144,-0.044867367
19145,0.5659896
19146,-0.6415475
19147,1.5025922
19148,-0.27184567
19149,0.2948144
19150,0.3471416
19151,-0.4691497
19152,0.47903997
19153,-1.1099364
19154,0.40204608
19155,0.15424916
19156,-1.23633
19157,-0.80928993
19158,-0.2579114
19159,-0.2036068
19160,-0.26139385
19161,-0.3604218
19162,0.9866386
19163,-0.26511723
19164,-0.19862537
19165,0.19585449
19166,0.7924693
19167,0.15316804
19168,-0.48799846
19169,0.21331738
19170,0.73663354
19171,0.16286531
19172,-0.4852374
19173,0.46423757
19174,0.09567147
19175,0.31584376
19176,0.1817582
19177,0.70138
19178,0.47011742
19179,0.2840984
19180,-0.27348745
19181,0.47661334
19182,0.01838433
19183,-0.21494
19184,0.13024408
19185,0.74790215
19186,0.73339105
19187,-0.54887295
19188,-0.20720431
19189,1.2624
19190,-0.2650115
19191,-0.4615393
19192,0.19236203
19193,1.1151713
19194,-0.2929941
19195,0.035622157
19196,0.105903
19197,-0.26178268
19198,0.7108542
19199,-0.30700848
19200,0.08537095
19201,0.17088576
19202,0.681954
19203,-1.0067527
19204,0.4300781
19205,1.3560759
19206,0.30745906
19207,-1.186577
19208,0.32789615
19209,0.15537848
19210,0.18637885
19211,1.2977024
19212,1.384076
19213,-1.862019
19214,0.1550557
19215,0.23249201
19216,0.41009116
19217,-0.8581608
19218,-0.02759009
19219,0.55321866
19220,0.49725735
19221,-0.14410095
19222,0.42335892
19223,-0.44313252
19224,-0.43788216
19225,0.124847956
19226,0.42243457
19227,0.29562107
19228,0.43431076
19229,-0.299001
19230,-0.24254906
19231,-0.34542188
19232,-0.3948949
19233,0.09872025
19234,1.7543789
19235,-0.1446851
19236,0.36342892
19237,0.07874976
19238,1.546704
19239,0.06796501
19240,-0.1365802
19241,0.621214
19242,-0.19719522
19243,0.39997357
19244,1.3187807
19245,-0.005421626
19246,-0.04245929
19247,-0.72764623
19248,0.21106188
19249,-0.41119802
19250,-0.28443027
19251,-0.28352687
19252,2.7876487
19253,-0.1255718
19254,-0.12500235
19255,-0.3519157
19256,0.1766508
19257,0.5788043
19258,-0.9730687
19259,1.2207068
19260,-0.2291249
19261,-0.1263228
19262,-0.06119631
19263,-0.3197533
19264,0.13092129
19265,-0.6256108
19266,-0.34820887
19267,-0.027571956
19268,-0.053883288
19269,1.3968394
19270,-0.31928834
19271,0.0075922934
19272,-0.31400603
19273,-0.01827871
19274,-0.010835604
19275,-0.3260472
19276,-0.015415877
19277,0.15976894
19278,0.028911212
19279,-0.5714419
19280,-0.8288847
19281,0.30049387
19282,0.1467214
19283,-0.48295614
19284,-0.13209449
19285,0.4850395
19286,0.3877946
19287,-1.0814308
19288,0.19926874
19289,0.23803918
19290,-0.42269513
19291,-0.60983026
19292,0.8005113
19293,-0.13056119
19294,0.83761644
19295,0.856589
19296,-0.29777727
19297,0.0798531
19298,-0.31520116
19299,-0.8328175
19300,0.64205587
19301,0.1066204
19302,-0.066230804
19303,0.00022295504
19304,2.4916847
19305,1.1626974
19306,1.2891699
19307,-0.31224042
19308,0.03306688
19309,-0.2778519
19310,-0.20722918
19311,0.22441593
19312,-0.38911897
19313,-0.37133044
19314,-0.20558834
19315,-1.3487716
19316,0.18663721
19317,0.3174996
19318,0.3544034
19319,-0.4065516
19320,0.3162097
19321,0.09241483
19322,-0.12417145
19323,-0.2345573
19324,0.18738168
19325,-0.27339593
19326,-0.6158045
19327,2.3422918
19328,-0.7978434
19329,0.5677736
19330,0.24056482
19331,0.29470578
19332,-0.1858789
19333,0.762484
19334,0.28341153
19335,-0.6439897
19336,0.4293004
19337,1.1017418
19338,0.30995506
19339,-0.32141337
19340,0.71677566
19341,-0.20433089
19342,0.58265275
19343,-0.516401
19344,-0.10134745
19345,0.059087504
19346,0.18706979
19347,-0.24965364
19348,0.092910014
19349,-0.11919344
19350,1.4269365
19351,-0.25507823
19352,0.65431684
19353,-0.19588417
19354,1.1097559
19355,-0.37206078
19356,-0.2263205
19357,0.61194664
19358,-0.24625704
19359,1.0201191
19360,-0.37880465
19361,0.20320885
19362,-0.007212435
19363,-0.12791707
19364,0.9142979
19365,0.11856984
19366,-0.16968888
19367,0.6481273
19368,0.07802064
19369,0.36943862
19370,-0.22686268
19371,-0.15122303
19372,-0.09269922
19373,1.013469
19374,0.7146836
19375,-0.41167247
19376,0.08616565
19377,1.5466965
19378,0.13118608
19379,1.757026
19380,-0.45005387
19381,-0.118927285
19382,0.72452736
19383,0.2873772
19384,0.11952748
19385,0.5282875
19386,0.703784
19387,-0.4094339
19388,0.787266
19389,0.2690627
19390,0.17246331
19391,-0.364675
19392,-0.6497151
19393,-0.09217823
19394,0.38098517
19395,-0.20661254
19396,0.5237016
19397,-0.25513858
19398,0.65001094
19399,0.9406158
19400,-0.68309325
19401,0.16664
19402,-0.24691767
19403,-0.1141884
19404,-0.5192371
19405,-0.007205471
19406,-0.5874862
19407,0.090269595
19408,-0.350254
19409,-0.42664534
19410,-0.20366506
19411,-0.6687344
19412,0.0011780947
19413,-0.067861825
19414,0.12022525
19415,2.3904207
19416,-0.2479782
19417,0.62763023
19418,0.30546865
19419,0.21066621
19420,-0.021640863
19421,-0.13627936
19422,0.24503738
19423,0.19932108
19424,0.65529543
19425,2.839427
19426,0.12564754
19427,-0.33449885
19428,0.061592106
19429,0.18835232
19430,-0.26893494
19431,0.28456146
19432,0.24129084
19433,-1.0859636
19434,-0.10594947
19435,0.14644083
19436,0.57126594
19437,0.099773034
19438,0.15688396
19439,-0.32252255
19440,0.36857042
19441,0.44210982
19442,0.09926639
19443,0.5323374
19444,-0.32148975
19445,0.46625587
19446,0.07393969
19447,-0.3664886
19448,-0.53358877
19449,0.1888941
19450,-1.3016561
19451,0.8242471
19452,-0.1006201
19453,-0.17474131
19454,-0.40310735
19455,-0.3512044
19456,-0.3310132
19457,1.0634867
19458,0.857414
19459,-1.2094119
19460,0.19317979
19461,-0.45871633
19462,-0.30351588
19463,0.29216725
19464,-0.114495456
19465,-0.024374893
19466,0.30997518
19467,1.7628977
19468,0.45087582
19469,0.08156825
19470,-0.11457988
19471,-0.13010944
19472,-0.28713667
19473,0.007177817
19474,-0.22438589
19475,0.6434632
19476,-0.036124565
19477,0.4682486
19478,-0.17176393
19479,-0.67273617
19480,-0.31660616
19481,0.24734406
19482,0.14683738
19483,0.2876515
19484,0.20450276
19485,0.39746112
19486,-0.79484326
19487,-0.42953867
19488,-0.17879024
19489,0.34985724
19490,-0.0014308288
19491,-0.107197315
19492,-0.25333357
19493,-0.17422128
19494,-0.0368824
19495,-0.9630594
19496,-0.30672678
19497,0.008946649
19498,0.40925983
19499,0.0153654255
19500,-0.20455137
19501,0.06757099
19502,-0.3723345
19503,-0.5644291
19504,0.17494306
19505,-0.61770236
19506,0.012155787
19507,0.24483186
19508,-0.07287031
19509,0.31995553
19510,0.43505573
19511,-0.16625679
19512,0.23054115
19513,-0.028810607
19514,-0.07742332
19515,-0.051155236
19516,0.17451294
19517,-0.05810271
19518,-0.10117585
19519,0.31583813
19520,-0.35171127
19521,-0.4200512
19522,0.020505868
19523,-0.8301429
19524,-0.16962777
19525,0.60026807
19526,0.3728775
19527,0.1522781
19528,0.29608542
19529,-0.10040067
19530,0.5011469
19531,0.06746649
19532,0.22949412
19533,0.3119025
19534,-0.16039881
19535,-0.3189739
19536,-0.1063225
19537,-0.123782806
19538,0.070992224
19539,-0.64481
19540,0.26878497
19541,0.526184
19542,0.03808601
19543,0.3939036
19544,-0.17908177
19545,-0.024037069
19546,0.35933954
19547,0.42112783
19548,-0.081937104
19549,-0.16982454
19550,-0.051817797
19551,-0.3244949
19552,0.18458612
19553,-0.3410267
19554,-0.10415257
19555,-0.58373886
19556,-0.11239093
19557,0.18611301
19558,0.93123955
19559,0.0976898
19560,1.0188344
19561,0.3586313
19562,-0.032132033
19563,-0.029618658
19564,0.08707816
19565,-0.05026081
19566,-0.15635942
19567,-0.2175734
19568,-0.007957349
19569,-0.0039593577
19570,-0.31967604
19571,-0.67451614
19572,-0.6039429
19573,0.5600106
19574,0.5181522
19575,-0.6499046
19576,-0.900029
19577,-0.16585684
19578,0.020311892
19579,0.34149286
19580,0.40503716
19581,0.13674998
19582,-0.7191518
19583,-0.35451
19584,-0.083199956
19585,-0.60657394
19586,0.59769166
19587,-0.17386197
19588,0.6850824
19589,0.062999465
19590,1.0051877
19591,0.93945235
19592,-0.4631451
19593,-0.07440813
19594,-0.28323898
19595,-0.04641966
19596,-0.35825646
19597,0.060560394
19598,-0.74062634
19599,0.32033208
19600,-0.16239116
19601,-0.565088
19602,-0.15407296
19603,-0.20907225
19604,0.12822422
19605,-0.05060945
19606,0.05892536
19607,2.5725048
19608,-0.2106736
19609,0.02479214
19610,-0.15697658
19611,0.8828457
19612,-0.2422163
19613,0.5974742
19614,0.06038899
19615,-0.1684621
19616,0.7470797
19617,-0.17988499
19618,-0.18450198
19619,1.3510431
19620,0.28612632
19621,0.1993823
19622,0.20880927
19623,1.8294588
19624,-0.10464145
19625,-0.29666618
19626,-0.03392275
19627,-0.8753576
19628,-0.20443535
19629,0.038455356
19630,0.4888708
19631,1.231671
19632,-0.22838277
19633,-0.27685156
19634,1.190149
19635,0.02108473
19636,-0.09381664
19637,1.2281375
19638,-0.23359945
19639,0.26290822
19640,0.18116115
19641,-0.60848206
19642,-0.13808107
19643,0.2964016
19644,0.3675805
19645,0.42592463
19646,-0.08268319
19647,0.02915146
19648,-0.21990778
19649,0.12973341
19650,0.83247715
19651,0.018456582
19652,-0.50987506
19653,-0.16278446
19654,0.020577135
19655,-0.27810836
19656,0.12076044
19657,0.27464554
19658,-0.09409773
19659,-0.50694716
19660,0.10746579
19661,0.03269235
19662,0.31287923
19663,-0.67613584
19664,0.12383625
19665,-1.2314272
19666,0.11939372
19667,-0.12187586
19668,-0.18052377
19669,0.08777217
19670,0.28363743
19671,-0.32317597
19672,-0.32700562
19673,-0.094119914
19674,0.6755542
19675,-0.2649594
19676,-0.23667511
19677,-0.17771763
19678,0.42999154
19679,0.31705815
19680,0.00077011925
19681,-0.090613335
19682,-0.25601313
19683,0.8949802
19684,0.020372054
19685,0.32259244
19686,-0.12589937
19687,0.7174643
19688,0.22272567
19689,0.37262884
19690,1.0487759
19691,0.047546152
19692,-0.018880403
19693,0.21026708
19694,0.47663778
19695,-0.3644675
19696,0.39613026
19697,0.6644486
19698,-0.2896205
19699,0.050946422
19700,-0.058105446
19701,-0.16528656
19702,0.6962686
19703,0.09381122
19704,-0.22890435
19705,-0.2768202
19706,-0.17013907
19707,-0.25985554
19708,-0.3686592
19709,-0.025469173
19710,0.049494848
19711,0.0034901907
19712,0.3064429
19713,-0.21596919
19714,-1.081237
19715,-0.06363248
19716,-0.04610192
19717,-0.71659076
19718,0.021571912
19719,0.08059239
19720,0.106751196
19721,-0.0019225224
19722,0.8034211
19723,1.7104954
19724,0.2283455
19725,0.17480245
19726,-0.5049471
19727,0.00019618076
19728,0.34267074
19729,0.39161566
19730,-0.0712487
19731,-0.7512043
19732,0.08104273
19733,-0.4309042
19734,-0.4921166
19735,-0.57988083
19736,-0.44899952
19737,-0.397099
19738,-0.016200632
19739,0.4555113
19740,-0.6342471
19741,0.30713412
19742,0.24957204
19743,-0.044385035
19744,0.608821
19745,1.2000896
19746,0.831462
19747,-1.4478164
19748,0.2035792
19749,-0.07439631
19750,-0.075025395
19751,-0.17949092
19752,0.54831237
19753,0.5571261
19754,0.7187289
19755,-0.293889
19756,-0.19043866
19757,0.019200955
19758,0.4836449
19759,0.4179693
19760,0.5690709
19761,-0.14357334
19762,0.1406064
19763,0.14201392
19764,0.97362363
19765,0.05531174
19766,-1.3929498
19767,-0.2280014
19768,-0.18248394
19769,0.43085575
19770,0.05957067
19771,-0.58736956
19772,-0.40664396
19773,0.0086978255
19774,0.632778
19775,0.48747155
19776,-0.8414418
19777,0.12398387
19778,-0.100621484
19779,0.46205476
19780,0.2097636
19781,-0.17347291
19782,-0.058633722
19783,0.24891281
19784,0.73536307
19785,0.09383507
19786,0.37788868
19787,0.38597703
19788,0.5677149
19789,-0.29662177
19790,0.82736814
19791,0.18037672
19792,-0.17535926
19793,0.017328063
19794,0.24123196
19795,-0.3490846
19796,0.12394742
19797,-0.9450128
19798,-0.0072587035
19799,-0.32381883
19800,-0.36847198
19801,-0.20845604
19802,-0.44643158
19803,0.1349525
19804,0.98974144
19805,0.52863806
19806,-0.12450591
19807,0.2398362
19808,-0.12792727
19809,-0.060460463
19810,-0.45488924
19811,0.37791938
19812,-0.14601286
19813,0.7620109
19814,0.09318327
19815,0.06136647
19816,-0.74301034
19817,-1.0037558
19818,-0.35557535
19819,0.09284283
19820,0.13657548
19821,0.2887866
19822,0.108544394
19823,1.4848156
19824,-0.087779224
19825,-0.2503098
19826,-0.039114133
19827,-0.025371484
19828,-0.47339517
19829,-0.067708366
19830,0.5487562
19831,0.18535067
19832,0.23480852
19833,0.5037885
19834,-0.58247644
19835,-0.3015549
19836,-1.2068847
19837,0.2588908
19838,1.6153127
19839,0.20073204
19840,1.6612502
19841,0.06897691
19842,1.2658479
19843,-0.19828406
19844,-0.053512003
19845,1.3918825
19846,-0.22463837
19847,0.33150417
19848,-0.38523874
19849,1.4624996
19850,0.13801165
19851,-0.54390144
19852,0.04115521
19853,1.419683
19854,0.16464832
19855,0.62977135
19856,0.18209082
19857,-0.12660146
19858,-0.1021495
19859,-0.015653616
19860,0.20089899
19861,1.9510498
19862,0.064004466
19863,-0.055728592
19864,-0.013238037
19865,0.35758823
19866,0.0009969393
19867,-0.14240749
19868,0.22224806
19869,0.0020600609
19870,-0.058336392
19871,0.31483328
19872,-0.17279722
19873,-0.3208877
19874,-0.40130934
19875,-0.41902873
19876,0.08639863
19877,-0.28673184
19878,-0.36224145
19879,0.09569718
19880,-0.39451265
19881,0.008117608
19882,0.1539674
19883,0.15684672
19884,1.1018866
19885,-0.025235001
19886,0.3409475
19887,-0.19426441
19888,-0.193994
19889,0.27775303
19890,-0.69600874
19891,-0.022612981
19892,-0.08950504
19893,-0.12572308
19894,1.25227
19895,-0.27813503
19896,-0.1359267
19897,-0.008292042
19898,0.35940614
19899,-0.36175478
19900,-0.20324714
19901,0.45364287
19902,-0.008852438
19903,-0.17865637
19904,1.6341121
19905,2.0866535
19906,-0.21372297
19907,0.70150644
19908,-0.17522883
19909,-0.6102498
19910,-0.16884133
19911,-0.5491785
19912,-0.070977755
19913,0.501267
19914,0.10806778
19915,-0.33694494
19916,-0.052418526
19917,-0.6135662
19918,-0.03862399
19919,1.0273893
19920,0.26955533
19921,0.199447
19922,-0.058540184
19923,-1.0748932
19924,0.86495405
19925,-1.2844476
19926,-0.70506066
19927,0.49802777
19928,-0.192572
19929,0.34580147
19930,1.7314641
19931,-0.37698767
19932,0.84689546
19933,0.19107413
19934,-0.11571641
19935,-0.02307105
19936,1.7391385
19937,-0.23868388
19938,-0.14487049
19939,1.5245827
19940,0.5719355
19941,-0.2921078
19942,0.518448
19943,0.15077007
19944,-0.77225363
19945,0.12520885
19946,0.4948113
19947,0.24844804
19948,0.13542947
19949,0.66010225
19950,-0.1838631
19951,0.14289773
19952,-0.121455364
19953,0.3292614
19954,-0.25250477
19955,-0.09627245
19956,0.7272677
19957,-0.53941196
19958,0.9426617
19959,-0.18782951
19960,2.0878835
19961,0.45105797
19962,-0.10769179
19963,2.3112993
19964,0.3656166
19965,0.8592434
19966,-0.12473551
19967,0.05221074
19968,0.080780245
19969,-0.57763267
19970,0.057995513
19971,0.48861513
19972,-0.17268237
19973,-0.04061888
19974,0.3380461
19975,-0.103037246
19976,0.08605347
19977,-0.6822897
19978,-0.09087611
19979,-0.07317725
19980,0.042748053
19981,0.46300787
19982,0.050389208
19983,-0.5763161
19984,0.496292
19985,0.12285869
19986,0.018515753
19987,0.4350176
19988,-0.2055705
19989,-0.23107624
19990,-0.026219554
19991,0.03170847
19992,0.161965
19993,-0.4365303
19994,0.21929368
19995,0.16461615
19996,0.39874676
19997,0.059523683
19998,-1.2622495
19999,-0.21167043
20000,-0.2913195
20001,0.09751769
20002,0.007466334
20003,0.53313845
20004,1.1010964
20005,-0.83112794
20006,-0.28117478
20007,-0.21775545
20008,-0.29782918
20009,0.15386419
20010,1.225575
20011,-0.12680438
20012,-0.67007184
20013,-0.026682349
20014,0.14126602
20015,1.5260907
20016,0.09313142
20017,0.07746368
20018,-0.031745218
20019,0.28784403
20020,-0.07762081
20021,0.94436437
20022,-0.14494756
20023,0.8688395
20024,0.494107
20025,-0.41769463
20026,-0.2096574
20027,-0.09207632
20028,-0.4160643
20029,0.91200334
20030,1.7066007
20031,0.090689026
20032,0.20299904
20033,-0.23851056
20034,0.8187039
20035,0.1326106
20036,0.2222419
20037,-0.42946157
20038,-0.15244433
20039,-0.31261033
20040,1.7282827
20041,0.08764118
20042,-0.58791375
20043,0.31482604
20044,-0.064376965
20045,0.12640044
20046,-0.30742803
20047,0.17555082
20048,-0.10250272
20049,0.22842544
20050,1.7777524
20051,0.0759473
20052,-0.101241596
20053,0.8383404
20054,0.08800618
20055,-0.21827236
20056,0.61536324
20057,-0.4205098
20058,1.3608468
20059,-0.10873231
20060,-0.07151447
20061,1.1378634
20062,-0.085278556
20063,0.17266378
20064,0.5843115
20065,-0.2784979
20066,1.3605146
20067,-1.7094104
20068,0.24720977
20069,0.4864297
20070,-0.41028532
20071,-0.3251514
20072,-0.1583096
20073,0.37423643
20074,-0.28085455
20075,0.14803171
20076,0.07227232
20077,0.18465592
20078,0.18858127
20079,0.1307044
20080,0.73667806
20081,0.979677
20082,1.5141249
20083,-0.037981782
20084,0.14279968
20085,0.2754895
20086,0.41391602
20087,-0.19933814
20088,0.16537134
20089,0.24155024
20090,0.56694806
20091,-0.28465608
20092,0.88975894
20093,-0.2776665
20094,-0.06207035
20095,-0.790491
20096,0.0037907334
20097,-0.38474056
20098,0.42357022
20099,1.1624302
20100,0.33784035
20101,-0.052331857
20102,0.1817856
20103,0.08445729
20104,0.39221588
20105,0.11565444
20106,-0.055306293
20107,0.3141604
20108,-0.1714028
20109,1.515734
20110,-0.19995916
20111,-0.28450176
20112,0.34202105
20113,0.4415892
20114,-0.0009316531
20115,-0.14929287
20116,0.4631615
20117,0.045042284
20118,-0.04397224
20119,0.3477421
20120,-0.040084574
20121,0.7571367
20122,0.17814788
20123,-0.13559397
20124,-0.16504452
20125,0.93103766
20126,-0.18003343
20127,-0.45590886
20128,-0.36736065
20129,0.22767925
20130,-0.106361546
20131,-0.26549655
20132,0.50777745
20133,-0.2892085
20134,-0.411304
20135,0.048383947
20136,0.3671783
20137,0.069409825
20138,-0.23594253
20139,-0.9450337
20140,-0.11924038
20141,0.12990665
20142,0.40700606
20143,-0.3725268
20144,0.18509644
20145,1.7805425
20146,-0.099679954
20147,-0.18967019
20148,-0.5424179
20149,0.42396262
20150,0.30135626
20151,-0.1544399
20152,-0.009632356
20153,0.67737293
20154,-0.100369684
20155,0.7739404
20156,-0.47987658
20157,0.6996722
20158,0.25918826
20159,0.17579688
20160,-0.016585186
20161,-0.054632742
20162,0.22333157
20163,0.40161908
20164,0.92342615
20165,-0.10818913
20166,0.5711005
20167,-0.1139891
20168,-0.19602525
20169,-0.29973122
20170,0.5343391
20171,0.09137797
20172,0.015850877
20173,0.023198232
20174,0.017787071
20175,-0.59489304
20176,-0.12925215
20177,1.0706226
20178,-0.031513773
20179,0.10881955
20180,0.22093004
20181,-0.15506844
20182,0.11584084
20183,-0.035594605
20184,-0.3201032
20185,-0.39765108
20186,0.35316744
20187,-0.7714992
20188,0.78417146
20189,0.35247168
20190,2.1403306
20191,-0.021463914
20192,-0.22949825
20193,-0.023234785
20194,-0.053635687
20195,-0.12251776
20196,0.17118886
20197,0.3415366
20198,0.056321166
20199,0.091265775
20200,-0.2625277
20201,0.17125818
20202,0.6404931
20203,-0.5072455
20204,-0.2799904
20205,-0.18142119
20206,1.1231865
20207,0.43698987
20208,-0.19649328
20209,-0.2272683
20210,1.2597841
20211,0.98964757
20212,0.52946144
20213,-0.5213464
20214,-0.10491317
20215,-0.10139662
20216,-0.18440525
20217,0.13688253
20218,-0.0354569
20219,0.6338184
20220,0.059896342
20221,-0.01171531
20222,-0.22782786
20223,-0.02191771
20224,-0.6255314
20225,1.4108733
20226,0.56632584
20227,0.4165685
20228,-0.21127869
20229,0.5568545
20230,0.07962237
20231,0.17040339
20232,0.4365107
20233,-1.485671
20234,-0.25228956
20235,-0.11857544
20236,0.9487269
20237,-9.361067e-05
20238,1.0467262
20239,0.82094425
20240,-0.23055409
20241,-0.64817625
20242,0.33966476
20243,-0.040031746
20244,-0.3714355
20245,0.41028145
20246,0.020252388
20247,0.039610777
20248,0.2585261
20249,0.13746817
20250,0.38933566
20251,1.3049705
20252,0.03472035
20253,0.22582076
20254,-0.47441903
20255,0.15696293
20256,0.13323367
20257,0.18216169
20258,2.0224073
20259,0.15460847
20260,-0.09792693
20261,0.061702177
20262,-1.8806849
20263,0.11891464
20264,-0.4507432
20265,0.75317156
20266,0.32070848
20267,-0.10828327
20268,-0.41163272
20269,1.4452059
20270,0.3570715
20271,-0.0448185
20272,0.099166885
20273,-0.22749701
20274,-0.0132550225
20275,-0.18389653
20276,-0.041114103
20277,-0.4423566
20278,0.910119
20279,1.1897696
20280,0.012048846
20281,0.49360326
20282,0.55896306
20283,-0.2359414
20284,0.41011906
20285,0.17978485
20286,-0.1500005
20287,0.8665673
20288,-0.017528899
20289,0.27724865
20290,-0.020509329
20291,-0.048288405
20292,0.34111503
20293,0.7104327
20294,0.33202347
20295,-0.47095466
20296,-1.2744268
20297,-0.1866525
20298,-0.40451753
20299,0.23796928
20300,-0.3004058
20301,0.40093932
20302,0.9223535
20303,0.15375534
20304,0.18773986
20305,-0.30918708
20306,-0.18730232
20307,0.13734068
20308,0.21222447
20309,-0.8428715
20310,-0.3628869
20311,-0.0013134101
20312,0.75054514
20313,0.123733796
20314,0.0204898
20315,0.010939034
20316,-0.0017094356
20317,0.06483005
20318,0.675563
20319,0.061530687
20320,0.34331334
20321,0.15978682
20322,0.6882572
20323,0.8578597
20324,-0.23019902
20325,-0.123838104
20326,0.05240509
20327,1.3048127
20328,-0.12089582
20329,0.38067675
20330,0.050948836
20331,-0.1696236
20332,-0.25372958
20333,0.41818804
20334,1.2031617
20335,-0.22420678
20336,0.058797732
20337,0.036277212
20338,0.66621363
20339,-0.5861018
20340,-0.089438
20341,0.4207067
20342,-1.0307598
20343,0.4386033
20344,-0.19112208
20345,0.18266833
20346,-0.44712552
20347,-0.047037344
20348,0.14311306
20349,-0.14151432
20350,0.40229592
20351,1.3090996
20352,0.11152593
20353,1.223964
20354,-0.42678732
20355,-0.047373656
20356,-0.113374725
20357,-0.35514408
20358,-0.0777012
20359,-0.67330575
20360,0.3896679
20361,1.8742574
20362,-0.13712436
20363,1.3835231
20364,0.2510272
20365,1.8165923
20366,-0.36434665
20367,0.34929398
20368,0.3464529
20369,0.10964923
20370,0.20866407
20371,0.5852413
20372,0.40536204
20373,1.395258
20374,0.43460983
20375,0.22632761
20376,-0.33795056
20377,0.14210185
20378,-0.14578903
20379,-0.010387228
20380,0.2758904
20381,0.10317548
20382,-0.019534899
20383,1.1980457
20384,0.025390483
20385,0.26813853
20386,0.9313509
20387,0.38665348
20388,-0.1328867
20389,-0.025161427
20390,-0.095495775
20391,0.14799918
20392,0.20241071
20393,0.19022895
20394,-0.109483644
20395,0.38991058
20396,-0.24455222
20397,-0.19152233
20398,1.0476434
20399,-0.2968932
20400,1.8261654
20401,0.055621296
20402,-0.25912526
20403,-0.025926491
20404,-0.061356664
20405,-0.028962899
20406,-0.097502165
20407,-0.12799628
20408,0.96650773
20409,0.65283823
20410,0.73191
20411,0.20687246
20412,0.031291578
20413,0.030785
20414,0.5471259
20415,0.40976313
20416,-0.3963073
20417,0.809564
20418,-0.15513217
20419,1.5086315
20420,-0.60316205
20421,-0.086593024
20422,0.19779074
20423,-0.08109307
20424,-0.028837545
20425,0.46736532
20426,0.8806787
20427,1.1697493
20428,-0.5757335
20429,1.303338
20430,1.272436
20431,0.068621814
20432,-0.12979233
20433,-0.1844114
20434,0.028967684
20435,0.1620316
20436,1.4765571
20437,-0.791374
20438,-0.041934006
20439,-0.32535723
20440,0.51065636
20441,0.3944972
20442,0.2601002
20443,0.09240599
20444,-0.38941988
20445,-0.27393487
20446,-0.33142594
20447,0.41461873
20448,-0.28033435
20449,0.17263384
20450,-1.1155143
20451,-0.3861208
20452,0.27356794
20453,0.2646226
20454,0.066637695
20455,1.3549701
20456,0.74685234
20457,-0.12253777
20458,-0.15038058
20459,-0.0028355343
20460,-0.40302357
20461,0.21207428
20462,0.050263263
20463,0.50722545
20464,-0.046893355
20465,-0.02320462
20466,0.10916293
20467,0.22909531
20468,-0.3747247
20469,-0.02221675
20470,1.206468
20471,0.7909862
20472,0.19506097
20473,-0.09225858
20474,-0.17246626
20475,-0.20886633
20476,0.16653058
20477,0.667135
20478,-0.016759656
20479,-0.22776935
20480,-0.41877052
20481,-1.5579916
20482,0.18796241
20483,-0.0444751
20484,-0.33514774
20485,-0.19004935
20486,-0.17546539
20487,0.15094621
20488,-0.47207654
20489,-0.29277024
20490,0.36180007
20491,1.2334874
20492,0.6935734
20493,1.1159772
20494,2.9273257
20495,-0.02242164
20496,-0.38675252
20497,0.45016676
20498,-0.008566777
20499,0.26827392
20500,0.7976117
20501,0.5956079
20502,-0.22657198
20503,-0.248298
20504,0.83995366
20505,0.10600386
20506,0.075412735
20507,-0.27427906
20508,0.15681148
20509,-0.116557546
20510,-0.23317766
20511,-0.1554742
20512,-0.09289053
20513,0.39737028
20514,-0.33449247
20515,-0.63206065
20516,-0.016725801
20517,0.04170923
20518,0.59205043
20519,0.08400341
20520,-0.043955546
20521,0.17868236
20522,-0.2779185
20523,-0.50784075
20524,0.13093038
20525,-0.11551067
20526,-0.4922228
20527,0.004234156
20528,-0.00040594052
20529,1.4893528
20530,0.46981615
20531,0.28501743
20532,-0.06362272
20533,0.10055998
20534,0.09902127
20535,0.23925932
20536,-0.34205317
20537,-0.8054484
20538,0.48214415
20539,-0.095925465
20540,-0.025410436
20541,-0.17191195
20542,1.0376862
20543,1.0370101
20544,-0.3201798
20545,0.1518436
20546,-0.05774617
20547,0.4590333
20548,0.1448805
20549,0.27522564
20550,0.38360506
20551,0.4023373
20552,0.041389138
20553,-0.5063789
20554,0.029958595
20555,0.12091463
20556,0.16024211
20557,0.42858467
20558,0.31177095
20559,-0.30155388
20560,1.9154621
20561,0.20356949
20562,0.22459014
20563,-0.077572666
20564,-0.7452598
20565,2.0963168
20566,-0.033515472
20567,0.33711773
20568,-0.30864558
20569,-0.1775593
20570,0.08111187
20571,0.0017594454
20572,-0.082118906
20573,0.440407
20574,0.34653178
20575,-0.09131343
20576,0.32062536
20577,-0.09794515
20578,0.8790241
20579,-0.24154568
20580,0.2854342
20581,0.1089313
20582,-0.023170937
20583,-0.18661258
20584,-0.7283144
20585,1.2959987
20586,-0.10021579
20587,0.17119129
20588,0.91986257
20589,-0.22347945
20590,-0.1906467
20591,-1.3927579
20592,-0.5152707
20593,0.109018385
20594,0.8121168
20595,0.9038034
20596,2.983562
20597,0.13884434
20598,-0.20137474
20599,0.10090299
20600,0.034348156
20601,0.013742016
20602,0.40690306
20603,0.6414254
20604,0.07984705
20605,-0.17113636
20606,-0.26235926
20607,0.35220996
20608,0.10204905
20609,0.2083676
20610,-0.2860944
20611,-0.3657773
20612,0.5625431
20613,0.17073402
20614,-0.6610192
20615,-0.73260576
20616,0.15357356
20617,0.7968215
20618,-0.3882552
20619,-0.338551
20620,-0.3597977
20621,1.3890138
20622,-1.2583038
20623,-0.331197
20624,0.39437106
20625,-0.8561026
20626,3.2121565
20627,-0.28475347
20628,-0.3701931
20629,0.83021444
20630,0.41187397
20631,0.53300786
20632,-0.40489188
20633,-0.3758311
20634,-0.22835582
20635,-0.24067567
20636,1.483263
20637,-0.91931456
20638,0.52745616
20639,-0.297748
20640,0.33712345
20641,-0.066243246
20642,-0.03148966
20643,0.25210384
20644,0.03160062
20645,0.12886365
20646,0.61225295
20647,-0.19484451
20648,0.03194119
20649,-0.14206369
20650,-0.5284183
20651,0.07736066
20652,0.06263044
20653,-0.09024606
20654,0.31208348
20655,0.2874098
20656,-0.43965417
20657,-0.3111011
20658,-0.38152146
20659,0.6442268
20660,0.8590695
20661,0.069435686
20662,0.28885216
20663,0.043003954
20664,-0.17539632
20665,0.056665424
20666,-0.073259905
20667,-0.605722
20668,-0.20489503
20669,0.5734923
20670,0.14534986
20671,0.103194974
20672,0.39484853
20673,-0.62819713
20674,-0.6593416
20675,0.039361518
20676,0.030630555
20677,-0.20185769
20678,-0.31319436
20679,-1.2279041
20680,-0.14924982
20681,-0.5131164
20682,-0.18433832
20683,-0.16551445
20684,0.08605376
20685,0.24993613
20686,-0.1293504
20687,1.6185651
20688,0.5389945
20689,0.026916223
20690,0.075956956
20691,-0.16700336
20692,-0.17696534
20693,0.18146221
20694,0.89250517
20695,-0.64250433
20696,0.5193371
20697,0.75917506
20698,0.3055784
20699,-0.21929471
20700,0.25593737
20701,-0.5208348
20702,0.31232172
20703,0.35186267
20704,-0.25876206
20705,-0.10246916
20706,0.29858032
20707,-0.08704264
20708,-0.035492267
20709,-0.21858536
20710,0.3692684
20711,-0.09920428
20712,0.025880724
20713,0.80776286
20714,1.4113073
20715,-0.06867417
20716,0.26006103
20717,0.09945824
20718,-0.062215447
20719,-0.34925252
20720,-0.15045397
20721,1.379568
20722,-0.055681538
20723,0.24676782
20724,2.7817385
20725,0.090766646
20726,-0.37445235
20727,0.28281146
20728,0.32767996
20729,0.008600939
20730,-0.42828622
20731,0.061638508
20732,0.2547827
20733,-0.1320959
20734,0.13418794
20735,2.066351
20736,-0.32375738
20737,-0.21276176
20738,1.43863
20739,1.3482894
20740,0.82459193
20741,0.6957522
20742,0.06815983
20743,-0.17950937
20744,0.3588729
20745,1.6944598
20746,-0.2945099
20747,-0.077621855
20748,-0.27887595
20749,1.0032257
20750,-0.4823549
20751,1.11862
20752,-0.6329687
20753,-0.034538046
20754,-0.005344893
20755,-0.36573344
20756,-0.048887577
20757,0.018407255
20758,0.574058
20759,0.40976596
20760,-0.18671748
20761,0.3294831
20762,-0.1925601
20763,-0.34359297
20764,0.3096921
20765,1.3167887
20766,0.16943091
20767,-0.0001181752
20768,0.58115846
20769,0.0673276
20770,0.46084768
20771,-0.34924966
20772,-0.8463873
20773,0.16055503
20774,-0.18885554
20775,-0.43283543
20776,0.04761959
20777,1.1749405
20778,0.3400671
20779,0.58087254
20780,-0.055477977
20781,1.5934352
20782,0.5838006
20783,1.1695498
20784,0.0310402
20785,0.20517094
20786,-0.18430236
20787,0.15229759
20788,0.5487581
20789,-0.4782202
20790,1.4764467
20791,-0.16357008
20792,-1.1256329
20793,0.20488782
20794,0.04328656
20795,0.020497663
20796,-0.23341542
20797,-0.12539284
20798,-0.3068086
20799,0.302454
20800,0.4553805
20801,-0.38808858
20802,-0.26695764
20803,0.31804165
20804,1.733541
20805,0.28404516
20806,-0.9421689
20807,-0.41297784
20808,-0.84617805
20809,1.2884544
20810,0.17754127
20811,0.40459344
20812,0.27837515
20813,-3.9146347
20814,-0.15565793
20815,0.9797625
20816,0.15092783
20817,-0.73365545
20818,-0.2258445
20819,-0.3504254
20820,-0.17873979
20821,0.20815635
20822,-0.5178073
20823,-0.17772675
20824,-0.29450062
20825,0.5872524
20826,0.28032038
20827,0.09848695
20828,0.224431
20829,-0.6103066
20830,0.3892292
20831,0.24233788
20832,-0.35212922
20833,-0.19191064
20834,0.092220075
20835,0.14508638
20836,0.94443977
20837,-0.091845244
20838,-1.1553005
20839,-0.1850338
20840,-0.49343973
20841,0.5817879
20842,-0.09636192
20843,-0.40054822
20844,1.8353288
20845,-0.4312471
20846,0.15518808
20847,-1.5325458
20848,-0.4630408
20849,0.34165278
20850,0.084566094
20851,0.07028865
20852,-0.5411894
20853,-0.08401067
20854,0.25374052
20855,-0.15404384
20856,0.03333244
20857,0.25102767
20858,-0.41294608
20859,0.064717986
20860,0.22355738
20861,0.67915463
20862,-0.15436247
20863,0.30326083
20864,-0.11692029
20865,-0.17766632
20866,0.9279378
20867,0.11756728
20868,-0.90570134
20869,0.10210165
20870,0.3516886
20871,0.72162056
20872,0.20935328
20873,0.8272284
20874,-0.18956415
20875,0.34490764
20876,-0.35021713
20877,0.0085762115
20878,-0.1824983
20879,0.07974339
20880,0.15672933
20881,0.09436361
20882,-0.25732362
20883,-0.45220658
20884,0.24535929
20885,0.15899046
20886,0.32237557
20887,0.111005895
20888,0.06367763
20889,0.24163164
20890,0.10254936
20891,0.28744018
20892,-0.70267326
20893,-0.4810236
20894,0.08306718
20895,0.0037423593
20896,0.25873947
20897,0.46709108
20898,-0.030484924
20899,-0.20803495
20900,0.7217968
20901,-0.277251
20902,-0.23448071
20903,-0.11953041
20904,0.18511471
20905,-0.06588132
20906,-0.17126118
20907,1.0332428
20908,0.16323468
20909,0.45736983
20910,-0.21788502
20911,-0.118713126
20912,-0.019188978
20913,0.04645718
20914,1.8474122
20915,0.009489524
20916,-0.056720745
20917,0.23949824
20918,0.14100227
20919,-0.45114806
20920,-0.12915827
20921,0.35744825
20922,-0.32912225
20923,0.6018112
20924,-0.7629271
20925,-0.18748425
20926,1.1416748
20927,0.7222333
20928,0.031464964
20929,1.1020631
20930,-0.1654154
20931,0.23330472
20932,0.04987418
20933,0.030452693
20934,-0.24776033
20935,0.44364616
20936,-0.37626803
20937,0.2149589
20938,0.5824814
20939,0.25106254
20940,0.07916078
20941,-0.0067738597
20942,-0.07584724
20943,-0.32145894
20944,-1.0495285
20945,-0.20264587
20946,-0.09675142
20947,1.311647
20948,-0.45564786
20949,-0.31976923
20950,0.19167782
20951,0.027429558
20952,1.5218946
20953,-0.4484788
20954,-0.078691356
20955,0.17186843
20956,0.2477518
20957,-0.09980318
20958,-0.17147636
20959,-0.019991804
20960,0.21271841
20961,0.45273733
20962,0.97018355
20963,0.171941
20964,-0.19444564
20965,0.3465331
20966,1.0540735
20967,0.012886846
20968,0.08110117
20969,-0.38131312
20970,0.08616995
20971,-0.32716823
20972,-0.17781821
20973,0.3674511
20974,-0.109821506
20975,0.5087824
20976,0.31606635
20977,0.8633929
20978,0.13437523
20979,-0.0672054
20980,0.9510318
20981,0.15275474
20982,0.13471593
20983,-0.20907381
20984,-0.24037077
20985,0.28560653
20986,0.11540238
20987,0.15685011
20988,-0.1448706
20989,0.43762118
20990,-0.03327168
20991,0.35831988
20992,-0.3007434
20993,-0.6276809
20994,-0.15065777
20995,0.46865785
20996,-0.07839648
20997,0.7321239
20998,0.78759825
20999,-0.080682196
21000,-0.21653026
21001,-0.4918564
21002,-0.17032112
21003,1.5193799
21004,0.40196627
21005,1.0334946
21006,-0.16513185
21007,0.1556052
21008,-0.0045246114
21009,-0.24053164
21010,0.9595771
21011,0.08448978
21012,0.2547559
21013,0.2955983
21014,0.55350965
21015,0.086155504
21016,0.33004197
21017,0.93702376
21018,-0.12585847
21019,-0.10268339
21020,0.14904575
21021,0.19660819
21022,-0.5212198
21023,0.7019914
21024,0.39442256
21025,0.16641372
21026,0.2875681
21027,-0.322964
21028,0.27249485
21029,-0.12656485
21030,0.6156299
21031,-0.14623427
21032,0.5462186
21033,0.19940077
21034,0.0039372253
21035,-0.30330765
21036,0.89640015
21037,1.5746706
21038,0.31082192
21039,-0.40011805
21040,-0.17486115
21041,0.11220143
21042,0.2873337
21043,-0.21069916
21044,-0.39592168
21045,-0.41205618
21046,0.9605906
21047,-0.0076642768
21048,-0.2192314
21049,1.2241296
21050,0.14501114
21051,1.4948901
21052,-0.59993255
21053,-0.04709053
21054,-0.22537021
21055,-0.10421981
21056,0.09470936
21057,-0.37455317
21058,0.55836093
21059,0.34986153
21060,0.14640915
21061,0.46880034
21062,0.17815296
21063,0.58800554
21064,0.5503002
21065,-0.26951677
21066,0.27648297
21067,-0.0389365
21068,1.2430638
21069,-0.01784944
21070,-0.1612405
21071,-1.1166011
21072,-0.2492494
21073,-0.2775846
21074,-1.4588705
21075,0.621614
21076,0.28869012
21077,-0.290777
21078,-0.3310717
21079,-0.60781485
21080,0.076525934
21081,0.4434239
21082,0.37616923
21083,0.18168233
21084,2.6008348
21085,-0.5201927
21086,-0.0881746
21087,0.14425978
21088,0.0536766
21089,-0.11974632
21090,-0.13490863
21091,-0.52790093
21092,0.2561176
21093,0.2174666
21094,-0.10846263
21095,0.036925416
21096,0.023625158
21097,-0.5832471
21098,0.5464923
21099,-0.79305005
21100,1.6111454
21101,0.38653818
21102,0.24017414
21103,-0.110231325
21104,0.23354414
21105,1.3626561
21106,1.1308422
21107,-0.49173394
21108,0.30639172
21109,-0.12544711
21110,0.3676665
21111,-0.054795202
21112,-0.18792953
21113,-0.26519725
21114,0.21457972
21115,0.38305262
21116,-0.026630223
21117,0.25793764
21118,-0.267501
21119,-0.4171973
21120,0.1304227
21121,-0.090452336
21122,0.28188846
21123,-0.0520904
21124,-0.0324622
21125,-0.31714502
21126,-0.07148722
21127,0.54041123
21128,0.57172674
21129,-0.46624765
21130,0.5966139
21131,0.6369642
21132,-0.32274148
21133,-0.075647704
21134,-0.25710094
21135,-0.005687131
21136,0.15389326
21137,-0.87327254
21138,-0.34778625
21139,-0.091589846
21140,-0.22575426
21141,1.3146216
21142,0.15192015
21143,0.46490118
21144,0.13543451
21145,0.63011384
21146,3.1295493
21147,0.32928067
21148,-0.28664148
21149,0.08128768
21150,0.19220072
21151,0.07570048
21152,-0.22281337
21153,-0.20746315
21154,-0.10809453
21155,1.3322707
21156,0.9398713
21157,0.189317
21158,-0.7452112
21159,0.52313066
21160,0.15101062
21161,0.23633838
21162,-0.28036857
21163,-0.11559197
21164,-0.23121071
21165,0.09739214
21166,-0.03829607
21167,-0.31223562
21168,0.18759765
21169,1.0683497
21170,-1.0550051
21171,1.3337448
21172,0.18106362
21173,-0.3679905
21174,-0.061517954
21175,-0.33277166
21176,0.051522408
21177,0.19984894
21178,-0.040458135
21179,-0.029187102
21180,0.611866
21181,-0.11503873
21182,-0.045166574
21183,0.9321275
21184,0.19431148
21185,-0.49422047
21186,0.54366493
21187,-0.05498439
21188,1.5316515
21189,0.20587844
21190,-0.08453695
21191,0.8822239
21192,0.37189156
21193,1.239752
21194,-0.1937051
21195,0.14788453
21196,1.0146198
21197,-0.14142561
21198,0.21581003
21199,-0.09855939
21200,-0.14524923
21201,-0.02426094
21202,0.23364587
21203,-0.365564
21204,1.876658
21205,1.4315761
21206,0.51681834
21207,-0.4959986
21208,-0.31010753
21209,0.22863868
21210,1.1517899
21211,0.04887513
21212,-0.099255405
21213,0.33643633
21214,0.6941905
21215,-0.76887673
21216,0.21532339
21217,0.13457058
21218,1.3308139
21219,-0.08011147
21220,0.26798895
21221,-0.009365288
21222,-0.12559676
21223,-0.35497767
21224,-0.52986586
21225,0.5390671
21226,0.16900086
21227,0.32241234
21228,1.5243689
21229,-0.35447818
21230,-0.7563321
21231,-0.26845282
21232,-0.7113251
21233,0.13418688
21234,-0.22182375
21235,1.4926068
21236,-0.5852738
21237,-0.35983983
21238,0.08290365
21239,0.16598123
21240,-0.027097786
21241,-0.14152297
21242,-0.19831212
21243,-1.1789194
21244,0.13850138
21245,-0.17638943
21246,-0.2469449
21247,-0.2073762
21248,-0.07289899
21249,-0.0462337
21250,-0.08199776
21251,0.18054293
21252,-0.21788196
21253,0.28714994
21254,-0.12343802
21255,-0.36172593
21256,-0.03268194
21257,-0.23198862
21258,-0.047769066
21259,0.2859018
21260,-0.26787323
21261,0.03293715
21262,-0.046789337
21263,-0.245706
21264,-0.27128214
21265,1.2113599
21266,-0.29175895
21267,1.1670758
21268,0.07533238
21269,0.44625887
21270,0.3908409
21271,0.01368704
21272,-0.14894478
21273,-0.30976152
21274,-0.855014
21275,-0.22253507
21276,-0.28338623
21277,0.30931893
21278,0.16971318
21279,0.03350629
21280,-0.10507406
21281,-0.056489915
21282,-0.22942187
21283,0.24724762
21284,-0.002388161
21285,-0.093246244
21286,0.13600205
21287,0.111066334
21288,0.26475722
21289,-0.7112758
21290,-0.8825592
21291,0.97310793
21292,0.33858466
21293,-0.17912832
21294,-0.15688057
21295,1.3386327
21296,-0.8284149
21297,1.3303018
21298,0.5734921
21299,0.7874979
21300,-0.5086345
21301,-0.17889187
21302,0.19148374
21303,1.6023086
21304,1.2400811
21305,0.42399463
21306,-0.063214235
21307,0.58063203
21308,1.6281049
21309,-0.3546317
21310,-0.0018021956
21311,1.3116773
21312,0.1262803
21313,-0.100171335
21314,-0.22409832
21315,0.20036776
21316,-0.40092388
21317,0.12241259
21318,-0.19763698
21319,-0.198505
21320,-0.33392635
21321,-0.339593
21322,-0.43167827
21323,0.24422707
21324,0.18748847
21325,0.37193045
21326,0.37419257
21327,-0.21271218
21328,0.21390806
21329,-0.08241156
21330,-0.06521876
21331,-0.33605132
21332,0.26288012
21333,0.40100044
21334,0.25006115
21335,1.5019257
21336,-0.09908479
21337,0.24370906
21338,0.12695731
21339,1.2941669
21340,-0.19099863
21341,0.11319623
21342,1.1358415
21343,0.068108596
21344,-0.003968472
21345,-0.30156463
21346,-0.21185564
21347,-0.011293456
21348,0.003989299
21349,1.6698035
21350,0.16517684
21351,1.0576972
21352,0.8197068
21353,0.5309298
21354,0.61810946
21355,0.55085856
21356,-0.36568066
21357,0.5760941
21358,0.016606102
21359,1.1719133
21360,0.16839546
21361,-0.5484953
21362,0.45608136
21363,-0.33698097
21364,0.30084798
21365,0.19550455
21366,1.6987933
21367,-0.24506004
21368,-0.26252028
21369,0.2955582
21370,-0.55797154
21371,0.16205795
21372,1.811755
21373,0.2358523
21374,-0.3050697
21375,0.4421696
21376,0.11088101
21377,0.12224326
21378,0.19433129
21379,-0.29103914
21380,-0.24923247
21381,0.58192897
21382,-0.12781999
21383,0.8649153
21384,0.78386414
21385,0.96228844
21386,0.057101812
21387,-0.7047388
21388,-0.26251292
21389,-0.8405843
21390,0.63046855
21391,0.12356601
21392,-0.48365217
21393,-0.083591275
21394,-0.10265613
21395,0.49253315
21396,-0.07203842
21397,0.2187136
21398,-0.33344743
21399,-0.024623947
21400,-0.10307283
21401,-0.25395265
21402,-0.054368213
21403,0.045279816
21404,-0.17318273
21405,-0.52626204
21406,-0.07963901
21407,-0.3696899
21408,0.21537156
21409,0.75554675
21410,-0.49636203
21411,1.2623409
21412,0.06515536
21413,-0.34918654
21414,-0.3203086
21415,0.6582947
21416,0.8733711
21417,-0.365448
21418,0.009357324
21419,0.117061675
21420,-1.0146799
21421,-0.034910258
21422,0.20855811
21423,-0.38196594
21424,0.09731822
21425,0.44193232
21426,-0.47588807
21427,-0.03240497
21428,0.40468997
21429,0.8102566
21430,-0.8865714
21431,0.54733866
21432,0.3338532
21433,0.06571626
21434,-1.2141031
21435,0.47334725
21436,0.14308123
21437,0.07660543
21438,0.7420452
21439,0.013479267
21440,-1.5407554
21441,-0.10404372
21442,0.6552547
21443,0.24138482
21444,0.63316303
21445,-0.04485478
21446,1.0821098
21447,-0.2113635
21448,-0.4620448
21449,-0.24589144
21450,-0.60117716
21451,0.77238137
21452,-0.94279313
21453,0.26012745
21454,-0.04070712
21455,0.31205484
21456,0.39043114
21457,-0.05847985
21458,0.058881965
21459,0.21565428
21460,-0.45357716
21461,-0.06250101
21462,0.07848232
21463,0.67697513
21464,0.47026214
21465,0.24248676
21466,0.6903864
21467,-0.2227025
21468,-0.72254276
21469,-0.09651435
21470,0.60680866
21471,-0.17180091
21472,0.052443143
21473,0.9588732
21474,-0.287163
21475,0.9783974
21476,0.09463132
21477,0.0021790536
21478,2.057967
21479,1.8470372
21480,0.04049146
21481,0.15113829
21482,0.7057054
21483,-0.009547996
21484,-0.29070362
21485,-0.31824917
21486,0.49089795
21487,-0.5264911
21488,1.0781903
21489,0.049306884
21490,-0.106298365
21491,0.47218487
21492,0.15338084
21493,-0.37391934
21494,0.40026677
21495,-0.42056707
21496,-0.32973704
21497,-0.18674979
21498,0.118488476
21499,1.5141255
21500,0.30580842
21501,1.0337981
21502,-1.7071689
21503,0.22347544
21504,0.4665648
21505,-0.34605867
21506,-0.012213968
21507,-0.79478514
21508,-1.1446607
21509,-0.07942083
21510,0.16879463
21511,-0.53550786
21512,0.6434793
21513,1.418808
21514,-0.53355676
21515,-0.25651053
21516,0.17222233
21517,0.03547839
21518,0.97979623
21519,0.32459578
21520,1.6740296
21521,0.041553702
21522,0.26120818
21523,1.596869
21524,0.54579526
21525,-0.2300016
21526,-0.22442728
21527,0.20900059
21528,-0.0528039
21529,-0.16290519
21530,0.069445215
21531,-0.121217
21532,0.5345004
21533,2.483477
21534,0.124693505
21535,-0.105169855
21536,0.18235575
21537,-0.008686109
21538,0.9821664
21539,-0.2349863
21540,0.05401345
21541,0.069421805
21542,-0.026636647
21543,-0.07720504
21544,1.5813828
21545,0.38011262
21546,0.11095132
21547,0.024002455
21548,-0.78016144
21549,0.55764544
21550,0.50470304
21551,-0.21122855
21552,-0.0252547
21553,-0.18648203
21554,0.54251575
21555,-0.18601094
21556,-0.24974892
21557,0.008478598
21558,1.3150485
21559,-0.15368286
21560,-0.55350125
21561,0.43861547
21562,-0.072651796
21563,-0.33306864
21564,0.23146789
21565,-0.21227115
21566,-0.061607424
21567,0.21745959
21568,0.15690954
21569,-0.16821972
21570,-0.020428624
21571,0.1401177
21572,0.32792524
21573,0.32211933
21574,-0.24202992
21575,1.137153
21576,-0.13807799
21577,0.24666877
21578,-0.31473613
21579,0.65519065
21580,0.091618136
21581,-0.039658617
21582,1.2925581
21583,-0.14909646
21584,0.100314885
21585,0.871368
21586,0.19199021
21587,0.22444582
21588,-0.0012524922
21589,0.13685766
21590,-0.23528631
21591,0.5351055
21592,-0.2039087
21593,0.24285859
21594,-0.047676373
21595,-0.23053418
21596,0.96703583
21597,-0.41390422
21598,0.19177231
21599,-0.5462306
21600,0.23700461
21601,0.17019252
21602,-0.547259
21603,0.111119315
21604,1.7998852
21605,-1.1849769
21606,0.38022798
21607,-0.04578011
21608,-0.5691602
21609,-0.12579241
21610,0.8430274
21611,-0.6156285
21612,0.03215575
21613,0.10269956
21614,-0.031622224
21615,1.459266
21616,0.105200775
21617,0.17762257
21618,-0.053366892
21619,0.27371183
21620,0.084769465
21621,-0.57985246
21622,0.25953034
21623,0.45369685
21624,0.48522753
21625,-0.47910327
21626,0.12788637
21627,-0.20106861
21628,-0.20022906
21629,-0.23658736
21630,-0.1468974
21631,0.9631892
21632,0.04480286
21633,1.8242007
21634,-0.88633806
21635,0.22614405
21636,-0.19220045
21637,-0.099874325
21638,0.29723668
21639,-0.037964534
21640,0.14999864
21641,0.598563
21642,0.7428895
21643,0.030092604
21644,-0.08396585
21645,0.07497427
21646,0.493338
21647,-0.022660548
21648,-0.03902392
21649,-0.32984528
21650,-0.20823435
21651,-0.054197285
21652,2.089077
21653,0.31091866
21654,-1.6530011
21655,-0.022394605
21656,0.10687434
21657,0.20120911
21658,0.07483525
21659,-1.6797023
21660,-0.21792133
21661,0.6787729
21662,-0.18050307
21663,0.0647513
21664,-0.0309423
21665,0.40174374
21666,0.71929556
21667,0.31709084
21668,-0.8589271
21669,1.1546772
21670,-0.35836506
21671,-0.29545248
21672,0.10721376
21673,-0.22410889
21674,0.7205106
21675,-0.21409664
21676,-0.009567635
21677,-1.1783634
21678,2.0498111
21679,0.41431862
21680,0.09019296
21681,0.03259064
21682,-0.73520964
21683,-0.40010202
21684,-0.2114216
21685,-0.05020561
21686,0.9869171
21687,-0.36429334
21688,-0.51718265
21689,0.046177465
21690,1.5700026
21691,-0.23596121
21692,0.5211776
21693,-0.42087975
21694,0.46859244
21695,-0.096586764
21696,-0.20386802
21697,0.51430947
21698,-0.3101114
21699,0.014508596
21700,-0.11220786
21701,-0.0065275575
21702,-0.71955705
21703,0.69889295
21704,0.07143898
21705,1.404557
21706,-0.0716069
21707,-0.12610458
21708,-0.339064
21709,-0.3735783
21710,0.036283705
21711,0.3265093
21712,-0.2902201
21713,-0.4570686
21714,0.008491216
21715,-0.9802256
21716,0.12272461
21717,0.45217043
21718,0.38725665
21719,1.8059584
21720,1.6363646
21721,-0.25908557
21722,-1.7436514
21723,-0.1622221
21724,0.27359444
21725,-0.3273059
21726,-0.24569847
21727,2.2075036
21728,-0.15962495
21729,-0.102461115
21730,0.2577775
21731,-0.870436
21732,-0.15203416
21733,0.35232952
21734,-0.08065369
21735,0.060412217
21736,-0.6999968
21737,0.9521311
21738,0.6271357
21739,-0.29565096
21740,-0.013273315
21741,0.6176245
21742,0.31416658
21743,-0.33915618
21744,-0.14163019
21745,1.7638514
21746,-0.08535621
21747,0.15333866
21748,0.7197282
21749,0.1578671
21750,0.8129063
21751,1.0823562
21752,-0.612304
21753,0.7676155
21754,0.15648295
21755,0.00070249033
21756,1.2016832
21757,-0.02182098
21758,0.2716135
21759,0.17556942
21760,-0.18006541
21761,-0.10457224
21762,0.17128061
21763,-0.36849067
21764,0.40572682
21765,-0.32661414
21766,-0.05222104
21767,-0.5401778
21768,-0.41293243
21769,-0.20832841
21770,0.32474327
21771,0.101371564
21772,0.7991044
21773,0.1995397
21774,0.7874177
21775,0.4379163
21776,-0.2121712
21777,0.6421666
21778,0.03482431
21779,-0.10410723
21780,0.44793418
21781,0.048811927
21782,0.06270536
21783,-0.59289545
21784,-0.22889423
21785,1.272762
21786,-0.21860339
21787,0.029446363
21788,-0.79169005
21789,1.0597748
21790,-0.53745055
21791,-0.49529314
21792,0.21971536
21793,-0.23013942
21794,-0.14773765
21795,-0.3161542
21796,-0.30497462
21797,1.0571562
21798,1.8265889
21799,-0.050382283
21800,-0.07107627
21801,1.9326311
21802,-0.027956847
21803,0.17179967
21804,-0.3886958
21805,0.06018803
21806,-0.21068157
21807,0.15116273
21808,-0.07522099
21809,0.06070297
21810,0.16789679
21811,-0.13542338
21812,-0.15671709
21813,-0.7678294
21814,0.18044986
21815,-0.55341804
21816,0.15834635
21817,0.05413306
21818,-0.16350445
21819,0.24200772
21820,-0.207667
21821,-0.8887798
21822,0.13001873
21823,-0.007832068
21824,0.081532285
21825,-0.3629125
21826,0.0890406
21827,0.16480502
21828,0.01251661
21829,0.32188323
21830,-0.096677125
21831,-0.013861092
21832,0.2854044
21833,1.0430194
21834,1.3800647
21835,-0.606029
21836,-0.29035318
21837,-0.06651398
21838,-0.020603085
21839,-0.56062514
21840,-0.12984444
21841,0.752979
21842,-0.3249507
21843,-0.3199569
21844,0.6846771
21845,0.8958713
21846,0.6990841
21847,-0.09345785
21848,0.07779908
21849,0.3658707
21850,0.02418124
21851,-0.48562947
21852,-0.04866949
21853,-0.377801
21854,0.28187442
21855,0.34219164
21856,-0.20076606
21857,-0.44976795
21858,0.90299124
21859,-0.5614812
21860,0.36245838
21861,1.6597822
21862,0.096036345
21863,-0.07685167
21864,0.62690294
21865,-0.13864084
21866,-0.14164917
21867,0.20237944
21868,0.085700475
21869,0.25625786
21870,0.0062377285
21871,-0.09497735
21872,-0.13236253
21873,0.0454839
21874,0.25223655
21875,-0.083878435
21876,0.51116407
21877,1.546819
21878,-0.08358126
21879,0.533494
21880,-0.19862328
21881,-0.4184335
21882,-0.39145732
21883,-0.036315963
21884,1.3105148
21885,0.4114306
21886,-0.6118918
21887,0.35677555
21888,0.10391222
21889,-0.46433553
21890,1.7767804
21891,0.3999639
21892,0.2474138
21893,0.047404796
21894,1.3368928
21895,0.025112443
21896,0.2579223
21897,1.5836959
21898,-0.009345009
21899,1.1596959
21900,-0.22579241
21901,0.17655174
21902,-0.20646606
21903,-0.017190611
21904,0.7054712
21905,-0.13337693
21906,0.21599977
21907,0.19859336
21908,1.0404942
21909,1.7797917
21910,0.23168987
21911,0.34898293
21912,0.79756206
21913,0.597435
21914,0.44241562
21915,0.056855276
21916,1.2381436
21917,-0.34726042
21918,0.032829914
21919,0.032706186
21920,-0.8181184
21921,-0.10881502
21922,-0.44418824
21923,0.574083
21924,0.003215179
21925,-0.45703405
21926,0.1275116
21927,-0.8217428
21928,-0.24656643
21929,0.49785414
21930,-0.1736858
21931,0.33139315
21932,-0.21698324
21933,0.048669577
21934,-0.29047203
21935,0.47367352
21936,-0.006574605
21937,0.08933969
21938,0.13201018
21939,0.0629336
21940,-0.08793947
21941,0.15878168
21942,-0.041734785
21943,0.08102031
21944,1.0220044
21945,1.3695852
21946,-0.6829101
21947,1.6521888
21948,-1.0736865
21949,0.5495673
21950,0.16916564
21951,-0.35710558
21952,0.17199582
21953,0.25861967
21954,-0.025228113
21955,-0.062018592
21956,0.25431055
21957,0.69196504
21958,0.24839218
21959,0.14291775
21960,1.0554754
21961,-0.11432988
21962,1.0061736
21963,-0.25220817
21964,-0.5771921
21965,-0.17420056
21966,-0.3072642
21967,-0.41914532
21968,0.39805442
21969,0.0414508
21970,0.12804762
21971,0.7734813
21972,-0.18574189
21973,-0.118152134
21974,0.03065136
21975,-1.2900847
21976,-0.7106358
21977,-0.07122749
21978,0.3840748
21979,-0.17907134
21980,-0.15173854
21981,0.2896387
21982,-0.039007306
21983,0.6469412
21984,-0.0037540274
21985,2.525189
21986,0.9091424
21987,1.0638623
21988,-0.56457305
21989,0.9531835
21990,0.1430113
21991,0.26002413
21992,0.21971324
21993,-0.20175621
21994,0.018660642
21995,1.5333153
21996,0.049309112
21997,0.034664504
21998,-0.6293196
21999,-0.039815553
22000,0.75225633
22001,2.4775114
22002,-0.61339605
22003,-0.32535285
22004,0.98703885
22005,-0.014338078
22006,0.3761661
22007,0.16883452
22008,-0.3638686
22009,-0.2237654
22010,1.2494067
22011,-0.6648416
22012,-0.0056816163
22013,-0.18598461
22014,-2.2014499
22015,0.18120345
22016,0.06337905
22017,0.31295303
22018,-0.12512644
22019,0.41641292
22020,0.09231574
22021,0.09073126
22022,0.33220586
22023,0.057013568
22024,0.6467292
22025,-1.3354565
22026,-0.09612642
22027,0.47212133
22028,-0.5699605
22029,-0.12637791
22030,1.0709577
22031,-0.12022109
22032,0.034734864
22033,0.015760679
22034,-0.48650637
22035,2.707007
22036,0.5698867
22037,-0.081173986
22038,1.6672399
22039,-0.85989755
22040,-0.7098683
22041,-0.0070582274
22042,0.049224935
22043,-1.2326913
22044,0.5957368
22045,-0.025530526
22046,-0.06958409
22047,0.790255
22048,0.1785584
22049,-0.31169638
22050,0.8838446
22051,-0.33756965
22052,-0.042528983
22053,-0.0043881657
22054,-0.22592147
22055,0.12874313
22056,1.059621
22057,-0.22963609
22058,0.9636917
22059,-0.086684406
22060,-0.27832
22061,-1.4188919
22062,0.1833511
22063,0.2689778
22064,-0.3041948
22065,0.5695827
22066,-0.2760407
22067,0.39675498
22068,0.22452174
22069,0.3070038
22070,-0.3988127
22071,1.4838408
22072,0.3504495
22073,0.43819636
22074,0.5121355
22075,-0.19596903
22076,-0.07892184
22077,-0.011478471
22078,-0.40819594
22079,-1.3419521
22080,1.3988721
22081,-0.25283477
22082,0.5427519
22083,0.90364003
22084,0.42324644
22085,0.09855194
22086,-0.08903028
22087,0.27627036
22088,-0.5590211
22089,-0.48559627
22090,0.99788994
22091,0.06844153
22092,1.9266266
22093,-0.70399946
22094,0.05348612
22095,0.67664486
22096,0.13625035
22097,0.4150375
22098,1.7159299
22099,-0.28149915
22100,-0.5541522
22101,-0.23904645
22102,0.21002582
22103,-0.92701393
22104,-0.25666973
22105,-1.4386307
22106,0.032224327
22107,0.5071694
22108,0.08728427
22109,0.15238321
22110,-0.13905145
22111,0.20248556
22112,0.48252627
22113,0.6267983
22114,0.41304132
22115,-0.052045632
22116,0.076329716
22117,-0.54902416
22118,0.15169756
22119,-0.050385714
22120,-0.4858499
22121,0.02977493
22122,-0.1397958
22123,0.10354418
22124,0.21249896
22125,-0.23072527
22126,1.5099322
22127,0.25891235
22128,0.04091751
22129,-0.25028732
22130,0.10973886
22131,0.9061535
22132,-0.17548071
22133,-0.23627666
22134,-0.23945019
22135,-0.4888948
22136,0.052225534
22137,-0.16862239
22138,0.4837454
22139,1.29123
22140,-0.19286127
22141,0.04984844
22142,-0.45854032
22143,1.6761922
22144,-0.051831022
22145,-0.5444893
22146,-0.13968353
22147,-0.3448178
22148,0.0253125
22149,0.3228368
22150,2.1736128
22151,0.017574025
22152,-0.88220084
22153,0.18173036
22154,0.24224834
22155,-0.13621926
22156,-0.07019431
22157,0.43034118
22158,-0.024774076
22159,0.30130783
22160,-0.34149033
22161,0.25741667
22162,-0.0043018023
22163,-0.87045234
22164,0.62226725
22165,-0.42296976
22166,0.0118598975
22167,0.20784384
22168,0.5450734
22169,-0.006370294
22170,0.45161128
22171,0.12767501
22172,0.21135686
22173,-0.111753084
22174,-0.197709
22175,-0.07313208
22176,0.17597899
22177,-0.014881762
22178,-0.22863613
22179,0.27282628
22180,-0.2796207
22181,0.1247552
22182,-0.7023725
22183,0.5500389
22184,0.48865727
22185,-0.05877992
22186,-0.45786798
22187,-0.2972861
22188,-0.1299016
22189,0.73501134
22190,0.17118159
22191,-0.05775096
22192,0.098148525
22193,-0.13805415
22194,0.09530371
22195,0.08847361
22196,-0.26121745
22197,0.32161537
22198,0.48702323
22199,-0.540828
22200,-0.03893211
22201,-0.20613751
22202,-0.24215858
22203,-0.10712486
22204,1.3445126
22205,-0.1433522
22206,0.0015655014
22207,0.17810014
22208,0.14215198
22209,0.5749131
22210,0.18236119
22211,0.03885738
22212,0.04269526
22213,1.9804364
22214,-0.5031346
22215,-0.0003481881
22216,0.10620001
22217,0.901406
22218,0.05744901
22219,0.3138722
22220,0.023129387
22221,0.08300111
22222,-0.46621123
22223,-0.11248779
22224,0.11294219
22225,-0.14590132
22226,0.013416843
22227,-0.067957066
22228,0.2540253
22229,-0.66865027
22230,-0.042569723
22231,0.3270054
22232,0.807994
22233,-0.33363444
22234,-0.1285282
22235,-0.56660324
22236,-0.43904504
22237,0.24289873
22238,0.0070923516
22239,1.4612033
22240,0.08605136
22241,-0.6890946
22242,-0.2087387
22243,-1.4215072
22244,-0.17534432
22245,0.22045553
22246,0.25203148
22247,-0.55612266
22248,-0.16105099
22249,-0.22132634
22250,-0.23611023
22251,1.1094735
22252,0.06942861
22253,0.46385863
22254,-0.78274304
22255,0.74223435
22256,0.3734993
22257,0.28667012
22258,-0.97743374
22259,0.03960324
22260,0.2621787
22261,0.45772785
22262,-0.24082741
22263,0.65866494
22264,0.060905986
22265,0.36962342
22266,0.33946148
22267,-0.056011844
22268,-0.43812236
22269,2.0437338
22270,0.28485253
22271,-0.2551126
22272,0.22500923
22273,-0.62972146
22274,0.39502397
22275,-0.1384723
22276,-0.30710945
22277,-0.2066041
22278,1.9188972
22279,-0.086300366
22280,-0.18729271
22281,0.9005961
22282,0.19483587
22283,0.61143947
22284,-0.1239458
22285,1.3483945
22286,1.7198887
22287,0.5882967
22288,0.14994162
22289,-0.0375212
22290,0.43262684
22291,-0.21284339
22292,-0.052050278
22293,-0.26813343
22294,1.8651705
22295,-0.39534745
22296,0.6234653
22297,0.27433127
22298,0.02306093
22299,-0.4007554
22300,0.40185225
22301,-0.016431415
22302,-0.06011316
22303,-0.044321954
22304,-0.011414582
22305,0.10651664
22306,0.39400715
22307,1.0257806
22308,0.43420768
22309,0.34845215
22310,-0.6072205
22311,-0.07570724
22312,-1.1294069
22313,-0.1115532
22314,0.13055372
22315,0.005794288
22316,-0.4639536
22317,-1.3725522
22318,0.031000469
22319,-0.31828484
22320,0.1790559
22321,-0.18332422
22322,-1.8733964
22323,0.1976476
22324,-0.140667
22325,0.3644033
22326,0.58645374
22327,0.32857105
22328,0.4738027
22329,-0.37657714
22330,-0.47716787
22331,-0.1954352
22332,0.4125653
22333,-0.22403097
22334,-0.60993063
22335,-0.30236745
22336,-0.3126304
22337,-0.7060545
22338,0.03866994
22339,0.023676716
22340,1.5546852
22341,-0.008843473
22342,-0.11733031
22343,-0.59599966
22344,-0.083986275
22345,0.44840026
22346,0.39345318
22347,0.91198564
22348,0.111869484
22349,-0.22729132
22350,0.26713598
22351,0.25454366
22352,0.20645584
22353,-0.540516
22354,-1.8786194
22355,-0.5654624
22356,0.2065641
22357,0.5771371
22358,-0.006768424
22359,0.007871108
22360,-0.25345793
22361,0.076915085
22362,-0.07904054
22363,-1.318361
22364,-0.22116448
22365,-0.41953033
22366,-0.60950947
22367,1.3198493
22368,0.43380594
22369,0.2573444
22370,-0.31041038
22371,0.40616012
22372,-1.2160413
22373,-0.6464491
22374,-0.3633726
22375,0.48786598
22376,-0.12514357
22377,0.75295013
22378,-0.18443948
22379,0.554941
22380,-0.1284483
22381,-0.18567425
22382,-0.73553395
22383,-0.28211972
22384,0.33497605
22385,-0.5028797
22386,-0.10638454
22387,-0.11282358
22388,0.03073226
22389,0.1751239
22390,-0.0003446639
22391,0.64906573
22392,0.26913556
22393,0.10427769
22394,-0.08806258
22395,0.11753548
22396,0.48805127
22397,0.14016531
22398,-0.042648144
22399,-0.4819493
22400,-0.30999127
22401,-0.6006766
22402,-0.009772305
22403,1.7507737
22404,0.105748735
22405,-0.25079867
22406,-0.17882854
22407,0.1975867
22408,-0.42979872
22409,0.07333894
22410,2.9058259
22411,-0.7279124
22412,0.96070147
22413,0.3175155
22414,0.18064572
22415,0.8041554
22416,0.89670426
22417,-0.031470787
22418,-0.10168311
22419,-0.020497764
22420,-0.20257741
22421,0.0014892421
22422,-0.10001477
22423,0.12066559
22424,1.2158228
22425,-0.13974963
22426,0.17611474
22427,0.2419172
22428,2.152267
22429,-0.35141197
22430,0.10250793
22431,0.5987941
22432,-0.28269255
22433,-1.7511427
22434,0.5600513
22435,0.066750355
22436,-0.46131718
22437,0.021067442
22438,-0.11390316
22439,-0.13141985
22440,0.85828716
22441,0.3228526
22442,0.15246457
22443,1.0300095
22444,3.8289127
22445,0.6527707
22446,-0.5276609
22447,-0.46250612
22448,0.15754318
22449,1.1208919
22450,-0.16791655
22451,-0.09904922
22452,0.2852636
22453,-0.17675062
22454,-0.103652045
22455,0.2747667
22456,-0.4171484
22457,-0.14563438
22458,0.61662596
22459,1.1086085
22460,-0.20257024
22461,0.53684026
22462,0.81845146
22463,-0.020939153
22464,-1.1535974
22465,-0.5326104
22466,0.50905997
22467,-0.25145796
22468,0.18348324
22469,0.06673908
22470,0.033149663
22471,-0.23444769
22472,-0.30136868
22473,-0.06588627
22474,0.2966418
22475,0.09256269
22476,-0.50167227
22477,1.0048195
22478,1.9678707
22479,-1.3942235
22480,0.2926445
22481,0.58145756
22482,-0.017162088
22483,1.0116265
22484,-0.18083055
22485,-0.21885899
22486,-0.5974132
22487,-0.21426201
22488,0.075264454
22489,0.23081361
22490,-0.006229759
22491,-0.35611436
22492,-0.33461225
22493,0.5926017
22494,-0.20666946
22495,0.4368169
22496,0.09855894
22497,-0.9162382
22498,-0.23495986
22499,0.27760476
22500,0.0361795
22501,0.19025871
22502,0.8867544
22503,0.09317002
22504,0.2903538
22505,0.14005353
22506,0.5590164
22507,0.034688946
22508,0.30404428
22509,-0.22816505
22510,0.19819908
22511,-0.03698913
22512,0.06633998
22513,-0.52105826
22514,0.0324009
22515,0.011274677
22516,0.25226104
22517,0.0667708
22518,0.43998414
22519,0.49640292
22520,-0.49769115
22521,1.2717109
22522,-0.39185068
22523,-0.031054182
22524,-1.2114269
22525,-0.43701455
22526,-0.25104094
22527,0.036658674
22528,0.33257204
22529,-1.0402955
22530,1.2535492
22531,0.0028360412
22532,-0.28028297
22533,0.74207056
22534,-0.42675635
22535,0.30546597
22536,0.2856015
22537,0.44791493
22538,1.1425674
22539,0.090941735
22540,-0.5698631
22541,0.17134947
22542,0.36528018
22543,0.5457848
22544,0.32922795
22545,0.20162036
22546,-0.27558297
22547,-0.4290708
22548,-0.022266993
22549,0.010270167
22550,-0.21393482
22551,-0.14221165
22552,0.4587606
22553,-0.003990732
22554,0.8667687
22555,0.0020989396
22556,-0.57050216
22557,-1.1242406
22558,2.7042003
22559,-0.5371737
22560,0.6538663
22561,0.481977
22562,0.6141174
22563,0.34468946
22564,-0.29633975
22565,0.43796787
22566,0.70797896
22567,0.81487906
22568,0.13045716
22569,-0.5329644
22570,0.05639019
22571,-0.041307498
22572,-0.06553359
22573,-0.13364789
22574,-0.10451889
22575,1.4315046
22576,-0.44024387
22577,0.81111836
22578,-0.39579076
22579,-0.15218605
22580,-0.40397912
22581,-0.25573304
22582,1.0465231
22583,-0.5456288
22584,0.119403414
22585,0.64616644
22586,0.3524089
22587,-0.085284546
22588,0.06616543
22589,0.26146197
22590,0.27444234
22591,-0.20249404
22592,0.35653713
22593,-0.226104
22594,-0.04392985
22595,-0.54588026
22596,0.115567945
22597,-0.041431114
22598,0.36739498
22599,0.08017274
22600,-0.44126037
22601,0.016058486
22602,-0.10270336
22603,-0.059632126
22604,0.1990503
22605,0.70710087
22606,0.00058274483
22607,-0.6509095
22608,0.044749293
22609,0.42927667
22610,0.50052017
22611,0.003593057
22612,1.2857051
22613,-0.27941066
22614,-0.1749785
22615,-0.4888403
22616,0.18263388
22617,-0.044328958
22618,0.19092429
22619,0.23564248
22620,-0.8149655
22621,-0.24332292
22622,-0.004230271
22623,1.1760441
22624,-0.34050798
22625,0.04504891
22626,-0.12793036
22627,-0.59304744
22628,-0.14270635
22629,-0.31510445
22630,-0.4099778
22631,-0.35155597
22632,0.16166076
22633,0.4304034
22634,0.3583497
22635,0.22935092
22636,-0.048589762
22637,1.2056339
22638,0.09621235
22639,0.7424284
22640,-0.3395399
22641,0.101700164
22642,0.013183705
22643,-0.14613414
22644,1.3628807
22645,-0.94621086
22646,0.39880213
22647,-0.43168366
22648,2.2125905
22649,-0.047194436
22650,1.163284
22651,0.43884724
22652,-0.4284489
22653,0.17912984
22654,0.10334196
22655,-0.015633034
22656,0.3045796
22657,0.30795074
22658,-0.39412788
22659,0.9186203
22660,0.13412167
22661,0.21214004
22662,0.020055478
22663,0.048114218
22664,0.032682512
22665,-0.162712
22666,-0.005023723
22667,0.0052153952
22668,0.24817841
22669,0.35194755
22670,1.4211627
22671,-0.8730664
22672,0.048012093
22673,-0.21583205
22674,-0.041411117
22675,-0.20688704
22676,0.10357236
22677,0.30459124
22678,-0.39990646
22679,-0.63053495
22680,0.52838653
22681,0.08151091
22682,-0.3003059
22683,0.03672095
22684,0.23165038
22685,1.6335075
22686,-0.28013104
22687,-0.23697613
22688,-0.46325788
22689,0.03227251
22690,-0.4216439
22691,-0.47494328
22692,0.25388122
22693,-0.4606813
22694,0.14070375
22695,0.15738416
22696,-0.85531217
22697,-0.1893557
22698,0.5919692
22699,-0.7946311
22700,0.566518
22701,0.49033138
22702,0.4514183
22703,-0.24941422
22704,-0.2086372
22705,-0.12844117
22706,1.2954462
22707,0.10966189
22708,1.4043745
22709,0.33734024
22710,0.66780484
22711,1.081206
22712,-0.5570701
22713,-0.19639505
22714,0.20476648
22715,-0.33501253
22716,0.14410558
22717,1.1265737
22718,1.6182411
22719,0.2127094
22720,-0.49714187
22721,-0.8412129
22722,-0.20693716
22723,-0.16655836
22724,0.19977699
22725,0.59576684
22726,0.72812974
22727,0.018475067
22728,0.0065131676
22729,-0.47841462
22730,0.47241002
22731,0.38888663
22732,-0.5238892
22733,1.1504188
22734,0.16978505
22735,-0.35450965
22736,-0.24889268
22737,-0.35007447
22738,-0.38466406
22739,0.16539952
22740,0.8267159
22741,0.022031061
22742,0.12601879
22743,0.51038325
22744,0.55236524
22745,0.27594194
22746,0.47187507
22747,-0.57551694
22748,0.14583279
22749,-0.25819355
22750,0.89601845
22751,-1.9240106
22752,0.05879644
22753,-0.21997832
22754,1.2533041
22755,0.5084812
22756,-0.9057134
22757,0.3379639
22758,0.46711802
22759,0.038998112
22760,-0.27532685
22761,0.23258555
22762,-0.5005981
22763,0.82464856
22764,-0.057948314
22765,-0.25661784
22766,1.4610897
22767,0.30357838
22768,0.07548619
22769,-0.43350002
22770,-0.4599994
22771,0.98575574
22772,0.25349978
22773,0.55531067
22774,0.05965919
22775,0.9100299
22776,0.031865712
22777,-0.15168771
22778,0.19169205
22779,0.8472475
22780,0.07482127
22781,-0.5180727
22782,-0.40644646
22783,-0.3765969
22784,0.5886063
22785,0.3911435
22786,-0.48016363
22787,0.8931271
22788,1.2400646
22789,-0.15030502
22790,1.0783536
22791,-0.22409342
22792,-0.117094874
22793,-0.057961863
22794,0.033375256
22795,-1.0706052
22796,0.39949137
22797,-0.082551785
22798,-0.108854696
22799,0.2228133
22800,0.19788237
22801,-0.09721973
22802,0.50252813
22803,0.47637263
22804,-0.4267003
22805,0.22021237
22806,-0.10216408
22807,0.19534633
22808,0.22040257
22809,0.240143
22810,0.18476848
22811,0.08423598
22812,0.16091105
22813,0.38696808
22814,-0.05050534
22815,-0.6890656
22816,-0.14856781
22817,0.3430392
22818,0.11508586
22819,-0.014421829
22820,0.3104422
22821,0.5121716
22822,-0.06112424
22823,-0.23271333
22824,0.23497118
22825,-0.56361777
22826,0.42485818
22827,7.6020806e-05
22828,1.9992753
22829,0.04297533
22830,-0.047650803
22831,0.17834812
22832,0.44296122
22833,-0.15664665
22834,-0.060365934
22835,0.03061128
22836,0.21897009
22837,0.34775338
22838,0.026010368
22839,0.22715943
22840,-0.39895448
22841,-0.7505773
22842,0.19824934
22843,0.5031289
22844,1.0036616
22845,0.14516951
22846,0.38118732
22847,-0.19904298
22848,1.3810254
22849,0.2614089
22850,-0.011384907
22851,0.1790222
22852,-0.22216088
22853,2.0068414
22854,0.017163977
22855,0.11382123
22856,0.7468916
22857,0.26783118
22858,0.4488613
22859,0.13852076
22860,0.006396752
22861,0.07490066
22862,-0.657859
22863,-0.03362168
22864,0.60954887
22865,0.2451517
22866,0.21227019
22867,-0.04585466
22868,-1.381731
22869,0.26313576
22870,-0.58030903
22871,1.5075096
22872,0.22686768
22873,0.012140704
22874,-0.2844857
22875,-0.479166
22876,0.09016159
22877,-0.27731755
22878,-1.0847299
22879,-0.42215773
22880,0.01352246
22881,0.43305308
22882,-0.12681614
22883,-0.22020143
22884,0.18481235
22885,2.4139197
22886,0.61581826
22887,0.14263022
22888,0.24832973
22889,0.65172315
22890,0.13851914
22891,0.51706403
22892,-0.6258994
22893,-0.31949177
22894,0.23418957
22895,-0.20946194
22896,0.11035659
22897,-0.7859859
22898,-0.19738732
22899,0.41618603
22900,0.11726212
22901,-0.3633983
22902,-0.020109927
22903,2.3210313
22904,0.5232035
22905,-0.068303876
22906,1.4070808
22907,-0.45692536
22908,-0.218384
22909,0.29284894
22910,0.560976
22911,-0.18535754
22912,-0.5321512
22913,-0.5065318
22914,-0.114954524
22915,-0.016907789
22916,-0.5593665
22917,-0.0871569
22918,2.2786608
22919,-0.3775115
22920,-0.2038905
22921,-0.07239536
22922,-0.002736682
22923,0.4199246
22924,-0.12823145
22925,-0.4369159
22926,0.7740124
22927,0.53756416
22928,-0.08406012
22929,-0.059582643
22930,-0.054231256
22931,-0.11168912
22932,0.44458017
22933,0.9230484
22934,-0.35683262
22935,0.15063038
22936,0.1619923
22937,-0.08176174
22938,0.49857423
22939,0.101800546
22940,0.035445996
22941,0.20186059
22942,0.29734248
22943,-0.11709254
22944,0.16750419
22945,-0.29922402
22946,-0.19873247
22947,-0.11065159
22948,0.01455218
22949,-0.27335757
22950,-0.18660663
22951,-0.31343615
22952,0.5580206
22953,-0.33304337
22954,-0.45515442
22955,-0.62175816
22956,0.5042696
22957,-1.1649375
22958,0.47548702
22959,0.2803006
22960,-0.13244121
22961,0.07427198
22962,-0.044929866
22963,0.048511434
22964,0.87196696
22965,0.32777733
22966,-0.4345622
22967,-0.28645974
22968,1.5266076
22969,0.12151595
22970,0.17120549
22971,-0.019394044
22972,-1.1407182
22973,-0.27104947
22974,1.6109506
22975,-1.2293944
22976,-0.27471557
22977,-0.09630002
22978,0.57563734
22979,-0.5467403
22980,-0.32460812
22981,0.116796486
22982,0.016968274
22983,0.47037327
22984,-0.16436882
22985,0.50857246
22986,-0.16345498
22987,-0.6413271
22988,-0.34614566
22989,-0.6010656
22990,-0.4209317
22991,-0.21436797
22992,-0.4414971
22993,-0.099057294
22994,-0.22982545
22995,-0.56742215
22996,0.24587522
22997,0.32207403
22998,-0.24388759
22999,0.26594776
23000,-0.6855737
23001,0.47588715
23002,0.34772554
23003,0.37081084
23004,-0.010313842
23005,1.0884093
23006,-0.2232792
23007,-0.2931548
23008,0.07910044
23009,-0.29745504
23010,0.12471827
23011,-0.5542634
23012,0.39704567
23013,0.1916363
23014,-0.018991724
23015,0.20062026
23016,0.09151065
23017,0.123241834
23018,-0.2329656
23019,0.44086245
23020,0.70755434
23021,-0.13482587
23022,0.33129665
23023,-0.33415926
23024,-0.5506551
23025,-0.8195597
23026,-0.22337319
23027,-0.07091687
23028,-0.10418419
23029,0.10370997
23030,1.2063434
23031,0.5846059
23032,-0.4417882
23033,0.010826221
23034,0.028204134
23035,0.22199883
23036,-0.113922395
23037,0.9285297
23038,-0.12785779
23039,-0.06452199
23040,0.23910071
23041,0.15072812
23042,1.5747538
23043,-0.27908787
23044,-0.15799864
23045,0.18575326
23046,0.27590543
23047,0.052009173
23048,1.0674651
23049,0.67427325
23050,-0.7287069
23051,0.5014358
23052,0.8003921
23053,1.105279
23054,-0.5073193
23055,-0.35399163
23056,-0.5994899
23057,0.028509254
23058,-0.27048513
23059,-0.20827243
23060,-0.9001171
23061,0.4693921
23062,-0.123104095
23063,0.12945029
23064,-0.52557355
23065,0.07796293
23066,-0.057891753
23067,-0.3009519
23068,-0.49509865
23069,-0.12834978
23070,-0.22388367
23071,-0.2938912
23072,-0.31500152
23073,-0.041691706
23074,0.15879564
23075,1.1953661
23076,-0.20903596
23077,0.10430625
23078,1.7818455
23079,0.028082125
23080,0.87539244
23081,-0.03594943
23082,0.2765669
23083,-0.42225236
23084,0.14287879
23085,2.4317718
23086,-0.13882576
23087,-0.41438228
23088,0.6802631
23089,-0.31893507
23090,-0.08902995
23091,0.5523626
23092,0.3112219
23093,-0.124358915
23094,0.2525958
23095,0.21654394
23096,0.35811138
23097,-0.40098262
23098,-0.15416378
23099,0.4996151
23100,-0.2162255
23101,0.21700911
23102,-0.06004979
23103,-0.5944707
23104,-0.078883745
23105,0.91764796
23106,-0.28571594
23107,0.572942
23108,0.25716445
23109,0.27977878
23110,0.7147554
23111,-0.14118011
23112,-0.13003983
23113,0.5248507
23114,-0.120194346
23115,-1.0354905
23116,0.31782368
23117,0.90411395
23118,0.10737112
23119,0.15361594
23120,0.11845437
23121,0.7484937
23122,0.04578987
23123,0.2510094
23124,0.16410518
23125,0.12148417
23126,2.7327049
23127,0.049581133
23128,-0.23085283
23129,-0.18021597
23130,0.3095055
23131,-0.60582554
23132,-0.15075351
23133,-0.12754524
23134,-0.15575863
23135,-0.4372558
23136,0.14381975
23137,-0.30148095
23138,-0.10851763
23139,0.59374577
23140,-0.8891872
23141,0.21374764
23142,0.23497109
23143,0.5823382
23144,-1.1863214
23145,0.4708627
23146,0.32442686
23147,-0.006808758
23148,-0.27570543
23149,-0.21304819
23150,0.27358106
23151,-0.29622304
23152,-0.14502129
23153,-0.5152099
23154,0.3556926
23155,0.05652724
23156,-0.21715695
23157,-0.21714151
23158,0.5088838
23159,0.044110574
23160,0.011328468
23161,0.9192366
23162,1.2798511
23163,0.19214202
23164,0.07151142
23165,-0.011276499
23166,0.015135478
23167,-0.9186718
23168,0.12566766
23169,0.3595595
23170,-1.2086797
23171,0.6460851
23172,0.15361162
23173,0.74732554
23174,-0.31693
23175,-0.029413339
23176,0.9186832
23177,0.0057796407
23178,-0.09188028
23179,-0.37322956
23180,0.30922666
23181,-0.29459208
23182,0.04939035
23183,-0.1844065
23184,0.2012123
23185,-0.22108117
23186,-0.4683921
23187,-0.3692684
23188,0.23252453
23189,2.4157069
23190,0.6454631
23191,-0.8372719
23192,-0.058009032
23193,-0.02280836
23194,-0.54086876
23195,-0.12294375
23196,0.7241387
23197,0.60606235
23198,-0.18949698
23199,0.9389429
23200,-0.28444383
23201,-0.16034271
23202,0.08174829
23203,-0.3034331
23204,0.039044414
23205,-0.007946024
23206,-0.36620668
23207,0.42765146
23208,0.029572167
23209,0.040433314
23210,-0.23914304
23211,-0.2633258
23212,0.11342027
23213,-0.4670457
23214,0.6440761
23215,0.05967974
23216,-0.09775871
23217,-0.4109119
23218,-0.45004827
23219,0.8474049
23220,2.0167654
23221,-0.15685748
23222,0.76685566
23223,0.14649333
23224,-0.041053765
23225,-0.70505345
23226,1.7744989
23227,-0.0025396168
23228,-0.33842385
23229,0.017292768
23230,-0.62357914
23231,-0.51730984
23232,-0.16799045
23233,-0.14718026
23234,0.049271982
23235,-0.20116003
23236,-0.25364745
23237,-0.72393274
23238,-0.3193758
23239,-0.08196013
23240,0.59596646
23241,-0.85553545
23242,0.70247835
23243,0.23437268
23244,-0.71784097
23245,-0.05192808
23246,0.15679142
23247,-0.8490398
23248,0.19659506
23249,0.052199386
23250,-0.24271332
23251,-0.37733316
23252,0.15999354
23253,-0.2558408
23254,0.21300656
23255,0.053714473
23256,0.6137994
23257,-0.49728134
23258,0.15735003
23259,0.26962587
23260,-0.3820176
23261,0.20136574
23262,-0.29150796
23263,-0.3187847
23264,-0.045401514
23265,0.027395152
23266,-0.1701054
23267,0.24772012
23268,-0.25377846
23269,0.121570624
23270,0.02282939
23271,-1.1126505
23272,-0.312829
23273,0.043013234
23274,-0.6888773
23275,0.66133904
23276,0.064358644
23277,-0.6790253
23278,-1.3470153
23279,-0.11999013
23280,-0.110093355
23281,0.3524456
23282,-0.68538064
23283,-0.42533717
23284,-0.32215208
23285,0.18553814
23286,-0.4594036
23287,0.36332503
23288,0.22438362
23289,0.47630936
23290,0.13104561
23291,0.08160335
23292,0.23151745
23293,-0.46272114
23294,-0.15500154
23295,-0.2043524
23296,-0.055229325
23297,0.3819018
23298,-0.23862337
23299,0.08466029
23300,-0.360159
23301,0.33890435
23302,0.18336682
23303,-0.14969939
23304,0.18203706
23305,-0.4862396
23306,-0.42845228
23307,-0.14314388
23308,-0.16047251
23309,0.17241412
23310,0.39539805
23311,0.13744026
23312,-0.021487575
23313,0.5492355
23314,0.40471518
23315,-1.1493319
23316,-0.26070303
23317,0.18299466
23318,0.14862444
23319,0.3447298
23320,0.3260008
23321,-0.33293462
23322,1.5127276
23323,0.08749856
23324,1.5912993
23325,0.057301287
23326,-0.29423285
23327,0.021371126
23328,0.12675099
23329,0.21250568
23330,-0.57505363
23331,-0.23005779
23332,0.31159836
23333,0.71183354
23334,-0.07069311
23335,-0.4029586
23336,-0.45156285
23337,0.07962012
23338,1.6291466
23339,-0.13480598
23340,0.9133988
23341,-0.4670758
23342,-0.025612144
23343,0.74847806
23344,0.07551689
23345,0.21338962
23346,-0.31302553
23347,0.07443372
23348,0.57540596
23349,0.008803247
23350,-0.4075599
23351,0.34687167
23352,0.91799706
23353,-0.07763778
23354,0.5562144
23355,0.66467524
23356,0.18976279
23357,-0.65906256
23358,1.0316718
23359,1.026628
23360,0.7049332
23361,0.37474436
23362,-0.42131215
23363,0.069635384
23364,-1.5344577
23365,-0.60942763
23366,-0.11440348
23367,0.48852268
23368,1.626169
23369,1.0926756
23370,-0.11384597
23371,0.24195512
23372,-0.29091272
23373,1.0449661
23374,0.82365906
23375,-0.37326482
23376,-0.038909413
23377,-0.8214994
23378,0.87380016
23379,-0.045691047
23380,-0.31163403
23381,0.56030315
23382,0.39268064
23383,0.7177803
23384,0.3006393
23385,-0.08725092
23386,-0.16276874
23387,0.3628663
23388,1.0427917
23389,0.1105952
23390,0.20308314
23391,-0.8469174
23392,-0.21890703
23393,0.15203533
23394,1.05572
23395,0.63883007
23396,0.23906502
23397,0.07850435
23398,0.3770308
23399,1.3990743
23400,0.19466282
23401,-0.13279444
23402,0.076114334
23403,-0.14297944
23404,0.946089
23405,-0.09027549
23406,0.5677079
23407,-0.58994806
23408,0.16666615
23409,-0.21655835
23410,0.10876681
23411,-0.038679104
23412,-0.291711
23413,0.14662457
23414,-0.22714317
23415,0.39448172
23416,0.13752718
23417,0.20102179
23418,-0.17373157
23419,0.22709253
23420,0.16184253
23421,-0.10342286
23422,-0.044282533
23423,-0.28542325
23424,-0.90618134
23425,-0.38337913
23426,0.17566748
23427,-0.4149239
23428,0.39505094
23429,0.0776241
23430,-0.042774133
23431,1.5414271
23432,1.2067815
23433,-0.50512904
23434,-0.064260796
23435,0.03484988
23436,0.52425677
23437,0.28954068
23438,0.45227343
23439,-1.1515875
23440,0.2481899
23441,0.71342057
23442,-0.31934267
23443,0.81065303
23444,0.2655663
23445,-0.19879054
23446,-0.035306826
23447,-0.19722243
23448,-0.3056275
23449,-0.738152
23450,-0.21436003
23451,0.81354517
23452,-0.09516608
23453,0.25072667
23454,1.6374365
23455,0.3668495
23456,-0.036270823
23457,1.5442982
23458,0.10850264
23459,-0.05594953
23460,0.22414333
23461,0.29225272
23462,1.1401085
23463,0.5487374
23464,0.44698945
23465,-0.07451843
23466,-0.689165
23467,0.3300131
23468,-0.23180598
23469,-0.25241575
23470,-0.705239
23471,-1.1333427
23472,0.43523747
23473,0.49371845
23474,-0.28205186
23475,-0.54714584
23476,0.2738708
23477,0.11181207
23478,0.34174916
23479,0.11002083
23480,0.11424887
23481,-0.39925027
23482,-0.61977106
23483,0.0025847347
23484,1.3105994
23485,-0.16363572
23486,0.26495302
23487,0.5633803
23488,-0.32374364
23489,-0.17289478
23490,0.23447269
23491,0.00845768
23492,-0.49293998
23493,-0.19465798
23494,0.2684123
23495,0.40554258
23496,-0.3198284
23497,-0.15159036
23498,0.8624952
23499,0.5135577
23500,-0.45246804
23501,0.0042535337
23502,-0.2609053
23503,0.082381114
23504,0.26033762
23505,0.90810543
23506,0.16702327
23507,0.28157046
23508,-0.109554954
23509,0.5260047
23510,-0.049128912
23511,0.045995817
23512,0.21792477
23513,1.4002682
23514,0.14826132
23515,1.68292
23516,-0.2817674
23517,-0.900444
23518,0.22363585
23519,-0.29647222
23520,0.09384198
23521,0.49057442
23522,0.07315343
23523,-0.16013618
23524,0.12903559
23525,1.5605502
23526,-0.43600637
23527,0.17991617
23528,-0.22369482
23529,0.91203725
23530,0.06963732
23531,0.58741575
23532,0.03985137
23533,-0.18156841
23534,-0.16625725
23535,0.19342789
23536,0.8455478
23537,-0.271364
23538,-0.11152539
23539,1.0638711
23540,-0.8662564
23541,0.25945434
23542,-0.43343836
23543,0.8721293
23544,0.38072434
23545,-0.070696585
23546,0.28473404
23547,-0.94487983
23548,-0.26322126
23549,-0.31413987
23550,-0.35136825
23551,0.86422473
23552,-0.912274
23553,0.0061442163
23554,-0.36661956
23555,-0.018599227
23556,1.2044722
23557,-0.83064234
23558,0.56267154
23559,-0.41628048
23560,-0.30896518
23561,-0.13726042
23562,-0.08333635
23563,0.15549009
23564,-0.3327057
23565,0.70169765
23566,-0.07103319
23567,-0.39914685
23568,-0.2139297
23569,0.76751655
23570,-0.054628395
23571,0.07551552
23572,-0.019777905
23573,0.39035195
23574,0.0037704578
23575,0.66481686
23576,0.13633226
23577,0.721428
23578,-0.03115671
23579,-0.12715709
23580,1.0523775
23581,-0.415503
23582,0.21313386
23583,1.5958487
23584,0.79457676
23585,-0.14471999
23586,-0.123711675
23587,0.3016179
23588,0.8269317
23589,-0.42072883
23590,-0.23973918
23591,-0.34930775
23592,-0.2649338
23593,-0.047572676
23594,0.12352575
23595,-0.00539923
23596,1.1102014
23597,-0.91675
23598,0.47871256
23599,0.110694595
23600,-0.36068687
23601,-0.17749976
23602,0.47127342
23603,-1.1354172
23604,0.5406586
23605,0.29215106
23606,-0.35150707
23607,0.009556553
23608,-0.04943908
23609,0.42227405
23610,-0.2415111
23611,0.5478253
23612,-0.003931134
23613,0.10207604
23614,0.5941483
23615,0.24770713
23616,0.7630585
23617,-0.17125589
23618,0.12405418
23619,0.15526882
23620,0.023340886
23621,-0.27325806
23622,-0.2628875
23623,-0.63797903
23624,-0.18223692
23625,-0.023615098
23626,-0.63800013
23627,0.26283866
23628,0.7947497
23629,0.041478712
23630,0.3522228
23631,-0.18602291
23632,0.13547225
23633,-0.26443207
23634,0.06437064
23635,-0.1228506
23636,1.4025822
23637,0.15101475
23638,-0.009292294
23639,0.34979293
23640,-0.06395356
23641,-0.35820112
23642,-0.009519877
23643,1.1432259
23644,0.07571731
23645,0.29046553
23646,-0.05932258
23647,-0.12081887
23648,0.12906842
23649,0.1727159
23650,0.3925354
23651,0.07249072
23652,0.0057471558
23653,-0.31470367
23654,-0.24517281
23655,0.2220034
23656,0.2021454
23657,0.42109942
23658,0.44789797
23659,0.041993383
23660,1.7864981
23661,1.8764527
23662,-0.5508931
23663,-0.241425
23664,-0.14986688
23665,-0.33630955
23666,0.14809823
23667,1.2759299
23668,-0.38257572
23669,0.1033463
23670,0.1192056
23671,-0.10761157
23672,0.14611995
23673,0.23064183
23674,-0.2543913
23675,-0.09379585
23676,-0.24945796
23677,-0.028522544
23678,0.39534461
23679,0.5467405
23680,-0.6929352
23681,-0.1419901
23682,-0.63430816
23683,0.049652085
23684,0.10196938
23685,-0.10896888
23686,0.2796838
23687,0.9598695
23688,1.3746885
23689,-0.034586355
23690,-0.0026950198
23691,-0.03246495
23692,2.7414308
23693,0.116959244
23694,0.6068393
23695,-0.9067699
23696,0.4570019
23697,0.3991669
23698,-0.2261457
23699,-0.06941769
23700,0.10914214
23701,0.2278453
23702,-0.18342566
23703,-0.1670146
23704,0.05320521
23705,-0.28800365
23706,-0.2074507
23707,-0.26069292
23708,-0.1092889
23709,0.5748109
23710,-1.2393992
23711,-0.056760617
23712,0.023524048
23713,1.3781874
23714,-0.21094446
23715,-0.38488162
23716,-1.5368152
23717,-0.59645224
23718,0.52044034
23719,0.72840524
23720,0.432386
23721,-0.20488498
23722,-0.027794275
23723,0.31666437
23724,-0.020819701
23725,0.33270425
23726,-0.20741759
23727,-0.09420031
23728,0.28048357
23729,0.33247426
23730,0.18615583
23731,-0.73407555
23732,0.47969893
23733,0.07947305
23734,-0.21907374
23735,-0.33326453
23736,-0.07689829
23737,-0.24511372
23738,-0.13605139
23739,-0.26840907
23740,0.1451475
23741,0.5995477
23742,-0.16886164
23743,-0.0149924215
23744,-0.13056277
23745,-0.010387034
23746,0.09827406
23747,1.1347222
23748,0.120179124
23749,0.1453828
23750,0.22519213
23751,0.0036476862
23752,0.13178785
23753,-0.05113779
23754,-0.10397606
23755,0.07744158
23756,-0.79794383
23757,0.035495065
23758,-0.45787546
23759,0.043429293
23760,-0.761107
23761,-0.14403109
23762,0.015284338
23763,0.9959508
23764,1.87461
23765,-0.20185037
23766,-0.21455772
23767,-0.6906269
23768,0.39547548
23769,-0.3100537
23770,0.33920327
23771,0.4387014
23772,-0.34917402
23773,0.045976035
23774,0.39549652
23775,1.0618627
23776,0.40750563
23777,-0.01053107
23778,-0.04877644
23779,-0.6827444
23780,-0.16019276
23781,-0.07444378
23782,1.046235
23783,-0.3751274
23784,0.17855762
23785,0.4794927
23786,-0.49034917
23787,2.1242242
23788,-0.4080622
23789,0.5991735
23790,1.0411805
23791,0.13576867
23792,0.113542885
23793,-0.24760857
23794,-0.1846282
23795,0.26704255
23796,-0.010380717
23797,1.4735447
23798,1.5864742
23799,0.6303423
23800,-0.16609854
23801,-0.3698666
23802,-0.81925076
23803,0.5749116
23804,0.5683405
23805,0.2779434
23806,-0.13844475
23807,0.088982016
23808,1.1167908
23809,0.11647964
23810,-0.5745791
23811,-0.20491233
23812,0.02938448
23813,0.32390484
23814,0.8380658
23815,-0.34178668
23816,-0.40224832
23817,-0.41656688
23818,2.0067866
23819,-0.07141909
23820,1.1424607
23821,-0.35227156
23822,0.27778456
23823,-0.14954148
23824,-0.16713682
23825,1.2260224
23826,0.111193016
23827,0.012841253
23828,-0.16839413
23829,0.26998135
23830,0.2588801
23831,-0.18833163
23832,0.25245786
23833,1.0389946
23834,-0.24893618
23835,-0.044757873
23836,-0.0583653
23837,1.7691156
23838,1.4586337
23839,-0.13705209
23840,-0.10870402
23841,-0.83231777
23842,-0.8785808
23843,-0.44835427
23844,0.026048398
23845,0.42155176
23846,1.4249166
23847,0.06755693
23848,-0.30227482
23849,-0.43606743
23850,0.28346837
23851,-0.17315951
23852,0.25791958
23853,0.4190866
23854,-0.6127584
23855,-0.40707758
23856,-0.4950988
23857,0.09349956
23858,0.010673891
23859,-0.30148137
23860,-0.12704526
23861,1.6505839
23862,-0.03166627
23863,0.019550892
23864,0.3274359
23865,-0.020685151
23866,0.15642759
23867,0.6194448
23868,0.1661186
23869,0.2561309
23870,-0.1337245
23871,-0.39755723
23872,-0.2300847
23873,0.26400325
23874,-0.47352064
23875,-0.53150845
23876,0.39869753
23877,0.13154994
23878,-0.119022556
23879,1.0845646
23880,0.18177661
23881,-0.24692136
23882,0.32800636
23883,0.20722581
23884,-0.0120358355
23885,0.03771386
23886,0.7586648
23887,-0.80306345
23888,0.9150604
23889,-0.173577
23890,-1.5168511
23891,0.2677831
23892,-1.3651311
23893,-0.30714273
23894,-0.0032391886
23895,1.3927687
23896,-0.12606741
23897,1.6888598
23898,0.23689985
23899,0.15810937
23900,0.36075118
23901,-0.15118131
23902,0.21756098
23903,-0.19729547
23904,1.3626195
23905,-0.43104318
23906,0.3493118
23907,0.1886095
23908,-0.4121207
23909,0.06808896
23910,-0.08919502
23911,0.49500608
23912,-0.7413051
23913,-0.06662081
23914,-0.046870403
23915,-0.41504115
23916,0.3704571
23917,-0.20921926
23918,1.2497623
23919,-0.13712323
23920,-0.025183085
23921,0.26290283
23922,-0.05923329
23923,-0.09120609
23924,-0.54617494
23925,0.2752541
23926,0.94991356
23927,-0.19993219
23928,0.1543646
23929,-0.20266564
23930,0.16926953
23931,1.9155917
23932,-0.21068963
23933,-0.40834907
23934,0.3105283
23935,0.14415029
23936,0.1923574
23937,-0.39298347
23938,0.0649559
23939,0.90251535
23940,-0.43877357
23941,0.14549196
23942,-0.038738914
23943,0.086028315
23944,1.6688749
23945,0.097031385
23946,1.9298347
23947,0.66727555
23948,-0.94779396
23949,0.13040502
23950,-0.61833906
23951,-0.20780425
23952,0.17974935
23953,1.1616737
23954,-0.11172845
23955,0.8646381
23956,-0.18810333
23957,-0.23683728
23958,1.4436677
23959,0.0810537
23960,0.56529534
23961,0.32075226
23962,0.2913899
23963,-0.047408402
23964,-0.041621305
23965,-0.3646122
23966,0.05497308
23967,-0.5652352
23968,-0.01422761
23969,-0.07093324
23970,0.87434494
23971,-0.20135616
23972,-0.18541917
23973,0.98235834
23974,-0.193456
23975,0.040847544
23976,0.03600618
23977,1.7833875
23978,-0.07092182
23979,-0.19495854
23980,0.8487329
23981,0.10924608
23982,0.29801837
23983,1.9524847
23984,-0.5841717
23985,0.20522186
23986,-0.029094534
23987,-0.1636052
23988,0.26634905
23989,0.7958801
23990,0.11715753
23991,0.09803649
23992,-0.13273084
23993,0.6035525
23994,-0.1113021
23995,0.031616382
23996,0.87516016
23997,-0.82684916
23998,-0.000995408
23999,-0.50229925
24000,0.63316077
24001,0.47826463
24002,0.27742898
24003,-0.5749641
24004,0.13832922
24005,0.37712365
24006,-2.9134183
24007,-0.32213354
24008,-0.16253376
24009,-0.072038725
24010,0.22824824
24011,-0.36310872
24012,0.21306849
24013,-0.3806573
24014,-0.039962456
24015,-0.31580442
24016,0.62933815
24017,-0.40063143
24018,-0.051544696
24019,-0.62029094
24020,0.6579911
24021,1.5838773
24022,-0.44988927
24023,0.34353906
24024,0.03543769
24025,-0.11842893
24026,0.17713653
24027,0.1541078
24028,-0.24793604
24029,-0.30805978
24030,1.5178537
24031,-0.11682055
24032,0.00864103
24033,0.51133245
24034,-0.09580022
24035,1.1566188
24036,1.7742435
24037,0.11511307
24038,-0.02854313
24039,-0.2480968
24040,-0.1009947
24041,0.21709988
24042,0.006485282
24043,0.21562836
24044,-0.5331691
24045,0.11433863
24046,-0.45885652
24047,0.24904336
24048,-0.2654732
24049,-0.17805597
24050,0.6817782
24051,0.73793906
24052,0.22940171
24053,0.24670072
24054,-0.35327712
24055,1.4797326
24056,0.24865718
24057,-0.39911562
24058,-1.2563776
24059,-0.50526047
24060,0.03679405
24061,0.20530155
24062,1.0999631
24063,0.87314683
24064,-0.12719123
24065,-0.19186924
24066,1.3253585
24067,-0.14909622
24068,0.07253481
24069,0.4291077
24070,-0.22707334
24071,-0.15154336
24072,1.049635
24073,0.15256825
24074,-0.17895158
24075,-0.14069542
24076,0.25817266
24077,1.1314987
24078,0.45279086
24079,-0.3223141
24080,0.31065404
24081,-0.30327293
24082,0.12675746
24083,0.8676469
24084,0.13531338
24085,0.18359216
24086,1.8836282
24087,0.1519334
24088,-0.012780498
24089,0.07326042
24090,-0.25199243
24091,0.7361534
24092,-0.025380496
24093,-0.037740275
24094,1.4223118
24095,0.66787314
24096,-0.39639714
24097,-0.031601977
24098,-0.28600225
24099,-0.9021901
24100,-0.07333004
24101,0.11539291
24102,-0.6223328
24103,0.40425798
24104,-0.11592219
24105,1.4876754
24106,0.6919201
24107,0.3246305
24108,0.9118865
24109,0.12378769
24110,0.04557349
24111,0.2664262
24112,-0.1617795
24113,-0.056464
24114,-0.21710989
24115,0.044792727
24116,0.46478826
24117,-0.5038711
24118,0.8756024
24119,0.6454022
24120,0.16251776
24121,0.69969654
24122,-0.1993006
24123,-0.4676253
24124,0.4030113
24125,0.1883479
24126,0.02747657
24127,0.1364709
24128,-0.14575343
24129,-0.41339913
24130,0.19128203
24131,-0.67891294
24132,0.27146786
24133,-0.14083453
24134,0.35717747
24135,0.08661607
24136,0.043424923
24137,-0.35993335
24138,-0.092348956
24139,-0.13651179
24140,0.3428747
24141,-0.09107446
24142,-0.79421175
24143,-0.50907457
24144,-0.08755576
24145,-0.57128936
24146,-0.3088467
24147,-0.07930677
24148,0.7440332
24149,-0.0029061553
24150,1.2140217
24151,-0.19893262
24152,0.58067846
24153,1.2555923
24154,-0.05631955
24155,-0.3599353
24156,0.17208518
24157,0.6078533
24158,0.17495073
24159,-0.1567321
24160,-0.182718
24161,0.113997236
24162,-0.13886707
24163,1.1390388
24164,0.19238946
24165,-0.35988092
24166,-0.20385681
24167,-0.05385682
24168,1.0684279
24169,0.15559363
24170,0.02080301
24171,0.08709395
24172,-0.6778602
24173,0.17396
24174,-0.15940392
24175,0.33699045
24176,-0.14590284
24177,-0.111901395
24178,0.21655057
24179,-0.3948671
24180,-0.2381949
24181,0.01706506
24182,0.015727501
24183,0.62966037
24184,0.25592718
24185,-0.40155086
24186,0.13693164
24187,0.106895514
24188,0.5037301
24189,-0.5100787
24190,1.5589645
24191,-0.16192436
24192,-0.31806257
24193,-0.13634571
24194,0.58335614
24195,-0.12395014
24196,-0.17433722
24197,-0.7727346
24198,1.1125765
24199,-0.07550187
24200,0.25892404
24201,0.0968144
24202,-0.13812022
24203,-0.15143114
24204,-0.016068947
24205,0.15384445
24206,0.24666888
24207,1.0145477
24208,0.19814727
24209,-1.2782224
24210,0.14625748
24211,0.03181273
24212,-0.019774258
24213,0.261058
24214,1.683808
24215,-0.5556477
24216,0.16260824
24217,0.26748678
24218,-0.5764049
24219,0.3045779
24220,-0.12647533
24221,-0.21272491
24222,0.6017383
24223,0.38598302
24224,0.104063824
24225,0.5171258
24226,0.057556655
24227,0.4565073
24228,-0.6089629
24229,0.38088834
24230,-0.6163992
24231,1.146632
24232,0.2989606
24233,-0.2998896
24234,0.2953453
24235,-0.621908
24236,-0.009163371
24237,-0.18084352
24238,0.6153802
24239,0.23042527
24240,-0.5610384
24241,-0.26400435
24242,1.5973084
24243,0.9754638
24244,0.27892798
24245,0.36065516
24246,-0.12721196
24247,-0.16569163
24248,0.43757552
24249,-0.48860115
24250,-0.13780457
24251,0.840291
24252,0.0946964
24253,1.7785555
24254,-0.44521695
24255,0.15087461
24256,-1.1365061
24257,-0.18569337
24258,0.08593379
24259,0.13378894
24260,-0.084206045
24261,-0.36731082
24262,-0.17125511
24263,1.5738331
24264,-0.10154054
24265,0.18130538
24266,-0.013535133
24267,-0.044576496
24268,1.4379696
24269,0.2290616
24270,-0.34191826
24271,-1.2304801
24272,1.1363835
24273,-0.053196948
24274,0.14356746
24275,-0.33573836
24276,0.30065325
24277,0.40863478
24278,-1.0591301
24279,0.16276868
24280,1.4398596
24281,0.78800946
24282,0.7576677
24283,0.6815778
24284,0.016184883
24285,0.557708
24286,-0.18184885
24287,-0.5638848
24288,0.86806047
24289,-0.05480114
24290,0.32818413
24291,0.28620368
24292,0.03730029
24293,0.08408312
24294,-0.030307027
24295,-0.41597214
24296,-0.2372214
24297,-0.39783219
24298,-1.4016919
24299,0.9258022
24300,0.26660952
24301,0.32918534
24302,-0.16347478
24303,1.338762
24304,-0.02415213
24305,0.2367521
24306,0.43731225
24307,0.24867359
24308,-0.63774216
24309,0.068648376
24310,0.18818808
24311,-0.48478207
24312,-0.005487585
24313,-0.036972255
24314,-0.18776232
24315,-0.3450315
24316,-0.18449189
24317,1.3507739
24318,-1.0631657
24319,0.4398554
24320,0.9931365
24321,-0.2005809
24322,0.04379435
24323,-0.31388378
24324,0.05396286
24325,-0.09290957
24326,-0.48110336
24327,-0.25717798
24328,0.023999816
24329,0.26201433
24330,-0.5836581
24331,-0.40680984
24332,0.21896507
24333,-0.55017716
24334,-0.071274295
24335,0.121723846
24336,0.0703638
24337,-1.4251585
24338,0.22801536
24339,0.6382491
24340,-0.20925842
24341,0.31694466
24342,0.6861975
24343,0.034210246
24344,-0.0047609583
24345,-0.03925031
24346,-0.102421016
24347,-1.2805943
24348,-0.09078825
24349,-0.75211084
24350,0.22943129
24351,-0.54491645
24352,-0.84632313
24353,-0.08538403
24354,-0.4108768
24355,1.030343
24356,0.76431835
24357,0.22022694
24358,-2.2505386
24359,0.76359904
24360,0.079222985
24361,-0.59014285
24362,0.084259175
24363,0.84155124
24364,0.33835936
24365,-0.075247474
24366,-0.46184492
24367,0.7187908
24368,-0.00180939
24369,-0.28999555
24370,-0.26721716
24371,0.6744875
24372,-0.07432864
24373,0.08053225
24374,0.112354524
24375,-0.40006816
24376,0.39346385
24377,-0.23800027
24378,0.15828171
24379,1.2227166
24380,-0.36331344
24381,0.09189716
24382,-0.046620373
24383,0.07381856
24384,-0.5237927
24385,0.3851068
24386,0.54492825
24387,0.056535333
24388,-0.14849702
24389,-0.054234345
24390,-0.25988993
24391,0.43613514
24392,0.8099649
24393,0.33515
24394,0.8363412
24395,-0.23439911
24396,-0.6354816
24397,-0.051094867
24398,-0.047039025
24399,-0.08628008
24400,0.97767216
24401,0.08671472
24402,0.62789625
24403,-0.10998462
24404,0.52658695
24405,-0.42096394
24406,-0.33296755
24407,-0.4534311
24408,-0.26295716
24409,-0.047993027
24410,-0.1421452
24411,-0.20426066
24412,0.049566973
24413,0.33553496
24414,-0.49067944
24415,-0.36454576
24416,0.8462699
24417,-0.49088693
24418,1.9230932
24419,-0.6616268
24420,0.77480084
24421,1.6697494
24422,-0.33493397
24423,0.38507986
24424,0.1114178
24425,-0.49760175
24426,0.44758785
24427,0.94404936
24428,-0.4575781
24429,0.2018272
24430,0.98218757
24431,-0.27374798
24432,0.6181787
24433,0.034111533
24434,0.11843734
24435,-0.12881696
24436,-0.18820767
24437,0.8002399
24438,0.067533344
24439,1.0441972
24440,-0.15617374
24441,0.16238055
24442,0.62690806
24443,-0.15004806
24444,-0.34260774
24445,0.07582711
24446,0.119647466
24447,-0.040970713
24448,0.41354203
24449,-0.48389363
24450,0.2428535
24451,0.39954513
24452,0.812846
24453,-0.16290371
24454,0.2135163
24455,0.12508263
24456,-0.72027797
24457,-0.14267525
24458,-0.5312868
24459,0.110798076
24460,0.25258735
24461,0.18779147
24462,-0.37255841
24463,0.056279548
24464,0.17263776
24465,0.3025192
24466,-0.2739577
24467,2.5909905
24468,2.243691
24469,0.7954332
24470,0.20780492
24471,-0.040894028
24472,0.7068217
24473,1.3835008
24474,0.39640814
24475,-0.13310169
24476,0.44387248
24477,0.8017456
24478,0.90227884
24479,0.36184612
24480,-0.13034517
24481,-0.0048560402
24482,0.20267065
24483,-0.058201
24484,0.054353975
24485,0.29239324
24486,0.85732996
24487,0.8145242
24488,-0.006163251
24489,0.7089785
24490,-0.6630058
24491,-0.11317571
24492,0.8428377
24493,0.08053579
24494,-0.11068352
24495,-0.6655462
24496,0.8833299
24497,-0.0033806604
24498,0.25068814
24499,-0.028492717
24500,0.05324353
24501,-0.15027846
24502,1.3978999
24503,-0.53773665
24504,0.11018722
24505,-0.7646744
24506,-0.23998857
24507,0.071033426
24508,-0.62306273
24509,-0.01208612
24510,0.14303312
24511,-1.005491
24512,0.6714536
24513,0.4729702
24514,0.12538157
24515,0.46100622
24516,1.1231935
24517,0.6869641
24518,2.2060444
24519,0.7364028
24520,0.63317525
24521,0.6538342
24522,0.09601105
24523,-0.528699
24524,-0.20016919
24525,-0.10538441
24526,0.78150225
24527,0.21691675
24528,-0.29995888
24529,0.5711444
24530,0.35727584
24531,-0.23502436
24532,0.05401594
24533,0.22222893
24534,0.52012813
24535,0.26930636
24536,1.0759845
24537,1.9479637
24538,-0.30148378
24539,-0.1074808
24540,0.05723558
24541,-0.4403238
24542,-0.63941604
24543,-0.18779977
24544,-0.37870705
24545,0.0990737
24546,0.68276244
24547,0.28274778
24548,-0.1872506
24549,-2.5788352
24550,0.7888733
24551,-0.68492305
24552,-0.8688429
24553,1.587166
24554,-0.013512994
24555,-0.6220709
24556,0.16069238
24557,0.48341122
24558,0.14888392
24559,0.4467796
24560,-0.324578
24561,2.2622705
24562,0.08486653
24563,-0.2941968
24564,0.8311059
24565,0.3344771
24566,0.039589666
24567,-0.14058091
24568,0.23615931
24569,0.096978344
24570,1.0977062
24571,0.20454447
24572,-0.32626337
24573,0.14441311
24574,-0.19741866
24575,0.08743747
24576,0.1265817
24577,-0.663828
24578,0.6917757
24579,0.12927257
24580,0.028483672
24581,1.3091595
24582,0.30061284
24583,0.28100023
24584,0.33454174
24585,-0.25905618
24586,0.9942445
24587,2.3458986
24588,0.01927633
24589,0.9349768
24590,-1.1575117
24591,-0.39035437
24592,0.6697193
24593,0.5093297
24594,0.35365528
24595,-0.18635571
24596,-0.9271737
24597,0.15313537
24598,-1.3091009
24599,-0.23882873
24600,-0.44951847
24601,-0.01374326
24602,-0.28391802
24603,0.029239558
24604,-0.14041741
24605,-0.13586912
24606,0.47200534
24607,-0.15926448
24608,0.2354539
24609,-0.2150311
24610,-0.015649278
24611,0.4202379
24612,0.8370052
24613,-0.29831284
24614,0.10700265
24615,0.28898185
24616,0.17569385
24617,-0.43351886
24618,-0.06387929
24619,0.19077471
24620,0.2029557
24621,-0.096318156
24622,0.50376266
24623,2.060341
24624,-0.387962
24625,-0.16608787
24626,1.3891302
24627,0.14098392
24628,-0.049610842
24629,1.661046
24630,-0.17839932
24631,0.16149612
24632,0.008477791
24633,-0.13366109
24634,1.4599938
24635,-1.3294982
24636,-0.2515113
24637,-0.39977765
24638,-0.0075692055
24639,-0.16671655
24640,0.8778384
24641,-0.08699247
24642,1.8098184
24643,0.38975126
24644,0.14269294
24645,-0.25202638
24646,0.6475991
24647,0.12834395
24648,0.22395018
24649,0.5307186
24650,-0.20324177
24651,-0.13802077
24652,0.1577628
24653,-0.36804104
24654,0.19350572
24655,-0.94118667
24656,0.7701545
24657,-0.24517263
24658,-0.27538276
24659,0.4951005
24660,-0.2860177
24661,0.056764543
24662,-0.39049792
24663,-0.46030295
24664,0.59380835
24665,0.35386106
24666,-0.36614895
24667,0.2576607
24668,-0.28989422
24669,0.04858982
24670,-0.0059843385
24671,0.55821216
24672,0.88969463
24673,-0.46813896
24674,-0.1346571
24675,0.11214925
24676,0.657504
24677,0.8298503
24678,0.09468247
24679,-0.23744269
24680,-0.41050938
24681,0.8732426
24682,0.2718174
24683,-0.5231384
24684,-0.11702807
24685,0.37806663
24686,0.26546782
24687,0.07073363
24688,-0.8315917
24689,1.5097116
24690,-0.7614336
24691,0.97173214
24692,0.20026137
24693,-0.119215965
24694,-0.039573472
24695,1.6239904
24696,-0.04890607
24697,0.24207461
24698,-0.043253716
24699,-0.24242885
24700,0.28814673
24701,0.1593787
24702,-0.8108922
24703,-0.59025216
24704,0.045120873
24705,-0.008330977
24706,0.73604745
24707,0.06962835
24708,0.014544793
24709,0.24447542
24710,-0.2754886
24711,0.19936907
24712,0.17807463
24713,-0.466054
24714,-0.44500393
24715,-0.45033792
24716,-0.13404743
24717,-0.12216371
24718,0.100733325
24719,0.40197554
24720,0.26488316
24721,-0.060671408
24722,-0.06457824
24723,-0.17907311
24724,0.5358017
24725,1.6314222
24726,1.5473422
24727,-0.2865434
24728,0.046953283
24729,-0.21488094
24730,0.69250876
24731,0.38621795
24732,0.11234326
24733,-0.19923544
24734,0.11202949
24735,-0.6983928
24736,0.61455905
24737,0.9718359
24738,1.417491
24739,0.04714323
24740,0.8369502
24741,0.16136484
24742,-0.012089939
24743,0.1002553
24744,1.2203064
24745,0.964368
24746,0.06458268
24747,0.5137201
24748,-0.2638114
24749,0.04686008
24750,-0.26984185
24751,0.21344404
24752,0.19461653
24753,0.16360144
24754,-0.31235713
24755,1.8893905
24756,0.4252506
24757,-0.03749735
24758,0.01135506
24759,-0.27300298
24760,-0.04859299
24761,0.14280732
24762,-0.12017959
24763,-0.053337395
24764,-0.047298893
24765,-0.58559704
24766,0.6682745
24767,0.015640551
24768,-0.1185816
24769,0.45465842
24770,-0.6258252
24771,0.6663196
24772,-0.2765042
24773,-0.06869923
24774,-0.28387728
24775,-0.1170269
24776,0.62243223
24777,0.22947605
24778,-0.1725131
24779,0.24569713
24780,0.3861898
24781,3.835964e-05
24782,0.1809817
24783,-0.13677402
24784,0.040320773
24785,0.15232697
24786,0.00036950494
24787,-0.20905703
24788,-1.5961279
24789,0.20879035
24790,-0.24667193
24791,0.19972806
24792,0.09087995
24793,-0.16078909
24794,-0.26056778
24795,0.16098058
24796,2.0234702
24797,-0.10955827
24798,-0.7170861
24799,0.0774543
24800,-0.050043784
24801,-0.4181938
24802,0.072737604
24803,0.24460603
24804,0.031652316
24805,0.5248467
24806,0.069686554
24807,-0.28441006
24808,-0.13519982
24809,-0.66595304
24810,-0.28201225
24811,0.36200798
24812,0.6210097
24813,-0.030558964
24814,-0.09735709
24815,0.001793584
24816,0.105423905
24817,-0.36581373
24818,0.008863905
24819,0.92087734
24820,1.1425024
24821,0.9199005
24822,-0.11039519
24823,-0.36402524
24824,-0.30954528
24825,-0.20415594
24826,-0.015478748
24827,2.2496414
24828,0.5530676
24829,1.4810338
24830,-0.19248325
24831,0.9999918
24832,1.0938854
24833,0.1598212
24834,-0.3776886
24835,0.04478216
24836,-0.41243201
24837,0.14619529
24838,-0.13458614
24839,0.9498374
24840,0.1398554
24841,0.10740159
24842,0.51246166
24843,-0.27064985
24844,0.15325229
24845,1.5687897
24846,-0.57064307
24847,-0.26715285
24848,0.11271832
24849,0.17831999
24850,0.4744468
24851,-0.13222949
24852,-0.07949737
24853,0.7007289
24854,-0.2864261
24855,-0.658168
24856,-0.0146303335
24857,-0.23607688
24858,0.20362829
24859,-0.3833921
24860,-0.7332254
24861,-0.40124118
24862,-0.18608192
24863,-0.31624463
24864,-0.15304969
24865,-1.473589
24866,-0.08863415
24867,-0.35987094
24868,-0.24077854
24869,-0.42218497
24870,-0.08107186
24871,1.0599555
24872,0.74048877
24873,-0.58387256
24874,0.6297542
24875,0.4136675
24876,0.08517992
24877,-0.51254004
24878,-0.047792044
24879,0.13516511
24880,1.6586525
24881,-0.56712043
24882,0.21467869
24883,0.4350029
24884,0.5457973
24885,-0.3393567
24886,0.30356932
24887,-0.031101825
24888,0.3579431
24889,0.5795316
24890,-0.05174291
24891,1.6665093
24892,-0.3695614
24893,-0.12540044
24894,-0.5271668
24895,-0.11942524
24896,-0.1839799
24897,-0.12910664
24898,1.2292719
24899,1.0303727
24900,-0.13412502
24901,0.51093054
24902,0.084427275
24903,-0.01719941
24904,-0.14428324
24905,1.6384395
24906,1.3247654
24907,0.072807394
24908,0.9955123
24909,-0.25998208
24910,-0.34498233
24911,0.47432065
24912,0.16131622
24913,0.06870117
24914,0.69946617
24915,-0.32289356
24916,0.30925614
24917,0.08382533
24918,-0.24560721
24919,1.1743544
24920,-0.6709496
24921,-0.6298972
24922,-0.15743242
24923,0.82175034
24924,0.20853546
24925,0.085672535
24926,0.1083268
24927,1.6577278
24928,-0.39307994
24929,-0.19412786
24930,0.18366492
24931,-0.15103994
24932,0.21029088
24933,0.00891029
24934,0.41308436
24935,-0.55556786
24936,0.17975236
24937,0.3541662
24938,1.6193925
24939,-0.032389715
24940,-0.1049596
24941,0.2835135
24942,0.15834339
24943,-0.060220677
24944,-0.5767036
24945,0.037306312
24946,0.7114941
24947,-0.19003291
24948,0.13247494
24949,-0.7234751
24950,0.18662418
24951,-0.1550107
24952,-0.1857968
24953,-1.4605743
24954,-0.2577534
24955,0.6498892
24956,0.082479574
24957,-1.1314054
24958,0.2117935
24959,-0.16078632
24960,-1.63254
24961,-0.27638376
24962,-0.10561485
24963,-0.15504201
24964,0.76555586
24965,0.25728628
24966,-0.030949263
24967,-0.5073951
24968,-0.26248235
24969,-0.007854743
24970,0.02877279
24971,0.0794148
24972,0.9560814
24973,-0.33819905
24974,-0.056535754
24975,0.5922589
24976,-0.22937497
24977,-0.62797445
24978,0.048837695
24979,-0.12521054
24980,0.013803799
24981,-0.03340548
24982,0.5929297
24983,-0.028719917
24984,0.08983262
24985,-0.58224344
24986,0.12170865
24987,0.09941748
24988,-0.29885995
24989,-1.7902448
24990,1.6365888
24991,1.0152416
24992,-0.011601587
24993,-0.21539688
24994,0.49156645
24995,-0.573366
24996,-0.26470712
24997,-0.7273147
24998,0.92487127
24999,-0.0054515437
25000,0.6566083
25001,-0.41590893
25002,0.021458056
25003,0.3985903
25004,0.37024787
25005,-0.1097768
25006,-0.10916884
25007,-0.3566656
25008,0.14884377
25009,-0.40600178
25010,-0.17524904
25011,0.6215134
25012,-0.1639748
25013,-0.13462985
25014,-0.34169143
25015,0.7928101
25016,-0.035192788
25017,-0.12596351
25018,0.18941204
25019,0.066326074
25020,-0.06835256
25021,0.74487334
25022,0.35675997
25023,-0.41834956
25024,-0.40517855
25025,-0.15868607
25026,-0.39570868
25027,-0.18791674
25028,1.9061424
25029,0.20608796
25030,-0.10609305
25031,0.34951615
25032,-0.028895536
25033,-0.11617653
25034,0.21339662
25035,0.15309523
25036,0.0033962445
25037,-0.18278623
25038,0.23854475
25039,0.3511217
25040,-0.059274133
25041,-0.26082104
25042,-0.01865453
25043,-0.54241085
25044,0.09243559
25045,0.12559377
25046,-0.7192709
25047,0.011144575
25048,-0.087012745
25049,-0.3102455
25050,0.34724206
25051,1.4880999
25052,-0.1941793
25053,-0.13317066
25054,-0.86530846
25055,-0.023174291
25056,-0.082505465
25057,2.7615755
25058,-0.23090942
25059,0.79766667
25060,0.320494
25061,0.08038651
25062,0.3740247
25063,0.3221367
25064,0.18742491
25065,0.0046280962
25066,0.8200747
25067,-0.39709798
25068,0.12704489
25069,-0.23993018
25070,0.08560947
25071,1.3157918
25072,2.127589
25073,-0.17959756
25074,0.103140235
25075,0.010675173
25076,0.3139176
25077,-0.22485012
25078,-0.03154559
25079,0.8428146
25080,0.34321523
25081,0.21350549
25082,-0.6240526
25083,-0.040270936
25084,-0.92014563
25085,-0.13627492
25086,0.28148255
25087,-0.18870892
25088,-0.12222404
25089,0.9070993
25090,0.07551246
25091,-0.44942465
25092,0.25996077
25093,-1.59786
25094,0.57566154
25095,-0.37876344
25096,-0.4453382
25097,0.2403313
25098,0.205794
25099,0.19779943
25100,-0.2525121
25101,-0.16699484
25102,-0.1289333
25103,0.41088158
25104,-0.18412246
25105,-1.1749797
25106,-0.26155618
25107,-0.02576245
25108,-0.009434287
25109,0.38168105
25110,0.212869
25111,-0.12846382
25112,-0.049241852
25113,0.08535574
25114,-0.21228068
25115,0.16293277
25116,0.36198813
25117,-0.19601116
25118,0.097926065
25119,-0.069165036
25120,-0.13812274
25121,0.61390954
25122,0.40107816
25123,-0.1410887
25124,-0.0050350074
25125,0.5950483
25126,-0.6415959
25127,-0.8578341
25128,0.14289893
25129,0.20293014
25130,0.7718235
25131,-0.038093958
25132,0.13842359
25133,0.021443937
25134,0.9689702
25135,0.32062885
25136,-0.2791812
25137,0.598958
25138,0.21773693
25139,-0.30610153
25140,0.4881657
25141,0.22132103
25142,0.15128253
25143,-0.12837383
25144,1.0271562
25145,-0.05609707
25146,-0.28132015
25147,-0.15056247
25148,-0.09692932
25149,0.642411
25150,-0.53392977
25151,0.433434
25152,2.3128867
25153,1.9844861
25154,-0.44663015
25155,0.10742929
25156,0.17030534
25157,0.1909546
25158,-0.029502159
25159,-0.026775636
25160,-0.33486614
25161,-0.00018141039
25162,-0.56677437
25163,-0.07230458
25164,0.8287321
25165,0.6322994
25166,-0.036673505
25167,0.5376443
25168,0.11001587
25169,0.7159938
25170,-0.78464836
25171,-0.23312186
25172,0.16672422
25173,0.38869676
25174,-0.45736837
25175,0.113401964
25176,-0.5563319
25177,0.11754508
25178,1.2506442
25179,0.14941902
25180,0.4809316
25181,-1.390509
25182,0.5266764
25183,-1.0385339
25184,0.003701691
25185,0.33357882
25186,0.0028963021
25187,-0.46266964
25188,0.6843965
25189,-0.24140109
25190,0.0037154832
25191,0.24805686
25192,-0.27629432
25193,-0.016525507
25194,-0.57830197
25195,0.03154605
25196,1.5916198
25197,-0.2601965
25198,0.76755446
25199,-0.6903624
25200,1.5960852
25201,-0.33736402
25202,-0.3786177
25203,0.5340943
25204,-0.9163077
25205,0.45198995
25206,-0.4001072
25207,-0.13070959
25208,0.12979671
25209,0.21684739
25210,-0.42100796
25211,0.36613244
25212,-0.20965235
25213,-0.3812937
25214,0.90782833
25215,0.9089678
25216,0.88045955
25217,0.16697118
25218,-0.27775067
25219,0.12682456
25220,0.08692181
25221,0.27777502
25222,-0.15191174
25223,-0.1846447
25224,1.2380314
25225,0.388168
25226,-0.4093418
25227,2.1681597
25228,0.3254458
25229,-0.21570063
25230,2.3529046
25231,-0.3097145
25232,0.1658611
25233,-0.11866883
25234,-0.18336153
25235,0.42361984
25236,0.37262368
25237,-0.10068072
25238,0.09658962
25239,-0.07813253
25240,-0.015134529
25241,-0.7159928
25242,-0.40891525
25243,-0.13972154
25244,0.21078968
25245,0.70135707
25246,-1.4684743
25247,0.13916369
25248,0.39102027
25249,0.47260478
25250,0.63648593
25251,0.05160208
25252,-0.15166478
25253,-0.22412021
25254,-1.3674929
25255,-0.7798612
25256,0.13647227
25257,0.095419586
25258,-0.08217683
25259,0.8127252
25260,-0.26859263
25261,1.6133112
25262,-0.45410845
25263,1.0697969
25264,0.29360914
25265,0.2770571
25266,1.7386392
25267,-0.13863444
25268,-0.9235226
25269,0.07567037
25270,-0.26181206
25271,-0.26247275
25272,-0.4251677
25273,-0.26667514
25274,0.32925418
25275,-0.22874045
25276,1.0405452
25277,0.06796842
25278,-0.00903809
25279,0.02410734
25280,0.109153
25281,0.0031146368
25282,1.3644446
25283,0.7020888
25284,0.05074841
25285,0.050384514
25286,0.19049354
25287,0.36966616
25288,-0.21332997
25289,0.1087231
25290,0.38644683
25291,0.42037275
25292,0.07853139
25293,-0.0114076
25294,-0.2165967
25295,0.0872094
25296,0.10735029
25297,-0.045189757
25298,0.16031562
25299,0.091164924
25300,-0.3801108
25301,-0.029909644
25302,0.402
25303,-0.31642997
25304,0.19978504
25305,0.92101634
25306,0.12538797
25307,0.11566631
25308,0.33297214
25309,-0.22593851
25310,0.30355284
25311,1.1747662
25312,-0.1574044
25313,0.5458352
25314,-0.1203907
25315,0.0002983695
25316,1.1154053
25317,-0.9234213
25318,-0.17889474
25319,-0.26613963
25320,-0.17853273
25321,0.2032465
25322,-0.48189777
25323,-0.19662109
25324,-0.85270506
25325,0.27254817
25326,-0.06309031
25327,0.36573595
25328,0.07058277
25329,0.2946232
25330,-0.48265362
25331,-0.47578287
25332,-0.09476345
25333,-1.0266768
25334,-0.2978302
25335,1.368895
25336,1.5761243
25337,-0.27224404
25338,-0.43134958
25339,0.31990805
25340,-0.62771934
25341,0.17679192
25342,0.171027
25343,0.08147239
25344,-0.13827045
25345,0.26268953
25346,-0.6089963
25347,-0.6594933
25348,-0.4354849
25349,-0.49600735
25350,-0.08198153
25351,-0.17529231
25352,1.2583969
25353,0.5301105
25354,0.98666865
25355,0.012653328
25356,0.25561443
25357,0.4599517
25358,-0.04761174
25359,0.18992348
25360,0.22652915
25361,-0.44152954
25362,0.57545614
25363,1.9011309
25364,0.017817995
25365,0.30796194
25366,-0.008303842
25367,0.18190353
25368,0.1642477
25369,1.1920049
25370,0.70487714
25371,-0.0351751
25372,-0.43280613
25373,-0.07363094
25374,-0.2387918
25375,-0.705595
25376,-0.17415342
25377,0.3102405
25378,0.41989434
25379,-0.29099154
25380,-0.033703625
25381,0.30805388
25382,0.27004433
25383,0.49174976
25384,0.054158702
25385,1.885862
25386,0.576721
25387,0.16537847
25388,0.04640269
25389,-0.09959001
25390,0.19514093
25391,0.19707644
25392,0.29383808
25393,-0.13659404
25394,0.24494319
25395,0.30170932
25396,0.055858176
25397,0.22103642
25398,-0.71354616
25399,-0.21832591
25400,-0.209937
25401,-0.08257351
25402,-0.42283627
25403,0.30537313
25404,0.08707047
25405,-0.99241203
25406,0.8667967
25407,-0.89601815
25408,-0.17537041
25409,1.4078406
25410,0.056294348
25411,-0.3061173
25412,0.658986
25413,-0.23916441
25414,1.1371863
25415,-0.39296082
25416,0.0836983
25417,0.16681331
25418,0.25783148
25419,-0.22757384
25420,-0.042039867
25421,0.035197858
25422,-0.064678706
25423,0.30202246
25424,-0.6588421
25425,0.5190712
25426,0.37750956
25427,2.5094147
25428,-0.046884105
25429,0.15242088
25430,-0.19054736
25431,-0.08601887
25432,0.21284105
25433,1.7983341
25434,-0.35344902
25435,-0.2992641
25436,0.72428316
25437,-0.3507057
25438,0.17088194
25439,0.010636356
25440,0.86449516
25441,-0.3126355
25442,0.30128485
25443,0.047291867
25444,-0.23794247
25445,1.1555336
25446,0.20559211
25447,0.32674757
25448,0.8486401
25449,-0.41311067
25450,-0.04707151
25451,0.37980396
25452,0.07239593
25453,-0.08129716
25454,-0.1588344
25455,0.56492674
25456,0.4257474
25457,0.084975585
25458,-0.22889522
25459,0.46538374
25460,0.08432481
25461,-0.084660985
25462,-0.33120632
25463,0.56898093
25464,-0.32341647
25465,0.42703015
25466,0.38832197
25467,0.7032787
25468,-0.41472587
25469,-0.30178082
25470,0.11730447
25471,-0.1052657
25472,-0.32738963
25473,0.15034626
25474,0.061243407
25475,-0.21820422
25476,-0.01055683
25477,0.1263064
25478,-0.2605999
25479,-0.12752646
25480,1.0391418
25481,-0.27712712
25482,-0.2659173
25483,0.086034454
25484,-0.46862948
25485,0.08286441
25486,-0.07842823
25487,-0.9698431
25488,0.122863725
25489,-0.17072299
25490,0.15132271
25491,0.9103628
25492,0.009930732
25493,0.055771925
25494,1.1571869
25495,0.12078612
25496,-0.4902924
25497,0.1527263
25498,0.69130784
25499,-0.3816642
25500,-0.5246182
25501,-0.6739972
25502,0.055616815
25503,0.06784125
25504,-0.17023934
25505,-0.07556159
25506,0.57682633
25507,-0.089044124
25508,-0.0015180403
25509,0.26477602
25510,0.3506446
25511,0.4569011
25512,-0.5339353
25513,1.4461917
25514,0.1348612
25515,0.28618005
25516,1.2569408
25517,0.19007309
25518,-0.5054201
25519,-0.21210319
25520,-0.35336235
25521,0.08449397
25522,0.40530232
25523,1.3992276
25524,-0.054125145
25525,0.07871188
25526,-0.13930579
25527,1.5230529
25528,1.6220927
25529,0.5102434
25530,0.1339924
25531,-0.15961143
25532,0.076120816
25533,1.6083452
25534,2.0850432
25535,1.0747136
25536,-0.28455237
25537,0.23480147
25538,0.64914334
25539,-0.09968424
25540,0.8995058
25541,-0.30235133
25542,1.8135515
25543,-0.38130152
25544,0.03906777
25545,0.19589114
25546,-0.3752532
25547,0.45318645
25548,-0.78940666
25549,0.55055356
25550,-0.24181408
25551,0.1803151
25552,-0.2748518
25553,-0.10543593
25554,0.55058557
25555,-0.15087107
25556,-0.7397098
25557,1.2831893
25558,0.88325673
25559,0.29572827
25560,-0.13440321
25561,0.26065707
25562,-0.37055892
25563,0.29987854
25564,-0.39650667
25565,-0.48033082
25566,-0.13714555
25567,0.4198357
25568,0.31048366
25569,0.21283603
25570,-0.25305787
25571,0.20169589
25572,0.17022568
25573,-0.28176153
25574,0.029611934
25575,-0.14460021
25576,0.35616562
25577,0.18030007
25578,-0.13719837
25579,-0.18631585
25580,0.29802552
25581,0.06574705
25582,1.6984059
25583,0.08455035
25584,0.12908831
25585,0.6565305
25586,0.08307237
25587,0.5526954
25588,1.3458916
25589,-0.6925589
25590,-0.5100365
25591,0.20678765
25592,-0.14270654
25593,-0.74983335
25594,-0.35557497
25595,-0.16475268
25596,1.4234052
25597,-1.1820751
25598,1.138895
25599,0.073606215
25600,-0.01398008
25601,-0.06663719
25602,0.87488693
25603,-0.2794137
25604,0.37259725
25605,-0.28803965
25606,0.12320541
25607,0.9209854
25608,-0.027671231
25609,0.85536087
25610,0.34216052
25611,-0.2667534
25612,-0.05019626
25613,0.2298844
25614,-0.33579203
25615,-0.06239696
25616,-0.3860591
25617,0.023881149
25618,1.3623801
25619,-1.327437
25620,0.053574685
25621,0.757124
25622,0.22740401
25623,-0.23059116
25624,0.3291631
25625,0.024175225
25626,-0.17521153
25627,0.36283195
25628,1.3783827
25629,-0.07475288
25630,0.67821324
25631,-0.37507275
25632,1.3766279
25633,-0.36364228
25634,0.01108609
25635,0.22628808
25636,-0.20349203
25637,0.36796424
25638,0.62390095
25639,-0.24657951
25640,0.19753699
25641,-0.46852356
25642,0.46235484
25643,-0.12735978
25644,-0.5087049
25645,0.4560023
25646,-0.11417171
25647,0.8926164
25648,0.26928216
25649,0.052594867
25650,1.4597223
25651,0.18247618
25652,-0.32689285
25653,0.21590751
25654,0.54449356
25655,0.26950756
25656,0.07920612
25657,0.88249785
25658,-0.7396446
25659,-0.15474172
25660,-0.17392723
25661,0.2211847
25662,0.25721094
25663,-0.11344525
25664,-0.13125166
25665,-0.17755751
25666,-0.48306623
25667,-0.086221024
25668,0.2555101
25669,0.12044257
25670,-0.04223964
25671,-0.1367666
25672,0.8199385
25673,0.14880002
25674,-0.094221994
25675,-0.10506846
25676,0.40225393
25677,-0.15855934
25678,-0.3676623
25679,-0.14770876
25680,-0.53801745
25681,0.06780437
25682,-0.13714528
25683,-1.4702258
25684,-0.21616061
25685,1.0407156
25686,-0.07127853
25687,0.47460163
25688,-0.47054443
25689,0.5698748
25690,-0.32191637
25691,-0.30853137
25692,0.17008823
25693,-0.25364155
25694,-0.34133026
25695,-0.13416481
25696,0.17273287
25697,0.030920371
25698,-0.54845893
25699,0.06918478
25700,-0.3730253
25701,0.07169052
25702,-0.048349172
25703,-0.338067
25704,0.23461655
25705,1.242437
25706,0.15707101
25707,0.13637611
25708,-0.6103807
25709,1.3168176
25710,-0.20194018
25711,1.2302634
25712,0.37736544
25713,0.9137383
25714,0.031637985
25715,-0.10851549
25716,0.2326028
25717,0.1568171
25718,0.052735314
25719,-0.39172822
25720,0.68535656
25721,-0.3319267
25722,0.62684095
25723,0.50614625
25724,0.07949305
25725,0.4753496
25726,1.1145422
25727,-0.6323344
25728,-1.303518
25729,-0.09573822
25730,-0.030617915
25731,-0.64852774
25732,0.02439905
25733,-0.18632966
25734,-0.76519275
25735,0.01892255
25736,1.0922815
25737,-0.052272733
25738,0.09319553
25739,-0.5499843
25740,0.42567387
25741,0.38032538
25742,0.21061839
25743,0.9698907
25744,-0.63741696
25745,-0.10276683
25746,-0.5368195
25747,-0.3654978
25748,1.3506745
25749,-0.09081003
25750,-0.689
25751,0.21192999
25752,0.34077615
25753,0.25215146
25754,0.19813308
25755,0.5945157
25756,-0.7539693
25757,0.23388448
25758,0.14150271
25759,0.41799447
25760,0.8646552
25761,-0.55615497
25762,0.066132575
25763,-0.3500723
25764,0.06539432
25765,-0.19869778
25766,2.0004091
25767,-0.03719906
25768,0.60315216
25769,-0.04965697
25770,0.11523036
25771,-0.043846913
25772,-0.43595687
25773,-0.062069114
25774,1.2296389
25775,1.1539112
25776,-0.21055211
25777,0.658345
25778,0.11581338
25779,-0.3168614
25780,0.7570243
25781,-0.39495426
25782,2.0339782
25783,-0.22445658
25784,0.1283691
25785,0.11256951
25786,-0.1841533
25787,-0.114239395
25788,-0.07485237
25789,-0.23536769
25790,0.32789004
25791,0.17485161
25792,0.6162101
25793,-0.15177044
25794,-0.49541047
25795,0.1918054
25796,-0.3330071
25797,0.034985624
25798,-1.0287935
25799,0.6913267
25800,0.067621954
25801,0.28168353
25802,-0.37518826
25803,-0.034009222
25804,-0.07604624
25805,-0.15045594
25806,0.68918216
25807,-0.12954319
25808,-0.14986995
25809,-0.08100233
25810,0.09215985
25811,-0.3557969
25812,-0.34070158
25813,0.102127075
25814,-0.23475987
25815,-0.26664504
25816,-0.13748145
25817,-0.03917514
25818,-0.31415683
25819,-0.4862507
25820,0.6214146
25821,-0.18889333
25822,-0.31728378
25823,0.26854813
25824,1.763288
25825,-0.28844914
25826,0.2984517
25827,-0.3283684
25828,0.23342024
25829,-0.28301135
25830,1.8503295
25831,0.695985
25832,-0.015903257
25833,2.2540135
25834,-0.43232608
25835,-0.054931812
25836,-0.18687114
25837,-1.4216533
25838,-0.28277746
25839,0.39092958
25840,-0.27059373
25841,-0.06456635
25842,0.22021054
25843,0.0031112907
25844,-0.5450373
25845,-0.23175858
25846,-0.14260782
25847,0.80888873
25848,0.29926673
25849,-0.5435622
25850,0.061133657
25851,0.322489
25852,0.13507265
25853,0.62350184
25854,0.4305243
25855,0.8174709
25856,0.988838
25857,0.3578709
25858,1.1504824
25859,0.38188985
25860,-0.46806055
25861,-0.3215142
25862,0.2503614
25863,-0.122775555
25864,-0.24756725
25865,0.7652717
25866,-0.22121838
25867,0.089994974
25868,0.8271437
25869,-0.08295726
25870,0.2072741
25871,0.062353116
25872,0.8817255
25873,0.04474014
25874,0.1717235
25875,0.425086
25876,-0.54257756
25877,0.32497576
25878,0.056905963
25879,-0.047499377
25880,-0.3013352
25881,-0.31964782
25882,-0.22174944
25883,0.19632067
25884,-0.13202637
25885,-0.7139775
25886,0.36336097
25887,0.8399778
25888,0.64739656
25889,-0.7059359
25890,0.28200862
25891,0.55357075
25892,0.16216032
25893,0.5219978
25894,0.30613652
25895,0.46444973
25896,0.024305807
25897,0.00027065587
25898,-0.26103967
25899,0.226209
25900,0.37436268
25901,-0.20044298
25902,0.11268182
25903,0.34726208
25904,-0.040248938
25905,0.33999503
25906,0.27220127
25907,-0.13525186
25908,0.8628238
25909,0.4996689
25910,-0.9504312
25911,-0.2514433
25912,1.9690377
25913,0.45437253
25914,0.08484632
25915,0.32246986
25916,0.18597998
25917,-0.24986735
25918,-0.14064813
25919,0.93367785
25920,0.2764535
25921,-1.4261999
25922,0.14252228
25923,0.7381533
25924,-0.35686943
25925,0.54616135
25926,0.6817189
25927,0.48262405
25928,0.04243391
25929,1.889672
25930,-0.28950864
25931,0.4720759
25932,0.00014160766
25933,0.11588403
25934,-0.11756196
25935,-0.8769034
25936,-0.13575922
25937,0.21026452
25938,2.186087
25939,0.48223242
25940,0.18453221
25941,1.2917727
25942,-0.051699147
25943,0.27128062
25944,0.0391947
25945,0.7969124
25946,-0.002201418
25947,0.3564899
25948,-0.68392015
25949,-0.5917225
25950,0.026558662
25951,-0.36318427
25952,0.044744574
25953,1.2573417
25954,-0.13623254
25955,0.27307448
25956,-0.20529784
25957,0.5360749
25958,-0.61263967
25959,-0.059497293
25960,-0.6206955
25961,0.0674355
25962,-0.7153411
25963,-0.8531058
25964,0.6761962
25965,1.1765968
25966,-0.048783537
25967,0.5205473
25968,-0.18082473
25969,0.15769958
25970,-0.048182983
25971,-0.032155395
25972,-0.060361777
25973,-0.15990888
25974,-0.1293048
25975,-0.31883073
25976,0.29118428
25977,-0.2841258
25978,0.17081718
25979,0.7982453
25980,-0.16158135
25981,-0.23235737
25982,1.8895583
25983,0.184265
25984,-0.6126489
25985,0.08369348
25986,-0.18152305
25987,0.27688488
25988,0.75716794
25989,0.295468
25990,0.2944643
25991,-0.35159278
25992,-0.020541657
25993,-0.09765884
25994,0.35835287
25995,-0.021606486
25996,0.16804245
25997,0.50991267
25998,0.36712062
25999,-0.21463877
26000,-0.30867094
26001,-0.15700929
26002,0.09906851
26003,1.6355274
26004,-0.48406532
26005,2.5772288
26006,0.16272691
26007,0.060518518
26008,0.6753682
26009,0.43157804
26010,0.62857527
26011,-0.121531814
26012,-0.0019730309
26013,0.9661828
26014,-0.03183944
26015,0.29873672
26016,-0.075457916
26017,0.03147095
26018,0.7727702
26019,0.2433925
26020,-0.284978
26021,0.39013836
26022,-0.18900503
26023,-0.52458537
26024,0.4352092
26025,-0.371627
26026,-0.46691743
26027,0.11161881
26028,-0.5345231
26029,-0.3543143
26030,-0.014779049
26031,0.32484058
26032,0.9285623
26033,-0.5715859
26034,-0.23265119
26035,0.18448953
26036,0.17947236
26037,0.050021116
26038,-0.6299264
26039,0.4952908
26040,-0.22387002
26041,-0.06813775
26042,0.06265044
26043,-0.41128892
26044,-0.07177983
26045,0.096110344
26046,-0.18614005
26047,1.0008643
26048,0.9709999
26049,0.75024575
26050,-0.13838878
26051,0.041337322
26052,1.2047576
26053,0.27686018
26054,0.34138888
26055,1.7363949
26056,3.1024334
26057,1.9267468
26058,0.37155882
26059,-0.33407387
26060,-0.8103232
26061,1.4345156
26062,0.014515463
26063,0.34372634
26064,-0.7274139
26065,-0.74965245
26066,-0.76924527
26067,0.33695906
26068,0.3486291
26069,-0.53725183
26070,-0.12437685
26071,0.30336758
26072,0.4021511
26073,-0.024083056
26074,0.057447314
26075,0.05832838
26076,0.64749616
26077,-0.20443183
26078,-0.65369385
26079,-0.365353
26080,-0.8782152
26081,2.0937734
26082,0.21862856
26083,1.032307
26084,-0.5344866
26085,-1.4863702
26086,0.0091844015
26087,0.2865317
26088,0.5833894
26089,-0.8839424
26090,3.144166
26091,-0.8102437
26092,0.11147699
26093,-0.09876057
26094,-0.23020111
26095,-0.27441636
26096,-1.1146209
26097,0.36770213
26098,-0.35169858
26099,-0.22122641
26100,-0.19224668
26101,-0.025511052
26102,-0.43149093
26103,-0.2751702
26104,0.4140503
26105,-0.026694618
26106,0.6009809
26107,-0.19435318
26108,0.17151493
26109,0.32522854
26110,-0.022362957
26111,0.7316148
26112,-0.033749957
26113,-0.09934774
26114,1.1888148
26115,0.09460944
26116,2.4755874
26117,-0.5043323
26118,0.26034147
26119,-0.39487377
26120,0.1669264
26121,-0.049550246
26122,0.6692042
26123,0.029139513
26124,-0.17539881
26125,-0.203454
26126,-0.74531233
26127,-1.6600498
26128,-0.1812483
26129,0.17730947
26130,-0.5366459
26131,-0.37254342
26132,-0.050589535
26133,-0.060898263
26134,-0.04722495
26135,-0.2261048
26136,-0.1487859
26137,-0.100975625
26138,-0.6522761
26139,-0.1739554
26140,0.22240499
26141,1.9290568
26142,0.402811
26143,0.012531504
26144,0.16653503
26145,-1.0846332
26146,-0.54317045
26147,0.17363986
26148,0.034121282
26149,1.1853043
26150,0.8938405
26151,-0.24589537
26152,0.28366426
26153,1.7093292
26154,0.28900668
26155,1.1825349
26156,1.3404164
26157,0.5721177
26158,-0.13002428
26159,-0.9928723
26160,-0.3532509
26161,0.028827393
26162,-0.5138877
26163,0.0028873573
26164,-0.28303805
26165,0.121140875
26166,-0.2231864
26167,0.16304077
26168,2.766428
26169,-0.64112335
26170,1.1828011
26171,1.0154979
26172,0.7669257
26173,0.13223752
26174,-0.14119998
26175,0.860335
26176,-0.16368635
26177,-0.29338482
26178,0.06220688
26179,0.04561153
26180,1.9892837
26181,-0.2781316
26182,-0.16741572
26183,0.062889725
26184,0.28805023
26185,2.4616828
26186,-0.62252486
26187,-0.040807415
26188,0.05903573
26189,0.12612772
26190,1.8990124
26191,2.047856
26192,0.33653855
26193,0.15319571
26194,0.073617786
26195,0.4892399
26196,0.6006024
26197,0.1819986
26198,0.2788445
26199,-0.2517672
26200,-0.081302315
26201,0.028121196
26202,0.14759256
26203,-0.4267043
26204,0.06561483
26205,-0.2811406
26206,-0.54848415
26207,-0.94541454
26208,0.7100204
26209,-0.28870866
26210,0.38843393
26211,-0.2680961
26212,0.1200172
26213,-0.14372537
26214,0.5058006
26215,-0.079779536
26216,1.0460286
26217,-0.56344664
26218,-0.14036028
26219,-0.85949594
26220,-0.11430904
26221,0.23865436
26222,-0.16887741
26223,0.49993518
26224,-0.27824873
26225,0.46640033
26226,0.08508492
26227,0.5757407
26228,-0.6494145
26229,0.0066152657
26230,0.35281885
26231,0.84722996
26232,0.4573531
26233,-0.36065066
26234,0.9881076
26235,-0.2635341
26236,0.263604
26237,-0.8664928
26238,-0.08790627
26239,1.4301507
26240,-0.13768043
26241,0.09096702
26242,-0.6770568
26243,-0.24826469
26244,-0.12042489
26245,-0.07147723
26246,0.022738136
26247,0.5033797
26248,-0.6924544
26249,0.16079715
26250,0.11315488
26251,-0.020716034
26252,0.34826925
26253,-0.4713726
26254,-0.22943275
26255,0.29746535
26256,0.12792286
26257,0.15766406
26258,-0.39536393
26259,0.8690565
26260,0.27418527
26261,-0.5613662
26262,-0.021577282
26263,1.0482304
26264,-0.18382625
26265,0.86850876
26266,-0.37279657
26267,0.10543812
26268,0.18930212
26269,0.9809073
26270,-0.13762125
26271,-0.059103213
26272,1.1091505
26273,-0.1168814
26274,3.6113534
26275,-0.5124289
26276,-0.29023415
26277,0.33013836
26278,-0.049417913
26279,-0.0840462
26280,-1.0735298
26281,-0.21919282
26282,0.07488005
26283,-0.022928558
26284,0.04138889
26285,0.16242896
26286,0.062496953
26287,-0.35042927
26288,-0.096610874
26289,0.143858
26290,0.8207801
26291,0.2880142
26292,-0.36371136
26293,-0.25728047
