id,status_group
1,non functional
2,non functional
3,functional needs repair
4,non functional
5,non functional
6,functional
7,non functional
8,functional needs repair
9,non functional
10,non functional
11,non functional
12,non functional
13,non functional
14,functional needs repair
15,functional needs repair
16,non functional
17,functional needs repair
18,functional needs repair
19,non functional
20,functional needs repair
21,functional
22,functional
23,functional needs repair
24,non functional
25,functional needs repair
26,non functional
27,functional needs repair
28,non functional
29,functional needs repair
30,functional
31,functional needs repair
32,non functional
33,functional needs repair
34,functional needs repair
35,functional needs repair
36,non functional
37,functional needs repair
38,non functional
39,non functional
40,functional needs repair
41,non functional
42,non functional
43,functional needs repair
44,functional needs repair
45,non functional
46,functional needs repair
47,functional needs repair
48,functional needs repair
49,functional needs repair
50,non functional
51,non functional
52,functional needs repair
53,non functional
54,functional needs repair
55,functional
56,functional
57,functional needs repair
58,non functional
59,functional needs repair
60,functional needs repair
61,functional needs repair
62,non functional
63,non functional
64,non functional
65,functional
66,functional needs repair
67,functional needs repair
68,functional needs repair
69,functional
70,functional needs repair
71,functional needs repair
72,non functional
73,functional
74,functional needs repair
75,functional needs repair
76,non functional
77,non functional
78,non functional
79,non functional
80,non functional
81,functional needs repair
82,non functional
83,functional needs repair
84,non functional
85,non functional
86,functional
87,functional needs repair
88,non functional
89,functional needs repair
90,functional needs repair
91,non functional
92,non functional
93,non functional
94,non functional
95,functional needs repair
96,non functional
97,functional needs repair
98,functional needs repair
99,functional needs repair
100,functional needs repair
101,non functional
102,non functional
103,functional
104,non functional
105,functional needs repair
106,functional
107,functional needs repair
108,non functional
109,functional needs repair
110,functional needs repair
111,non functional
112,non functional
113,non functional
114,non functional
115,non functional
116,functional needs repair
117,functional needs repair
118,functional needs repair
119,functional
120,non functional
121,functional needs repair
122,functional
123,functional
124,functional needs repair
125,functional needs repair
126,functional
127,functional
128,functional needs repair
129,functional needs repair
130,non functional
131,functional needs repair
132,functional
133,non functional
134,functional needs repair
135,non functional
136,functional needs repair
137,non functional
138,functional
139,functional needs repair
140,functional needs repair
141,non functional
142,non functional
143,functional
144,functional needs repair
145,functional needs repair
146,non functional
147,functional needs repair
148,non functional
149,non functional
150,non functional
151,functional
152,non functional
153,non functional
154,functional
155,non functional
156,functional
157,non functional
158,non functional
159,non functional
160,non functional
161,functional needs repair
162,non functional
163,functional
164,non functional
165,functional
166,functional needs repair
167,functional
168,functional
169,functional needs repair
170,functional needs repair
171,functional needs repair
172,non functional
173,functional
174,non functional
175,functional needs repair
176,non functional
177,functional needs repair
178,non functional
179,functional
180,non functional
181,non functional
182,functional needs repair
183,non functional
184,functional
185,functional needs repair
186,functional needs repair
187,functional
188,non functional
189,functional needs repair
190,non functional
191,functional needs repair
192,functional needs repair
193,functional needs repair
194,non functional
195,functional needs repair
196,non functional
197,non functional
198,functional needs repair
199,functional
200,functional needs repair
201,functional
202,functional
203,non functional
204,functional needs repair
205,functional needs repair
206,non functional
207,non functional
208,non functional
209,non functional
210,non functional
211,non functional
212,functional needs repair
213,functional needs repair
214,functional needs repair
215,non functional
216,functional
217,functional needs repair
218,functional
219,non functional
220,non functional
221,functional needs repair
222,functional needs repair
223,functional
224,non functional
225,functional needs repair
226,non functional
227,functional needs repair
228,non functional
229,functional
230,non functional
231,functional
232,non functional
233,non functional
234,non functional
235,functional needs repair
236,non functional
237,functional needs repair
238,non functional
239,functional
240,non functional
241,functional needs repair
242,non functional
243,non functional
244,non functional
245,functional needs repair
246,non functional
247,non functional
248,functional needs repair
249,non functional
250,functional
251,functional needs repair
252,non functional
253,functional needs repair
254,functional
255,functional needs repair
256,non functional
257,functional needs repair
258,functional needs repair
259,functional needs repair
260,non functional
261,functional needs repair
262,functional needs repair
263,functional needs repair
264,functional
265,non functional
266,non functional
267,non functional
268,functional
269,non functional
270,functional
271,non functional
272,non functional
273,functional needs repair
274,functional needs repair
275,functional
276,functional needs repair
277,functional needs repair
278,non functional
279,non functional
280,functional
281,functional
282,functional needs repair
283,non functional
284,functional needs repair
285,non functional
286,functional
287,non functional
288,functional needs repair
289,non functional
290,non functional
291,non functional
292,functional needs repair
293,non functional
294,non functional
295,non functional
296,functional
297,functional needs repair
298,functional needs repair
299,functional needs repair
300,non functional
301,non functional
302,functional needs repair
303,non functional
304,functional
305,functional needs repair
306,functional needs repair
307,functional needs repair
308,non functional
309,non functional
310,functional needs repair
311,functional needs repair
312,functional needs repair
313,functional
314,functional needs repair
315,functional needs repair
316,functional needs repair
317,functional needs repair
318,functional needs repair
319,functional
320,functional needs repair
321,functional needs repair
322,functional
323,functional needs repair
324,functional needs repair
325,non functional
326,functional needs repair
327,non functional
328,functional needs repair
329,functional
330,non functional
331,non functional
332,non functional
333,functional
334,functional
335,non functional
336,non functional
337,non functional
338,non functional
339,functional needs repair
340,non functional
341,non functional
342,functional needs repair
343,functional needs repair
344,functional needs repair
345,non functional
346,functional needs repair
347,non functional
348,functional
349,functional needs repair
350,functional
351,non functional
352,functional
353,non functional
354,functional
355,non functional
356,functional needs repair
357,non functional
358,functional needs repair
359,functional needs repair
360,non functional
361,functional
362,non functional
363,functional needs repair
364,non functional
365,functional
366,functional
367,functional needs repair
368,non functional
369,non functional
370,functional needs repair
371,functional
372,non functional
373,non functional
374,functional needs repair
375,non functional
376,non functional
377,non functional
378,non functional
379,functional
380,non functional
381,functional
382,functional needs repair
383,functional
384,functional needs repair
385,non functional
386,non functional
387,functional needs repair
388,non functional
389,non functional
390,non functional
391,functional needs repair
392,functional
393,functional
394,functional
395,functional needs repair
396,non functional
397,functional needs repair
398,functional needs repair
399,functional needs repair
400,functional needs repair
401,functional
402,non functional
403,non functional
404,functional needs repair
405,functional
406,functional needs repair
407,functional
408,functional needs repair
409,functional
410,functional
411,functional needs repair
412,non functional
413,functional needs repair
414,functional needs repair
415,functional needs repair
416,non functional
417,functional
418,functional needs repair
419,functional needs repair
420,functional
421,functional needs repair
422,functional needs repair
423,non functional
424,functional needs repair
425,functional needs repair
426,functional
427,functional needs repair
428,non functional
429,non functional
430,functional
431,non functional
432,non functional
433,non functional
434,functional
435,functional needs repair
436,non functional
437,functional needs repair
438,functional needs repair
439,functional needs repair
440,non functional
441,non functional
442,functional needs repair
443,non functional
444,functional
445,non functional
446,non functional
447,functional needs repair
448,functional
449,functional needs repair
450,non functional
451,non functional
452,functional needs repair
453,functional
454,functional needs repair
455,non functional
456,functional needs repair
457,functional
458,non functional
459,non functional
460,functional
461,functional needs repair
462,functional
463,functional needs repair
464,non functional
465,non functional
466,functional needs repair
467,functional needs repair
468,non functional
469,functional needs repair
470,non functional
471,functional
472,non functional
473,non functional
474,non functional
475,functional
476,non functional
477,non functional
478,non functional
479,functional needs repair
480,functional needs repair
481,functional needs repair
482,functional
483,functional needs repair
484,functional needs repair
485,functional needs repair
486,non functional
487,functional
488,functional needs repair
489,non functional
490,functional
491,functional needs repair
492,functional needs repair
493,functional
494,functional needs repair
495,non functional
496,non functional
497,functional
498,non functional
499,non functional
500,non functional
501,non functional
502,functional needs repair
503,non functional
504,non functional
505,functional needs repair
506,functional
507,functional
508,non functional
509,non functional
510,non functional
511,functional needs repair
512,functional needs repair
513,non functional
514,non functional
515,functional
516,non functional
517,non functional
518,functional
519,functional
520,non functional
521,functional needs repair
522,functional needs repair
523,non functional
524,functional needs repair
525,non functional
526,non functional
527,functional
528,functional needs repair
529,functional needs repair
530,functional needs repair
531,non functional
532,non functional
533,non functional
534,non functional
535,functional needs repair
536,functional needs repair
537,non functional
538,functional needs repair
539,functional needs repair
540,functional
541,functional needs repair
542,functional needs repair
543,functional needs repair
544,non functional
545,non functional
546,functional needs repair
547,non functional
548,functional needs repair
549,functional
550,functional
551,functional needs repair
552,functional
553,non functional
554,functional needs repair
555,functional needs repair
556,functional needs repair
557,functional
558,functional
559,functional needs repair
560,functional needs repair
561,functional needs repair
562,functional needs repair
563,functional
564,non functional
565,functional needs repair
566,functional
567,non functional
568,non functional
569,functional
570,non functional
571,non functional
572,functional
573,functional needs repair
574,functional needs repair
575,functional needs repair
576,functional needs repair
577,functional needs repair
578,functional needs repair
579,functional
580,functional
581,non functional
582,non functional
583,functional
584,non functional
585,functional needs repair
586,non functional
587,non functional
588,non functional
589,functional needs repair
590,functional needs repair
591,functional needs repair
592,functional
593,functional needs repair
594,non functional
595,non functional
596,non functional
597,functional needs repair
598,functional
599,non functional
600,functional needs repair
601,non functional
602,functional needs repair
603,functional needs repair
604,non functional
605,non functional
606,functional needs repair
607,functional needs repair
608,non functional
609,functional needs repair
610,non functional
611,functional needs repair
612,functional needs repair
613,functional needs repair
614,functional needs repair
615,non functional
616,functional needs repair
617,non functional
618,functional needs repair
619,non functional
620,non functional
621,functional
622,non functional
623,functional needs repair
624,functional needs repair
625,functional needs repair
626,functional
627,non functional
628,functional needs repair
629,functional needs repair
630,functional
631,non functional
632,non functional
633,functional
634,non functional
635,functional
636,non functional
637,non functional
638,non functional
639,functional needs repair
640,non functional
641,functional
642,functional needs repair
643,non functional
644,non functional
645,functional needs repair
646,non functional
647,non functional
648,non functional
649,functional needs repair
650,non functional
651,non functional
652,functional needs repair
653,functional
654,functional
655,functional needs repair
656,functional
657,non functional
658,functional needs repair
659,functional
660,functional needs repair
661,functional needs repair
662,functional needs repair
663,functional
664,non functional
665,non functional
666,functional
667,non functional
668,functional
669,functional
670,functional needs repair
671,non functional
672,non functional
673,functional needs repair
674,functional needs repair
675,functional needs repair
676,non functional
677,functional
678,non functional
679,non functional
680,non functional
681,functional
682,non functional
683,functional needs repair
684,non functional
685,functional needs repair
686,functional needs repair
687,non functional
688,functional needs repair
689,functional needs repair
690,non functional
691,non functional
692,functional needs repair
693,non functional
694,non functional
695,non functional
696,functional needs repair
697,non functional
698,functional needs repair
699,non functional
700,functional
701,functional needs repair
702,non functional
703,functional needs repair
704,non functional
705,functional needs repair
706,non functional
707,functional needs repair
708,functional
709,non functional
710,functional
711,functional needs repair
712,functional needs repair
713,functional
714,non functional
715,functional
716,functional
717,functional needs repair
718,non functional
719,functional needs repair
720,non functional
721,functional
722,non functional
723,functional
724,functional needs repair
725,non functional
726,functional needs repair
727,functional needs repair
728,non functional
729,non functional
730,functional
731,functional needs repair
732,functional needs repair
733,non functional
734,non functional
735,functional
736,functional
737,functional needs repair
738,functional needs repair
739,functional needs repair
740,functional
741,functional needs repair
742,functional
743,functional
744,functional needs repair
745,non functional
746,non functional
747,functional
748,functional
749,functional needs repair
750,functional needs repair
751,functional
752,functional needs repair
753,non functional
754,functional
755,non functional
756,non functional
757,non functional
758,functional needs repair
759,non functional
760,functional
761,functional needs repair
762,functional
763,functional needs repair
764,non functional
765,functional needs repair
766,non functional
767,functional needs repair
768,functional
769,functional
770,functional needs repair
771,functional
772,non functional
773,functional
774,functional needs repair
775,non functional
776,functional needs repair
777,non functional
778,non functional
779,functional needs repair
780,functional needs repair
781,functional needs repair
782,non functional
783,functional needs repair
784,functional needs repair
785,non functional
786,functional
787,functional needs repair
788,non functional
789,non functional
790,functional needs repair
791,non functional
792,functional needs repair
793,functional needs repair
794,functional needs repair
795,functional
796,functional needs repair
797,functional
798,functional needs repair
799,non functional
800,functional
801,functional
802,non functional
803,non functional
804,functional needs repair
805,functional needs repair
806,non functional
807,non functional
808,functional
809,non functional
810,functional needs repair
811,non functional
812,functional needs repair
813,non functional
814,functional needs repair
815,functional needs repair
816,non functional
817,non functional
818,functional
819,functional
820,functional needs repair
821,functional
822,functional
823,non functional
824,non functional
825,functional needs repair
826,non functional
827,functional needs repair
828,functional needs repair
829,non functional
830,non functional
831,functional
832,functional
833,functional needs repair
834,functional
835,functional needs repair
836,non functional
837,non functional
838,non functional
839,non functional
840,functional needs repair
841,functional needs repair
842,functional
843,non functional
844,non functional
845,functional needs repair
846,non functional
847,functional needs repair
848,functional needs repair
849,functional needs repair
850,functional
851,non functional
852,non functional
853,non functional
854,non functional
855,functional
856,functional
857,functional needs repair
858,non functional
859,non functional
860,functional
861,non functional
862,non functional
863,non functional
864,functional
865,non functional
866,functional
867,functional needs repair
868,non functional
869,non functional
870,functional needs repair
871,non functional
872,functional needs repair
873,non functional
874,non functional
875,non functional
876,functional needs repair
877,functional
878,non functional
879,functional needs repair
880,functional
881,non functional
882,functional
883,non functional
884,non functional
885,functional needs repair
886,non functional
887,functional needs repair
888,functional
889,functional
890,non functional
891,non functional
892,functional needs repair
893,functional needs repair
894,non functional
895,functional needs repair
896,functional needs repair
897,non functional
898,functional needs repair
899,functional needs repair
900,functional
901,functional needs repair
902,functional needs repair
903,non functional
904,non functional
905,non functional
906,non functional
907,functional needs repair
908,functional
909,non functional
910,functional needs repair
911,functional
912,non functional
913,functional needs repair
914,functional
915,non functional
916,functional needs repair
917,functional needs repair
918,non functional
919,functional needs repair
920,functional needs repair
921,functional
922,functional needs repair
923,non functional
924,functional needs repair
925,functional
926,functional needs repair
927,functional
928,functional needs repair
929,functional
930,functional needs repair
931,non functional
932,functional
933,non functional
934,functional needs repair
935,non functional
936,functional needs repair
937,non functional
938,functional
939,functional needs repair
940,functional
941,non functional
942,functional needs repair
943,non functional
944,functional needs repair
945,functional needs repair
946,functional needs repair
947,functional needs repair
948,non functional
949,functional
950,functional needs repair
951,functional needs repair
952,functional needs repair
953,non functional
954,functional needs repair
955,non functional
956,functional needs repair
957,non functional
958,functional needs repair
959,non functional
960,non functional
961,functional
962,functional needs repair
963,non functional
964,functional needs repair
965,functional needs repair
966,functional
967,functional needs repair
968,functional
969,functional needs repair
970,non functional
971,functional needs repair
972,non functional
973,non functional
974,functional needs repair
975,functional
976,functional
977,non functional
978,functional
979,functional needs repair
980,functional
981,functional
982,non functional
983,functional needs repair
984,non functional
985,non functional
986,functional needs repair
987,functional needs repair
988,functional
989,non functional
990,non functional
991,functional
992,functional needs repair
993,functional needs repair
994,functional
995,non functional
996,functional needs repair
997,non functional
998,functional needs repair
999,non functional
1000,non functional
1001,functional needs repair
1002,functional
1003,functional
1004,functional needs repair
1005,non functional
1006,functional needs repair
1007,functional needs repair
1008,non functional
1009,functional needs repair
1010,functional needs repair
1011,functional needs repair
1012,functional needs repair
1013,functional
1014,functional
1015,non functional
1016,functional
1017,functional needs repair
1018,non functional
1019,non functional
1020,functional needs repair
1021,functional
1022,non functional
1023,non functional
1024,functional
1025,functional
1026,non functional
1027,non functional
1028,functional needs repair
1029,non functional
1030,non functional
1031,functional needs repair
1032,functional needs repair
1033,functional
1034,functional
1035,non functional
1036,non functional
1037,functional
1038,non functional
1039,functional
1040,functional needs repair
1041,functional
1042,functional needs repair
1043,functional needs repair
1044,functional
1045,functional needs repair
1046,non functional
1047,non functional
1048,functional needs repair
1049,non functional
1050,functional
1051,non functional
1052,functional needs repair
1053,non functional
1054,functional needs repair
1055,non functional
1056,non functional
1057,functional needs repair
1058,functional
1059,functional
1060,non functional
1061,functional
1062,non functional
1063,functional needs repair
1064,non functional
1065,non functional
1066,functional
1067,functional needs repair
1068,functional
1069,non functional
1070,functional needs repair
1071,functional needs repair
1072,functional needs repair
1073,functional needs repair
1074,functional
1075,non functional
1076,functional needs repair
1077,non functional
1078,functional needs repair
1079,functional
1080,non functional
1081,non functional
1082,non functional
1083,functional needs repair
1084,non functional
1085,non functional
1086,functional
1087,functional needs repair
1088,functional needs repair
1089,non functional
1090,functional needs repair
1091,non functional
1092,non functional
1093,functional needs repair
1094,non functional
1095,functional needs repair
1096,functional needs repair
1097,functional
1098,functional needs repair
1099,functional needs repair
1100,non functional
1101,functional needs repair
1102,non functional
1103,non functional
1104,functional
1105,non functional
1106,functional needs repair
1107,functional needs repair
1108,non functional
1109,non functional
1110,functional
1111,functional needs repair
1112,functional
1113,non functional
1114,non functional
1115,functional needs repair
1116,functional needs repair
1117,non functional
1118,functional
1119,non functional
1120,functional needs repair
1121,functional
1122,non functional
1123,functional needs repair
1124,functional needs repair
1125,functional needs repair
1126,non functional
1127,functional
1128,non functional
1129,non functional
1130,non functional
1131,functional
1132,functional needs repair
1133,non functional
1134,functional needs repair
1135,non functional
1136,non functional
1137,functional needs repair
1138,functional
1139,functional
1140,non functional
1141,functional needs repair
1142,functional needs repair
1143,functional needs repair
1144,non functional
1145,non functional
1146,functional needs repair
1147,functional needs repair
1148,functional needs repair
1149,non functional
1150,non functional
1151,non functional
1152,functional needs repair
1153,functional needs repair
1154,non functional
1155,non functional
1156,functional needs repair
1157,non functional
1158,non functional
1159,functional
1160,non functional
1161,functional needs repair
1162,non functional
1163,non functional
1164,non functional
1165,functional needs repair
1166,functional needs repair
1167,functional needs repair
1168,functional
1169,non functional
1170,non functional
1171,functional
1172,functional needs repair
1173,functional
1174,non functional
1175,functional needs repair
1176,functional needs repair
1177,functional
1178,non functional
1179,non functional
1180,functional needs repair
1181,functional needs repair
1182,non functional
1183,functional needs repair
1184,functional needs repair
1185,functional needs repair
1186,functional
1187,functional needs repair
1188,functional
1189,functional
1190,functional needs repair
1191,functional needs repair
1192,functional needs repair
1193,functional needs repair
1194,non functional
1195,non functional
1196,non functional
1197,functional
1198,non functional
1199,functional
1200,functional needs repair
1201,non functional
1202,non functional
1203,non functional
1204,non functional
1205,functional needs repair
1206,functional needs repair
1207,non functional
1208,non functional
1209,functional needs repair
1210,functional needs repair
1211,non functional
1212,functional needs repair
1213,non functional
1214,functional needs repair
1215,functional
1216,functional needs repair
1217,non functional
1218,non functional
1219,non functional
1220,non functional
1221,non functional
1222,non functional
1223,functional
1224,non functional
1225,functional needs repair
1226,functional needs repair
1227,non functional
1228,non functional
1229,functional
1230,non functional
1231,functional needs repair
1232,functional needs repair
1233,non functional
1234,non functional
1235,functional needs repair
1236,functional needs repair
1237,functional
1238,functional
1239,non functional
1240,non functional
1241,functional
1242,non functional
1243,non functional
1244,functional needs repair
1245,non functional
1246,non functional
1247,functional needs repair
1248,non functional
1249,non functional
1250,non functional
1251,non functional
1252,functional needs repair
1253,non functional
1254,functional
1255,non functional
1256,functional needs repair
1257,functional
1258,functional needs repair
1259,functional needs repair
1260,functional
1261,non functional
1262,functional needs repair
1263,non functional
1264,functional needs repair
1265,non functional
1266,non functional
1267,functional needs repair
1268,functional
1269,non functional
1270,functional
1271,non functional
1272,functional needs repair
1273,functional needs repair
1274,functional needs repair
1275,non functional
1276,functional needs repair
1277,functional
1278,functional
1279,functional needs repair
1280,functional
1281,non functional
1282,non functional
1283,non functional
1284,non functional
1285,non functional
1286,non functional
1287,functional needs repair
1288,functional
1289,non functional
1290,functional needs repair
1291,functional needs repair
1292,non functional
1293,functional needs repair
1294,functional
1295,non functional
1296,functional
1297,non functional
1298,functional needs repair
1299,functional needs repair
1300,non functional
1301,non functional
1302,functional
1303,functional
1304,non functional
1305,non functional
1306,functional needs repair
1307,non functional
1308,non functional
1309,non functional
1310,non functional
1311,non functional
1312,functional
1313,functional needs repair
1314,non functional
1315,functional needs repair
1316,functional
1317,functional needs repair
1318,functional
1319,functional needs repair
1320,functional needs repair
1321,non functional
1322,functional needs repair
1323,functional needs repair
1324,non functional
1325,non functional
1326,functional
1327,non functional
1328,non functional
1329,functional needs repair
1330,functional
1331,non functional
1332,functional needs repair
1333,non functional
1334,functional
1335,functional
1336,non functional
1337,functional
1338,non functional
1339,non functional
1340,non functional
1341,non functional
1342,functional needs repair
1343,functional
1344,functional needs repair
1345,non functional
1346,functional needs repair
1347,non functional
1348,non functional
1349,functional needs repair
1350,functional needs repair
1351,non functional
1352,functional needs repair
1353,functional needs repair
1354,non functional
1355,functional
1356,non functional
1357,non functional
1358,non functional
1359,functional needs repair
1360,non functional
1361,non functional
1362,functional needs repair
1363,non functional
1364,non functional
1365,functional needs repair
1366,non functional
1367,functional needs repair
1368,non functional
1369,non functional
1370,functional
1371,functional needs repair
1372,functional needs repair
1373,non functional
1374,non functional
1375,functional needs repair
1376,functional needs repair
1377,non functional
1378,functional needs repair
1379,non functional
1380,functional needs repair
1381,non functional
1382,functional needs repair
1383,non functional
1384,functional needs repair
1385,functional needs repair
1386,non functional
1387,non functional
1388,functional needs repair
1389,non functional
1390,non functional
1391,non functional
1392,functional needs repair
1393,functional
1394,functional needs repair
1395,functional
1396,functional needs repair
1397,non functional
1398,non functional
1399,functional
1400,functional needs repair
1401,functional
1402,functional needs repair
1403,non functional
1404,functional
1405,non functional
1406,non functional
1407,non functional
1408,functional needs repair
1409,functional needs repair
1410,non functional
1411,functional needs repair
1412,non functional
1413,functional
1414,non functional
1415,functional
1416,functional needs repair
1417,functional needs repair
1418,non functional
1419,non functional
1420,non functional
1421,non functional
1422,functional needs repair
1423,non functional
1424,functional needs repair
1425,functional
1426,non functional
1427,functional
1428,non functional
1429,functional
1430,non functional
1431,non functional
1432,functional needs repair
1433,functional needs repair
1434,non functional
1435,non functional
1436,non functional
1437,non functional
1438,non functional
1439,functional needs repair
1440,non functional
1441,functional needs repair
1442,functional needs repair
1443,non functional
1444,non functional
1445,non functional
1446,non functional
1447,non functional
1448,functional needs repair
1449,functional needs repair
1450,non functional
1451,non functional
1452,functional needs repair
1453,functional
1454,functional needs repair
1455,functional needs repair
1456,functional needs repair
1457,functional needs repair
1458,non functional
1459,functional needs repair
1460,functional needs repair
1461,functional needs repair
1462,functional needs repair
1463,functional
1464,functional needs repair
1465,non functional
1466,functional needs repair
1467,non functional
1468,functional needs repair
1469,functional
1470,functional needs repair
1471,functional
1472,non functional
1473,functional
1474,functional needs repair
1475,functional
1476,non functional
1477,functional needs repair
1478,functional needs repair
1479,functional needs repair
1480,functional needs repair
1481,functional needs repair
1482,non functional
1483,non functional
1484,non functional
1485,non functional
1486,functional
1487,functional
1488,non functional
1489,non functional
1490,functional
1491,functional needs repair
1492,non functional
1493,functional needs repair
1494,non functional
1495,functional
1496,non functional
1497,functional needs repair
1498,functional needs repair
1499,non functional
1500,non functional
1501,non functional
1502,functional
1503,functional needs repair
1504,functional needs repair
1505,functional needs repair
1506,functional needs repair
1507,functional
1508,functional
1509,non functional
1510,functional needs repair
1511,functional
1512,functional
1513,functional needs repair
1514,functional needs repair
1515,functional
1516,functional
1517,functional needs repair
1518,non functional
1519,non functional
1520,non functional
1521,non functional
1522,functional needs repair
1523,functional
1524,functional
1525,functional needs repair
1526,non functional
1527,non functional
1528,non functional
1529,functional needs repair
1530,non functional
1531,non functional
1532,non functional
1533,functional needs repair
1534,non functional
1535,functional needs repair
1536,functional needs repair
1537,functional
1538,non functional
1539,non functional
1540,non functional
1541,functional needs repair
1542,non functional
1543,functional
1544,non functional
1545,non functional
1546,non functional
1547,functional needs repair
1548,functional needs repair
1549,non functional
1550,functional needs repair
1551,functional
1552,functional needs repair
1553,non functional
1554,non functional
1555,functional needs repair
1556,functional needs repair
1557,functional needs repair
1558,functional
1559,functional
1560,non functional
1561,non functional
1562,functional needs repair
1563,functional needs repair
1564,functional needs repair
1565,functional needs repair
1566,functional
1567,non functional
1568,functional needs repair
1569,functional needs repair
1570,functional needs repair
1571,functional needs repair
1572,non functional
1573,non functional
1574,functional
1575,non functional
1576,functional
1577,non functional
1578,functional needs repair
1579,functional
1580,functional needs repair
1581,functional needs repair
1582,functional needs repair
1583,functional needs repair
1584,functional needs repair
1585,functional
1586,functional needs repair
1587,non functional
1588,functional needs repair
1589,non functional
1590,functional needs repair
1591,non functional
1592,functional
1593,non functional
1594,non functional
1595,non functional
1596,non functional
1597,functional needs repair
1598,functional
1599,functional needs repair
1600,non functional
1601,functional needs repair
1602,functional needs repair
1603,functional needs repair
1604,functional
1605,functional
1606,functional needs repair
1607,non functional
1608,functional
1609,functional needs repair
1610,non functional
1611,functional needs repair
1612,non functional
1613,functional needs repair
1614,functional
1615,non functional
1616,functional needs repair
1617,functional
1618,non functional
1619,functional needs repair
1620,functional
1621,functional needs repair
1622,non functional
1623,functional needs repair
1624,functional
1625,functional needs repair
1626,functional needs repair
1627,functional needs repair
1628,non functional
1629,non functional
1630,non functional
1631,functional needs repair
1632,non functional
1633,functional needs repair
1634,functional needs repair
1635,functional needs repair
1636,functional needs repair
1637,functional
1638,functional needs repair
1639,non functional
1640,non functional
1641,non functional
1642,functional needs repair
1643,functional needs repair
1644,functional needs repair
1645,non functional
1646,functional
1647,functional needs repair
1648,functional needs repair
1649,functional needs repair
1650,functional needs repair
1651,non functional
1652,functional needs repair
1653,functional
1654,functional needs repair
1655,functional
1656,functional
1657,functional needs repair
1658,non functional
1659,non functional
1660,functional needs repair
1661,non functional
1662,functional needs repair
1663,non functional
1664,non functional
1665,non functional
1666,functional
1667,functional needs repair
1668,non functional
1669,non functional
1670,functional
1671,functional
1672,non functional
1673,functional
1674,functional needs repair
1675,non functional
1676,non functional
1677,functional
1678,functional needs repair
1679,functional
1680,non functional
1681,functional
1682,non functional
1683,functional
1684,non functional
1685,functional needs repair
1686,functional needs repair
1687,functional
1688,non functional
1689,functional needs repair
1690,functional needs repair
1691,non functional
1692,non functional
1693,functional needs repair
1694,non functional
1695,functional needs repair
1696,functional needs repair
1697,functional needs repair
1698,functional needs repair
1699,functional needs repair
1700,non functional
1701,functional needs repair
1702,functional needs repair
1703,functional needs repair
1704,functional needs repair
1705,functional needs repair
1706,functional
1707,non functional
1708,functional needs repair
1709,functional needs repair
1710,non functional
1711,non functional
1712,functional needs repair
1713,non functional
1714,non functional
1715,functional needs repair
1716,functional needs repair
1717,non functional
1718,non functional
1719,functional needs repair
1720,non functional
1721,functional needs repair
1722,non functional
1723,non functional
1724,non functional
1725,functional
1726,non functional
1727,functional needs repair
1728,non functional
1729,functional needs repair
1730,non functional
1731,functional needs repair
1732,non functional
1733,functional needs repair
1734,functional needs repair
1735,functional needs repair
1736,non functional
1737,functional needs repair
1738,functional
1739,non functional
1740,functional
1741,functional needs repair
1742,functional
1743,functional needs repair
1744,functional needs repair
1745,functional needs repair
1746,non functional
1747,non functional
1748,functional needs repair
1749,functional needs repair
1750,non functional
1751,functional needs repair
1752,non functional
1753,functional
1754,functional
1755,functional
1756,functional needs repair
1757,non functional
1758,non functional
1759,functional
1760,functional
1761,functional needs repair
1762,functional
1763,functional
1764,non functional
1765,functional needs repair
1766,functional needs repair
1767,functional
1768,functional
1769,functional needs repair
1770,functional needs repair
1771,functional
1772,functional
1773,non functional
1774,non functional
1775,functional needs repair
1776,non functional
1777,functional needs repair
1778,non functional
1779,non functional
1780,non functional
1781,non functional
1782,non functional
1783,non functional
1784,non functional
1785,non functional
1786,non functional
1787,functional needs repair
1788,non functional
1789,functional needs repair
1790,functional
1791,functional
1792,non functional
1793,functional needs repair
1794,functional needs repair
1795,functional
1796,non functional
1797,functional
1798,non functional
1799,functional
1800,non functional
1801,functional needs repair
1802,functional
1803,functional needs repair
1804,functional
1805,non functional
1806,functional needs repair
1807,functional needs repair
1808,functional needs repair
1809,functional needs repair
1810,functional needs repair
1811,functional needs repair
1812,functional
1813,functional needs repair
1814,functional needs repair
1815,non functional
1816,functional
1817,non functional
1818,functional needs repair
1819,functional needs repair
1820,non functional
1821,functional
1822,functional needs repair
1823,functional needs repair
1824,functional
1825,functional needs repair
1826,non functional
1827,functional
1828,non functional
1829,functional needs repair
1830,functional
1831,non functional
1832,functional needs repair
1833,non functional
1834,functional
1835,functional needs repair
1836,non functional
1837,non functional
1838,functional
1839,functional needs repair
1840,functional needs repair
1841,non functional
1842,non functional
1843,functional needs repair
1844,functional
1845,functional needs repair
1846,non functional
1847,functional needs repair
1848,functional needs repair
1849,functional needs repair
1850,non functional
1851,functional needs repair
1852,functional needs repair
1853,functional needs repair
1854,functional needs repair
1855,functional needs repair
1856,functional needs repair
1857,functional
1858,non functional
1859,non functional
1860,functional needs repair
1861,functional needs repair
1862,non functional
1863,non functional
1864,functional
1865,non functional
1866,functional needs repair
1867,functional needs repair
1868,functional needs repair
1869,non functional
1870,non functional
1871,non functional
1872,functional needs repair
1873,functional
1874,non functional
1875,functional
1876,non functional
1877,non functional
1878,non functional
1879,functional needs repair
1880,non functional
1881,functional needs repair
1882,non functional
1883,non functional
1884,non functional
1885,functional needs repair
1886,functional needs repair
1887,functional
1888,functional needs repair
1889,functional
1890,non functional
1891,non functional
1892,functional needs repair
1893,functional needs repair
1894,non functional
1895,non functional
1896,functional needs repair
1897,non functional
1898,non functional
1899,non functional
1900,functional
1901,functional needs repair
1902,non functional
1903,non functional
1904,non functional
1905,non functional
1906,non functional
1907,functional needs repair
1908,non functional
1909,non functional
1910,functional needs repair
1911,non functional
1912,functional needs repair
1913,functional needs repair
1914,functional needs repair
1915,non functional
1916,non functional
1917,non functional
1918,non functional
1919,non functional
1920,functional
1921,non functional
1922,functional
1923,functional
1924,functional
1925,non functional
1926,non functional
1927,non functional
1928,non functional
1929,functional
1930,functional
1931,functional needs repair
1932,functional
1933,non functional
1934,functional needs repair
1935,functional needs repair
1936,functional
1937,functional needs repair
1938,functional
1939,functional needs repair
1940,functional
1941,functional needs repair
1942,non functional
1943,non functional
1944,non functional
1945,functional needs repair
1946,non functional
1947,functional needs repair
1948,non functional
1949,functional needs repair
1950,functional
1951,non functional
1952,functional needs repair
1953,non functional
1954,functional needs repair
1955,functional needs repair
1956,non functional
1957,functional needs repair
1958,functional
1959,non functional
1960,functional needs repair
1961,functional needs repair
1962,functional needs repair
1963,functional needs repair
1964,non functional
1965,non functional
1966,functional
1967,non functional
1968,functional
1969,functional needs repair
1970,functional needs repair
1971,non functional
1972,non functional
1973,functional needs repair
1974,functional needs repair
1975,functional needs repair
1976,functional needs repair
1977,functional
1978,functional needs repair
1979,functional needs repair
1980,functional needs repair
1981,functional needs repair
1982,non functional
1983,non functional
1984,non functional
1985,functional
1986,functional needs repair
1987,non functional
1988,non functional
1989,functional
1990,non functional
1991,functional needs repair
1992,non functional
1993,functional needs repair
1994,functional
1995,non functional
1996,functional needs repair
1997,functional
1998,functional
1999,non functional
2000,functional
2001,non functional
2002,non functional
2003,non functional
2004,non functional
2005,non functional
2006,functional
2007,functional needs repair
2008,functional
2009,non functional
2010,functional needs repair
2011,functional needs repair
2012,functional needs repair
2013,functional needs repair
2014,functional
2015,functional
2016,non functional
2017,non functional
2018,functional needs repair
2019,non functional
2020,functional needs repair
2021,non functional
2022,functional
2023,functional
2024,non functional
2025,non functional
2026,functional
2027,functional needs repair
2028,non functional
2029,non functional
2030,functional
2031,functional needs repair
2032,functional needs repair
2033,non functional
2034,non functional
2035,functional needs repair
2036,non functional
2037,non functional
2038,functional needs repair
2039,non functional
2040,functional
2041,non functional
2042,non functional
2043,functional needs repair
2044,non functional
2045,non functional
2046,functional needs repair
2047,non functional
2048,non functional
2049,non functional
2050,functional needs repair
2051,non functional
2052,non functional
2053,non functional
2054,functional needs repair
2055,functional needs repair
2056,functional needs repair
2057,functional needs repair
2058,non functional
2059,non functional
2060,functional
2061,non functional
2062,functional needs repair
2063,functional needs repair
2064,non functional
2065,non functional
2066,functional needs repair
2067,non functional
2068,non functional
2069,non functional
2070,non functional
2071,functional
2072,non functional
2073,functional needs repair
2074,non functional
2075,non functional
2076,non functional
2077,functional needs repair
2078,functional
2079,non functional
2080,functional needs repair
2081,functional needs repair
2082,functional needs repair
2083,non functional
2084,functional needs repair
2085,non functional
2086,functional
2087,non functional
2088,functional needs repair
2089,functional needs repair
2090,functional needs repair
2091,non functional
2092,functional
2093,non functional
2094,non functional
2095,functional needs repair
2096,functional needs repair
2097,non functional
2098,functional
2099,functional
2100,non functional
2101,non functional
2102,functional needs repair
2103,functional needs repair
2104,functional
2105,functional needs repair
2106,functional needs repair
2107,functional needs repair
2108,functional needs repair
2109,functional needs repair
2110,functional
2111,non functional
2112,functional needs repair
2113,non functional
2114,functional needs repair
2115,functional needs repair
2116,non functional
2117,non functional
2118,non functional
2119,functional needs repair
2120,non functional
2121,non functional
2122,non functional
2123,functional
2124,non functional
2125,functional
2126,non functional
2127,functional needs repair
2128,functional
2129,functional needs repair
2130,functional needs repair
2131,functional needs repair
2132,functional
2133,non functional
2134,functional
2135,non functional
2136,functional needs repair
2137,functional
2138,functional
2139,functional needs repair
2140,functional needs repair
2141,functional needs repair
2142,functional needs repair
2143,non functional
2144,non functional
2145,functional needs repair
2146,functional
2147,functional needs repair
2148,non functional
2149,non functional
2150,functional needs repair
2151,functional needs repair
2152,functional needs repair
2153,functional needs repair
2154,functional needs repair
2155,functional needs repair
2156,functional
2157,functional needs repair
2158,functional needs repair
2159,functional needs repair
2160,non functional
2161,functional
2162,non functional
2163,non functional
2164,non functional
2165,functional needs repair
2166,non functional
2167,non functional
2168,functional needs repair
2169,functional needs repair
2170,non functional
2171,functional needs repair
2172,functional needs repair
2173,functional
2174,non functional
2175,functional needs repair
2176,functional
2177,non functional
2178,non functional
2179,functional
2180,functional
2181,functional
2182,functional
2183,functional needs repair
2184,non functional
2185,functional needs repair
2186,functional needs repair
2187,non functional
2188,functional
2189,functional needs repair
2190,non functional
2191,functional needs repair
2192,non functional
2193,functional needs repair
2194,non functional
2195,functional needs repair
2196,functional needs repair
2197,non functional
2198,non functional
2199,functional needs repair
2200,non functional
2201,functional
2202,functional needs repair
2203,functional
2204,non functional
2205,functional needs repair
2206,functional needs repair
2207,functional needs repair
2208,non functional
2209,functional needs repair
2210,functional needs repair
2211,non functional
2212,functional needs repair
2213,functional needs repair
2214,non functional
2215,functional
2216,functional needs repair
2217,functional needs repair
2218,functional needs repair
2219,functional needs repair
2220,functional
2221,non functional
2222,non functional
2223,functional needs repair
2224,non functional
2225,functional
2226,non functional
2227,functional
2228,functional
2229,functional
2230,functional needs repair
2231,non functional
2232,functional needs repair
2233,non functional
2234,non functional
2235,functional
2236,functional needs repair
2237,non functional
2238,functional needs repair
2239,functional needs repair
2240,functional
2241,non functional
2242,functional
2243,functional needs repair
2244,functional needs repair
2245,non functional
2246,functional needs repair
2247,functional
2248,functional needs repair
2249,non functional
2250,non functional
2251,functional
2252,functional
2253,functional needs repair
2254,functional
2255,non functional
2256,functional needs repair
2257,non functional
2258,functional needs repair
2259,functional needs repair
2260,functional needs repair
2261,non functional
2262,functional needs repair
2263,functional needs repair
2264,functional
2265,non functional
2266,non functional
2267,functional needs repair
2268,non functional
2269,non functional
2270,functional needs repair
2271,functional
2272,functional
2273,functional needs repair
2274,non functional
2275,non functional
2276,non functional
2277,functional needs repair
2278,functional needs repair
2279,non functional
2280,functional
2281,functional needs repair
2282,functional
2283,functional
2284,non functional
2285,functional needs repair
2286,non functional
2287,functional
2288,functional needs repair
2289,functional needs repair
2290,non functional
2291,functional
2292,non functional
2293,functional needs repair
2294,functional needs repair
2295,non functional
2296,functional
2297,functional
2298,non functional
2299,functional needs repair
2300,non functional
2301,functional needs repair
2302,functional needs repair
2303,functional needs repair
2304,functional needs repair
2305,non functional
2306,functional
2307,non functional
2308,functional needs repair
2309,functional
2310,functional needs repair
2311,non functional
2312,functional
2313,non functional
2314,functional needs repair
2315,non functional
2316,non functional
2317,non functional
2318,non functional
2319,non functional
2320,non functional
2321,non functional
2322,non functional
2323,non functional
2324,non functional
2325,non functional
2326,functional
2327,non functional
2328,functional
2329,non functional
2330,functional
2331,functional needs repair
2332,functional needs repair
2333,functional needs repair
2334,non functional
2335,functional needs repair
2336,non functional
2337,functional
2338,functional needs repair
2339,non functional
2340,functional needs repair
2341,functional
2342,functional needs repair
2343,functional needs repair
2344,functional needs repair
2345,functional needs repair
2346,functional
2347,non functional
2348,functional needs repair
2349,non functional
2350,non functional
2351,functional
2352,functional needs repair
2353,non functional
2354,functional needs repair
2355,non functional
2356,non functional
2357,functional
2358,non functional
2359,functional needs repair
2360,non functional
2361,functional needs repair
2362,non functional
2363,non functional
2364,functional needs repair
2365,functional needs repair
2366,functional
2367,non functional
2368,non functional
2369,functional needs repair
2370,functional needs repair
2371,non functional
2372,non functional
2373,non functional
2374,functional needs repair
2375,functional needs repair
2376,non functional
2377,non functional
2378,non functional
2379,functional needs repair
2380,non functional
2381,non functional
2382,functional needs repair
2383,non functional
2384,functional needs repair
2385,functional needs repair
2386,non functional
2387,functional
2388,functional needs repair
2389,non functional
2390,non functional
2391,functional needs repair
2392,functional needs repair
2393,functional
2394,non functional
2395,functional needs repair
2396,functional needs repair
2397,non functional
2398,functional needs repair
2399,non functional
2400,functional
2401,non functional
2402,functional needs repair
2403,non functional
2404,non functional
2405,non functional
2406,functional needs repair
2407,functional needs repair
2408,functional needs repair
2409,non functional
2410,functional needs repair
2411,functional
2412,functional
2413,non functional
2414,functional needs repair
2415,non functional
2416,functional needs repair
2417,functional needs repair
2418,functional
2419,functional
2420,non functional
2421,functional
2422,functional needs repair
2423,functional needs repair
2424,non functional
2425,functional needs repair
2426,functional
2427,functional
2428,functional needs repair
2429,functional
2430,functional needs repair
2431,functional needs repair
2432,functional
2433,functional needs repair
2434,functional
2435,functional needs repair
2436,functional needs repair
2437,functional
2438,functional
2439,non functional
2440,functional needs repair
2441,non functional
2442,non functional
2443,functional needs repair
2444,non functional
2445,functional needs repair
2446,non functional
2447,functional needs repair
2448,functional
2449,non functional
2450,functional needs repair
2451,functional
2452,functional needs repair
2453,functional needs repair
2454,non functional
2455,non functional
2456,non functional
2457,non functional
2458,non functional
2459,functional needs repair
2460,functional needs repair
2461,functional
2462,functional needs repair
2463,non functional
2464,non functional
2465,functional needs repair
2466,functional needs repair
2467,non functional
2468,non functional
2469,functional needs repair
2470,functional
2471,non functional
2472,functional
2473,non functional
2474,non functional
2475,non functional
2476,functional
2477,functional needs repair
2478,functional
2479,non functional
2480,functional
2481,non functional
2482,functional needs repair
2483,non functional
2484,functional needs repair
2485,functional needs repair
2486,functional needs repair
2487,non functional
2488,non functional
2489,functional
2490,non functional
2491,functional
2492,non functional
2493,non functional
2494,non functional
2495,functional needs repair
2496,non functional
2497,functional needs repair
2498,functional needs repair
2499,functional needs repair
2500,non functional
2501,functional
2502,non functional
2503,functional needs repair
2504,non functional
2505,non functional
2506,non functional
2507,functional needs repair
2508,functional needs repair
2509,functional
2510,non functional
2511,non functional
2512,non functional
2513,functional needs repair
2514,non functional
2515,non functional
2516,non functional
2517,non functional
2518,non functional
2519,non functional
2520,non functional
2521,functional
2522,non functional
2523,non functional
2524,functional
2525,functional
2526,non functional
2527,functional needs repair
2528,non functional
2529,non functional
2530,functional
2531,functional
2532,functional needs repair
2533,non functional
2534,functional needs repair
2535,functional
2536,non functional
2537,non functional
2538,non functional
2539,non functional
2540,functional needs repair
2541,non functional
2542,non functional
2543,functional needs repair
2544,functional
2545,functional needs repair
2546,functional
2547,non functional
2548,non functional
2549,functional
2550,non functional
2551,functional needs repair
2552,functional needs repair
2553,non functional
2554,functional needs repair
2555,functional needs repair
2556,functional needs repair
2557,functional needs repair
2558,non functional
2559,functional
2560,functional needs repair
2561,non functional
2562,functional needs repair
2563,functional
2564,functional
2565,functional needs repair
2566,functional needs repair
2567,functional needs repair
2568,functional needs repair
2569,functional needs repair
2570,functional needs repair
2571,functional needs repair
2572,functional needs repair
2573,non functional
2574,non functional
2575,functional needs repair
2576,functional needs repair
2577,functional
2578,functional needs repair
2579,functional
2580,non functional
2581,non functional
2582,functional needs repair
2583,functional needs repair
2584,functional
2585,non functional
2586,functional needs repair
2587,functional needs repair
2588,functional
2589,non functional
2590,functional
2591,non functional
2592,non functional
2593,functional
2594,functional needs repair
2595,non functional
2596,functional needs repair
2597,functional needs repair
2598,functional needs repair
2599,non functional
2600,non functional
2601,functional
2602,functional needs repair
2603,non functional
2604,functional needs repair
2605,functional needs repair
2606,functional
2607,functional needs repair
2608,non functional
2609,non functional
2610,functional needs repair
2611,functional needs repair
2612,non functional
2613,non functional
2614,functional needs repair
2615,functional
2616,functional needs repair
2617,functional
2618,functional needs repair
2619,functional
2620,functional needs repair
2621,non functional
2622,non functional
2623,functional needs repair
2624,non functional
2625,functional
2626,non functional
2627,functional needs repair
2628,functional needs repair
2629,functional needs repair
2630,functional needs repair
2631,functional
2632,functional
2633,non functional
2634,non functional
2635,functional
2636,non functional
2637,non functional
2638,non functional
2639,non functional
2640,functional needs repair
2641,non functional
2642,functional needs repair
2643,functional needs repair
2644,non functional
2645,functional needs repair
2646,non functional
2647,functional needs repair
2648,non functional
2649,functional needs repair
2650,non functional
2651,non functional
2652,functional needs repair
2653,functional needs repair
2654,functional needs repair
2655,non functional
2656,functional needs repair
2657,non functional
2658,non functional
2659,functional needs repair
2660,functional needs repair
2661,non functional
2662,non functional
2663,functional needs repair
2664,functional
2665,functional
2666,non functional
2667,functional
2668,functional
2669,functional
2670,functional
2671,non functional
2672,non functional
2673,functional needs repair
2674,functional needs repair
2675,functional needs repair
2676,functional
2677,functional
2678,functional
2679,non functional
2680,functional
2681,non functional
2682,functional needs repair
2683,functional
2684,functional needs repair
2685,functional needs repair
2686,functional
2687,functional
2688,functional needs repair
2689,non functional
2690,non functional
2691,functional needs repair
2692,non functional
2693,functional
2694,functional needs repair
2695,non functional
2696,functional
2697,non functional
2698,functional needs repair
2699,non functional
2700,functional
2701,functional needs repair
2702,functional needs repair
2703,non functional
2704,functional
2705,functional needs repair
2706,functional needs repair
2707,non functional
2708,functional needs repair
2709,functional
2710,non functional
2711,functional
2712,non functional
2713,functional needs repair
2714,non functional
2715,non functional
2716,non functional
2717,non functional
2718,non functional
2719,functional
2720,functional
2721,functional needs repair
2722,functional needs repair
2723,functional
2724,functional
2725,non functional
2726,non functional
2727,functional needs repair
2728,functional
2729,non functional
2730,functional
2731,functional
2732,functional needs repair
2733,non functional
2734,functional needs repair
2735,non functional
2736,non functional
2737,functional
2738,non functional
2739,non functional
2740,functional
2741,functional needs repair
2742,non functional
2743,non functional
2744,functional needs repair
2745,functional
2746,functional needs repair
2747,non functional
2748,functional needs repair
2749,functional needs repair
2750,non functional
2751,functional needs repair
2752,functional needs repair
2753,functional needs repair
2754,non functional
2755,functional needs repair
2756,non functional
2757,non functional
2758,non functional
2759,non functional
2760,non functional
2761,non functional
2762,non functional
2763,functional needs repair
2764,non functional
2765,functional
2766,functional needs repair
2767,non functional
2768,functional needs repair
2769,functional
2770,functional needs repair
2771,functional needs repair
2772,functional needs repair
2773,functional
2774,functional
2775,non functional
2776,non functional
2777,non functional
2778,functional needs repair
2779,functional needs repair
2780,non functional
2781,functional
2782,non functional
2783,functional needs repair
2784,non functional
2785,functional needs repair
2786,functional
2787,functional
2788,functional needs repair
2789,functional
2790,functional needs repair
2791,non functional
2792,non functional
2793,non functional
2794,functional needs repair
2795,functional
2796,non functional
2797,non functional
2798,functional needs repair
2799,non functional
2800,non functional
2801,non functional
2802,functional needs repair
2803,functional needs repair
2804,functional needs repair
2805,non functional
2806,functional
2807,non functional
2808,non functional
2809,non functional
2810,non functional
2811,functional
2812,functional needs repair
2813,functional
2814,non functional
2815,functional needs repair
2816,functional needs repair
2817,functional needs repair
2818,non functional
2819,functional needs repair
2820,functional
2821,non functional
2822,functional
2823,functional
2824,functional
2825,functional needs repair
2826,functional needs repair
2827,non functional
2828,functional needs repair
2829,functional needs repair
2830,non functional
2831,functional needs repair
2832,functional needs repair
2833,non functional
2834,non functional
2835,functional needs repair
2836,functional needs repair
2837,functional needs repair
2838,functional
2839,functional needs repair
2840,functional needs repair
2841,functional
2842,functional needs repair
2843,functional needs repair
2844,non functional
2845,functional needs repair
2846,non functional
2847,functional needs repair
2848,functional needs repair
2849,functional needs repair
2850,functional
2851,functional
2852,functional needs repair
2853,non functional
2854,functional
2855,functional needs repair
2856,non functional
2857,non functional
2858,functional needs repair
2859,functional needs repair
2860,non functional
2861,non functional
2862,non functional
2863,non functional
2864,non functional
2865,functional needs repair
2866,non functional
2867,functional needs repair
2868,functional needs repair
2869,functional needs repair
2870,non functional
2871,functional needs repair
2872,non functional
2873,functional
2874,functional
2875,non functional
2876,non functional
2877,non functional
2878,functional
2879,non functional
2880,functional needs repair
2881,functional needs repair
2882,functional
2883,non functional
2884,non functional
2885,functional
2886,functional
2887,functional needs repair
2888,non functional
2889,functional needs repair
2890,functional needs repair
2891,non functional
2892,functional
2893,non functional
2894,non functional
2895,non functional
2896,functional needs repair
2897,functional needs repair
2898,functional
2899,non functional
2900,functional
2901,non functional
2902,non functional
2903,non functional
2904,functional needs repair
2905,functional needs repair
2906,functional
2907,functional
2908,non functional
2909,functional needs repair
2910,non functional
2911,non functional
2912,functional needs repair
2913,functional needs repair
2914,functional
2915,functional
2916,functional needs repair
2917,non functional
2918,non functional
2919,functional needs repair
2920,functional
2921,functional needs repair
2922,functional
2923,functional
2924,functional
2925,functional needs repair
2926,non functional
2927,functional needs repair
2928,functional needs repair
2929,functional needs repair
2930,functional needs repair
2931,functional
2932,functional
2933,non functional
2934,functional
2935,functional needs repair
2936,non functional
2937,non functional
2938,functional needs repair
2939,non functional
2940,non functional
2941,non functional
2942,functional
2943,functional needs repair
2944,non functional
2945,functional
2946,non functional
2947,non functional
2948,functional needs repair
2949,functional needs repair
2950,functional needs repair
2951,non functional
2952,functional needs repair
2953,functional
2954,non functional
2955,non functional
2956,non functional
2957,non functional
2958,functional needs repair
2959,functional needs repair
2960,functional needs repair
2961,functional
2962,non functional
2963,functional needs repair
2964,functional
2965,functional needs repair
2966,functional needs repair
2967,non functional
2968,functional
2969,functional needs repair
2970,non functional
2971,non functional
2972,non functional
2973,functional
2974,non functional
2975,functional needs repair
2976,non functional
2977,functional needs repair
2978,functional needs repair
2979,functional
2980,non functional
2981,functional needs repair
2982,functional
2983,non functional
2984,non functional
2985,functional
2986,functional needs repair
2987,functional needs repair
2988,non functional
2989,non functional
2990,non functional
2991,non functional
2992,functional needs repair
2993,non functional
2994,non functional
2995,functional needs repair
2996,non functional
2997,non functional
2998,non functional
2999,functional needs repair
3000,functional needs repair
3001,non functional
3002,functional
3003,non functional
3004,functional needs repair
3005,functional needs repair
3006,functional needs repair
3007,functional needs repair
3008,functional
3009,functional needs repair
3010,functional needs repair
3011,functional needs repair
3012,non functional
3013,functional needs repair
3014,functional needs repair
3015,functional needs repair
3016,functional
3017,non functional
3018,non functional
3019,non functional
3020,functional needs repair
3021,functional needs repair
3022,non functional
3023,non functional
3024,functional needs repair
3025,functional needs repair
3026,non functional
3027,non functional
3028,functional
3029,non functional
3030,functional needs repair
3031,non functional
3032,functional needs repair
3033,functional needs repair
3034,non functional
3035,non functional
3036,functional
3037,non functional
3038,functional needs repair
3039,functional needs repair
3040,non functional
3041,functional
3042,functional needs repair
3043,functional
3044,non functional
3045,non functional
3046,functional
3047,functional needs repair
3048,non functional
3049,non functional
3050,non functional
3051,functional needs repair
3052,functional needs repair
3053,functional needs repair
3054,functional needs repair
3055,functional needs repair
3056,functional
3057,functional needs repair
3058,non functional
3059,functional
3060,functional needs repair
3061,functional
3062,functional needs repair
3063,functional needs repair
3064,non functional
3065,functional
3066,non functional
3067,functional needs repair
3068,functional
3069,non functional
3070,functional
3071,non functional
3072,functional
3073,functional needs repair
3074,functional
3075,functional
3076,non functional
3077,non functional
3078,functional needs repair
3079,non functional
3080,functional needs repair
3081,functional needs repair
3082,functional needs repair
3083,functional needs repair
3084,functional needs repair
3085,functional
3086,functional needs repair
3087,functional needs repair
3088,non functional
3089,non functional
3090,non functional
3091,non functional
3092,functional needs repair
3093,functional needs repair
3094,functional
3095,non functional
3096,non functional
3097,non functional
3098,non functional
3099,non functional
3100,non functional
3101,functional
3102,functional needs repair
3103,functional
3104,non functional
3105,functional needs repair
3106,functional
3107,non functional
3108,functional
3109,non functional
3110,functional needs repair
3111,non functional
3112,functional
3113,functional needs repair
3114,functional needs repair
3115,non functional
3116,functional needs repair
3117,non functional
3118,non functional
3119,functional needs repair
3120,functional needs repair
3121,functional needs repair
3122,functional needs repair
3123,non functional
3124,non functional
3125,non functional
3126,non functional
3127,non functional
3128,functional
3129,functional needs repair
3130,functional
3131,functional needs repair
3132,functional needs repair
3133,functional needs repair
3134,non functional
3135,non functional
3136,non functional
3137,non functional
3138,non functional
3139,functional needs repair
3140,non functional
3141,non functional
3142,functional
3143,functional needs repair
3144,non functional
3145,functional needs repair
3146,functional
3147,non functional
3148,functional needs repair
3149,non functional
3150,functional needs repair
3151,non functional
3152,non functional
3153,functional needs repair
3154,functional needs repair
3155,non functional
3156,non functional
3157,functional needs repair
3158,functional
3159,functional needs repair
3160,functional needs repair
3161,functional
3162,functional
3163,functional needs repair
3164,non functional
3165,functional needs repair
3166,non functional
3167,non functional
3168,non functional
3169,non functional
3170,functional needs repair
3171,non functional
3172,non functional
3173,functional needs repair
3174,functional
3175,functional needs repair
3176,non functional
3177,non functional
3178,functional
3179,functional needs repair
3180,non functional
3181,functional needs repair
3182,non functional
3183,non functional
3184,functional needs repair
3185,non functional
3186,functional
3187,functional needs repair
3188,functional
3189,functional needs repair
3190,non functional
3191,non functional
3192,functional needs repair
3193,functional
3194,non functional
3195,functional
3196,non functional
3197,functional needs repair
3198,functional needs repair
3199,functional
3200,functional
3201,functional needs repair
3202,functional needs repair
3203,functional needs repair
3204,non functional
3205,non functional
3206,functional needs repair
3207,functional needs repair
3208,non functional
3209,non functional
3210,functional needs repair
3211,non functional
3212,non functional
3213,functional needs repair
3214,non functional
3215,non functional
3216,non functional
3217,functional needs repair
3218,functional needs repair
3219,non functional
3220,functional
3221,functional needs repair
3222,functional needs repair
3223,non functional
3224,functional
3225,functional needs repair
3226,functional needs repair
3227,functional needs repair
3228,functional needs repair
3229,functional
3230,functional needs repair
3231,functional needs repair
3232,functional
3233,non functional
3234,functional needs repair
3235,functional
3236,functional
3237,non functional
3238,functional
3239,non functional
3240,functional needs repair
3241,non functional
3242,functional needs repair
3243,non functional
3244,functional needs repair
3245,functional
3246,functional needs repair
3247,functional needs repair
3248,non functional
3249,non functional
3250,functional
3251,non functional
3252,functional needs repair
3253,functional needs repair
3254,non functional
3255,functional needs repair
3256,non functional
3257,non functional
3258,functional
3259,functional
3260,functional
3261,non functional
3262,functional needs repair
3263,functional needs repair
3264,functional needs repair
3265,functional needs repair
3266,functional
3267,functional needs repair
3268,non functional
3269,non functional
3270,non functional
3271,non functional
3272,non functional
3273,non functional
3274,non functional
3275,non functional
3276,functional needs repair
3277,non functional
3278,non functional
3279,functional
3280,non functional
3281,non functional
3282,non functional
3283,non functional
3284,functional needs repair
3285,non functional
3286,non functional
3287,functional needs repair
3288,functional needs repair
3289,functional needs repair
3290,functional
3291,non functional
3292,functional
3293,functional needs repair
3294,functional needs repair
3295,functional
3296,non functional
3297,non functional
3298,functional needs repair
3299,functional needs repair
3300,non functional
3301,functional needs repair
3302,non functional
3303,functional needs repair
3304,non functional
3305,functional
3306,functional needs repair
3307,functional needs repair
3308,functional needs repair
3309,functional needs repair
3310,functional
3311,functional needs repair
3312,non functional
3313,functional
3314,functional needs repair
3315,functional
3316,non functional
3317,functional needs repair
3318,functional needs repair
3319,non functional
3320,functional
3321,non functional
3322,functional needs repair
3323,non functional
3324,non functional
3325,functional needs repair
3326,functional needs repair
3327,functional needs repair
3328,functional needs repair
3329,non functional
3330,functional needs repair
3331,non functional
3332,functional needs repair
3333,non functional
3334,functional
3335,functional
3336,functional
3337,functional
3338,functional needs repair
3339,functional needs repair
3340,non functional
3341,functional needs repair
3342,non functional
3343,functional
3344,functional needs repair
3345,non functional
3346,functional
3347,functional
3348,non functional
3349,non functional
3350,non functional
3351,non functional
3352,functional
3353,non functional
3354,non functional
3355,non functional
3356,non functional
3357,functional
3358,non functional
3359,functional
3360,non functional
3361,functional needs repair
3362,non functional
3363,functional
3364,non functional
3365,functional needs repair
3366,non functional
3367,functional needs repair
3368,non functional
3369,functional needs repair
3370,functional needs repair
3371,non functional
3372,functional needs repair
3373,non functional
3374,functional needs repair
3375,functional needs repair
3376,non functional
3377,functional
3378,functional needs repair
3379,functional needs repair
3380,functional
3381,non functional
3382,non functional
3383,functional needs repair
3384,non functional
3385,functional needs repair
3386,functional needs repair
3387,functional needs repair
3388,functional needs repair
3389,functional
3390,non functional
3391,functional needs repair
3392,functional needs repair
3393,non functional
3394,functional needs repair
3395,functional
3396,functional needs repair
3397,functional
3398,functional needs repair
3399,non functional
3400,non functional
3401,functional
3402,functional
3403,functional
3404,functional needs repair
3405,functional needs repair
3406,non functional
3407,non functional
3408,functional needs repair
3409,non functional
3410,non functional
3411,non functional
3412,functional needs repair
3413,non functional
3414,functional needs repair
3415,functional
3416,functional needs repair
3417,non functional
3418,non functional
3419,non functional
3420,non functional
3421,functional needs repair
3422,functional needs repair
3423,functional needs repair
3424,functional needs repair
3425,non functional
3426,non functional
3427,non functional
3428,non functional
3429,non functional
3430,functional needs repair
3431,functional
3432,functional
3433,non functional
3434,non functional
3435,functional needs repair
3436,non functional
3437,functional
3438,functional needs repair
3439,functional
3440,functional needs repair
3441,non functional
3442,functional needs repair
3443,non functional
3444,non functional
3445,functional needs repair
3446,functional
3447,functional
3448,non functional
3449,non functional
3450,functional needs repair
3451,non functional
3452,non functional
3453,functional needs repair
3454,functional needs repair
3455,functional needs repair
3456,non functional
3457,functional
3458,non functional
3459,functional
3460,functional needs repair
3461,non functional
3462,functional needs repair
3463,non functional
3464,functional needs repair
3465,non functional
3466,functional needs repair
3467,functional needs repair
3468,non functional
3469,functional needs repair
3470,functional
3471,functional needs repair
3472,functional needs repair
3473,non functional
3474,non functional
3475,functional needs repair
3476,non functional
3477,functional needs repair
3478,functional needs repair
3479,non functional
3480,non functional
3481,functional needs repair
3482,non functional
3483,non functional
3484,functional
3485,non functional
3486,functional needs repair
3487,functional needs repair
3488,functional
3489,functional
3490,non functional
3491,functional
3492,functional needs repair
3493,non functional
3494,non functional
3495,functional needs repair
3496,non functional
3497,functional
3498,non functional
3499,functional needs repair
3500,functional
3501,non functional
3502,functional needs repair
3503,functional
3504,non functional
3505,functional needs repair
3506,functional needs repair
3507,functional needs repair
3508,non functional
3509,functional needs repair
3510,functional
3511,non functional
3512,non functional
3513,functional
3514,non functional
3515,non functional
3516,functional needs repair
3517,functional needs repair
3518,functional
3519,functional
3520,non functional
3521,functional needs repair
3522,non functional
3523,functional needs repair
3524,functional
3525,functional needs repair
3526,functional needs repair
3527,functional needs repair
3528,functional needs repair
3529,non functional
3530,functional needs repair
3531,functional needs repair
3532,functional
3533,functional needs repair
3534,functional needs repair
3535,functional needs repair
3536,non functional
3537,functional needs repair
3538,functional needs repair
3539,non functional
3540,non functional
3541,non functional
3542,functional needs repair
3543,non functional
3544,functional needs repair
3545,non functional
3546,non functional
3547,functional needs repair
3548,non functional
3549,functional needs repair
3550,non functional
3551,functional needs repair
3552,functional
3553,functional needs repair
3554,functional
3555,functional needs repair
3556,non functional
3557,functional
3558,functional needs repair
3559,functional needs repair
3560,functional
3561,non functional
3562,non functional
3563,functional needs repair
3564,functional needs repair
3565,functional needs repair
3566,functional needs repair
3567,functional needs repair
3568,non functional
3569,functional
3570,non functional
3571,functional needs repair
3572,functional needs repair
3573,functional needs repair
3574,functional
3575,functional needs repair
3576,functional needs repair
3577,non functional
3578,functional needs repair
3579,functional needs repair
3580,functional needs repair
3581,functional
3582,functional
3583,non functional
3584,non functional
3585,functional needs repair
3586,functional
3587,non functional
3588,non functional
3589,functional
3590,non functional
3591,functional needs repair
3592,non functional
3593,non functional
3594,non functional
3595,functional
3596,functional
3597,functional
3598,non functional
3599,functional
3600,functional
3601,non functional
3602,non functional
3603,functional needs repair
3604,non functional
3605,functional needs repair
3606,non functional
3607,non functional
3608,functional
3609,non functional
3610,functional
3611,functional needs repair
3612,non functional
3613,non functional
3614,functional needs repair
3615,functional needs repair
3616,functional needs repair
3617,functional
3618,functional
3619,functional needs repair
3620,functional needs repair
3621,non functional
3622,functional needs repair
3623,non functional
3624,non functional
3625,functional needs repair
3626,non functional
3627,functional needs repair
3628,functional
3629,functional needs repair
3630,functional needs repair
3631,functional needs repair
3632,non functional
3633,functional needs repair
3634,non functional
3635,functional
3636,non functional
3637,functional needs repair
3638,functional needs repair
3639,non functional
3640,functional
3641,functional needs repair
3642,functional needs repair
3643,functional needs repair
3644,functional needs repair
3645,functional needs repair
3646,functional
3647,non functional
3648,non functional
3649,functional
3650,functional
3651,functional needs repair
3652,non functional
3653,functional needs repair
3654,functional needs repair
3655,non functional
3656,non functional
3657,non functional
3658,functional needs repair
3659,non functional
3660,non functional
3661,functional needs repair
3662,functional needs repair
3663,non functional
3664,non functional
3665,functional
3666,functional needs repair
3667,non functional
3668,functional
3669,functional needs repair
3670,non functional
3671,functional needs repair
3672,non functional
3673,functional
3674,non functional
3675,non functional
3676,non functional
3677,functional needs repair
3678,functional needs repair
3679,functional
3680,non functional
3681,functional
3682,functional needs repair
3683,functional needs repair
3684,non functional
3685,non functional
3686,non functional
3687,functional
3688,non functional
3689,functional needs repair
3690,functional
3691,non functional
3692,non functional
3693,functional
3694,functional
3695,non functional
3696,functional needs repair
3697,non functional
3698,functional needs repair
3699,functional
3700,non functional
3701,functional needs repair
3702,non functional
3703,non functional
3704,non functional
3705,functional needs repair
3706,non functional
3707,functional
3708,non functional
3709,non functional
3710,functional
3711,non functional
3712,non functional
3713,functional
3714,non functional
3715,functional
3716,non functional
3717,non functional
3718,functional needs repair
3719,non functional
3720,non functional
3721,functional
3722,functional
3723,functional needs repair
3724,functional needs repair
3725,functional needs repair
3726,functional needs repair
3727,functional
3728,non functional
3729,functional needs repair
3730,non functional
3731,non functional
3732,functional needs repair
3733,functional needs repair
3734,non functional
3735,functional needs repair
3736,functional
3737,non functional
3738,non functional
3739,functional
3740,functional
3741,functional
3742,non functional
3743,functional
3744,non functional
3745,non functional
3746,non functional
3747,non functional
3748,functional
3749,non functional
3750,non functional
3751,functional
3752,non functional
3753,functional needs repair
3754,functional needs repair
3755,non functional
3756,non functional
3757,functional needs repair
3758,functional
3759,functional needs repair
3760,functional needs repair
3761,non functional
3762,non functional
3763,functional
3764,non functional
3765,functional needs repair
3766,functional needs repair
3767,functional needs repair
3768,functional needs repair
3769,functional needs repair
3770,non functional
3771,non functional
3772,functional
3773,functional needs repair
3774,functional needs repair
3775,functional
3776,non functional
3777,non functional
3778,non functional
3779,functional needs repair
3780,non functional
3781,functional
3782,non functional
3783,non functional
3784,functional needs repair
3785,functional needs repair
3786,functional needs repair
3787,functional needs repair
3788,functional needs repair
3789,functional
3790,functional
3791,functional needs repair
3792,functional needs repair
3793,non functional
3794,functional
3795,functional needs repair
3796,non functional
3797,non functional
3798,functional
3799,non functional
3800,non functional
3801,functional
3802,functional needs repair
3803,non functional
3804,functional
3805,functional
3806,functional needs repair
3807,non functional
3808,functional
3809,non functional
3810,functional needs repair
3811,non functional
3812,functional
3813,non functional
3814,functional needs repair
3815,non functional
3816,non functional
3817,functional needs repair
3818,non functional
3819,non functional
3820,non functional
3821,functional
3822,functional
3823,functional needs repair
3824,functional
3825,functional
3826,functional needs repair
3827,functional needs repair
3828,non functional
3829,non functional
3830,functional
3831,functional needs repair
3832,functional needs repair
3833,non functional
3834,functional needs repair
3835,functional
3836,functional needs repair
3837,functional needs repair
3838,non functional
3839,functional
3840,functional needs repair
3841,functional
3842,non functional
3843,functional
3844,non functional
3845,non functional
3846,functional needs repair
3847,non functional
3848,non functional
3849,non functional
3850,non functional
3851,functional needs repair
3852,functional needs repair
3853,functional needs repair
3854,non functional
3855,functional needs repair
3856,functional
3857,functional needs repair
3858,functional needs repair
3859,functional
3860,non functional
3861,non functional
3862,non functional
3863,non functional
3864,functional needs repair
3865,non functional
3866,non functional
3867,non functional
3868,non functional
3869,functional needs repair
3870,functional needs repair
3871,non functional
3872,non functional
3873,functional needs repair
3874,functional needs repair
3875,non functional
3876,non functional
3877,functional
3878,functional needs repair
3879,functional
3880,non functional
3881,functional
3882,functional
3883,non functional
3884,functional needs repair
3885,non functional
3886,functional needs repair
3887,functional
3888,functional needs repair
3889,non functional
3890,functional needs repair
3891,non functional
3892,functional
3893,functional needs repair
3894,non functional
3895,functional needs repair
3896,functional needs repair
3897,non functional
3898,non functional
3899,non functional
3900,functional
3901,non functional
3902,functional needs repair
3903,functional
3904,non functional
3905,functional needs repair
3906,functional
3907,functional needs repair
3908,functional needs repair
3909,non functional
3910,non functional
3911,non functional
3912,functional needs repair
3913,non functional
3914,functional
3915,non functional
3916,functional needs repair
3917,non functional
3918,functional needs repair
3919,functional
3920,non functional
3921,functional needs repair
3922,functional
3923,non functional
3924,non functional
3925,non functional
3926,functional
3927,functional needs repair
3928,functional
3929,non functional
3930,functional needs repair
3931,non functional
3932,non functional
3933,non functional
3934,non functional
3935,functional needs repair
3936,functional needs repair
3937,non functional
3938,functional needs repair
3939,functional needs repair
3940,functional
3941,non functional
3942,non functional
3943,functional
3944,non functional
3945,non functional
3946,non functional
3947,non functional
3948,non functional
3949,non functional
3950,functional
3951,non functional
3952,functional needs repair
3953,functional needs repair
3954,functional
3955,functional
3956,non functional
3957,functional
3958,functional
3959,functional
3960,functional needs repair
3961,non functional
3962,non functional
3963,functional
3964,functional
3965,functional
3966,functional
3967,non functional
3968,non functional
3969,non functional
3970,functional needs repair
3971,non functional
3972,non functional
3973,functional needs repair
3974,functional needs repair
3975,non functional
3976,functional needs repair
3977,functional
3978,non functional
3979,non functional
3980,functional needs repair
3981,non functional
3982,functional
3983,non functional
3984,non functional
3985,non functional
3986,functional
3987,non functional
3988,functional needs repair
3989,functional needs repair
3990,non functional
3991,non functional
3992,functional
3993,non functional
3994,non functional
3995,functional needs repair
3996,functional
3997,non functional
3998,functional needs repair
3999,functional needs repair
4000,non functional
4001,functional needs repair
4002,non functional
4003,functional needs repair
4004,functional needs repair
4005,non functional
4006,non functional
4007,functional
4008,functional
4009,functional
4010,non functional
4011,functional needs repair
4012,non functional
4013,non functional
4014,functional needs repair
4015,functional needs repair
4016,non functional
4017,functional
4018,functional needs repair
4019,non functional
4020,non functional
4021,functional needs repair
4022,non functional
4023,non functional
4024,non functional
4025,functional
4026,functional needs repair
4027,functional
4028,functional needs repair
4029,functional needs repair
4030,functional
4031,non functional
4032,functional needs repair
4033,non functional
4034,non functional
4035,non functional
4036,functional
4037,non functional
4038,functional
4039,functional needs repair
4040,functional
4041,non functional
4042,non functional
4043,functional needs repair
4044,non functional
4045,non functional
4046,non functional
4047,functional needs repair
4048,functional needs repair
4049,functional needs repair
4050,functional needs repair
4051,non functional
4052,non functional
4053,non functional
4054,non functional
4055,functional
4056,functional needs repair
4057,non functional
4058,functional needs repair
4059,non functional
4060,non functional
4061,non functional
4062,non functional
4063,functional needs repair
4064,functional needs repair
4065,functional
4066,functional
4067,non functional
4068,non functional
4069,non functional
4070,functional needs repair
4071,functional
4072,non functional
4073,non functional
4074,non functional
4075,non functional
4076,functional needs repair
4077,functional
4078,functional needs repair
4079,functional needs repair
4080,non functional
4081,functional
4082,functional needs repair
4083,non functional
4084,functional
4085,non functional
4086,functional needs repair
4087,functional
4088,non functional
4089,functional needs repair
4090,non functional
4091,functional needs repair
4092,non functional
4093,functional needs repair
4094,functional
4095,non functional
4096,non functional
4097,functional
4098,functional needs repair
4099,functional needs repair
4100,functional needs repair
4101,functional
4102,non functional
4103,non functional
4104,functional needs repair
4105,non functional
4106,functional needs repair
4107,functional needs repair
4108,non functional
4109,functional needs repair
4110,functional
4111,non functional
4112,functional
4113,functional
4114,non functional
4115,functional
4116,functional needs repair
4117,non functional
4118,non functional
4119,functional needs repair
4120,functional
4121,functional
4122,functional
4123,non functional
4124,functional
4125,functional
4126,functional needs repair
4127,functional needs repair
4128,functional needs repair
4129,functional
4130,functional needs repair
4131,functional needs repair
4132,non functional
4133,functional needs repair
4134,functional needs repair
4135,non functional
4136,non functional
4137,non functional
4138,functional
4139,functional needs repair
4140,functional
4141,functional
4142,functional needs repair
4143,functional
4144,functional
4145,functional needs repair
4146,functional needs repair
4147,functional needs repair
4148,non functional
4149,non functional
4150,functional
4151,functional needs repair
4152,functional
4153,functional needs repair
4154,non functional
4155,functional needs repair
4156,functional needs repair
4157,functional needs repair
4158,functional
4159,functional needs repair
4160,non functional
4161,functional needs repair
4162,non functional
4163,non functional
4164,functional needs repair
4165,non functional
4166,functional needs repair
4167,functional needs repair
4168,non functional
4169,non functional
4170,non functional
4171,non functional
4172,functional needs repair
4173,non functional
4174,non functional
4175,non functional
4176,functional needs repair
4177,functional needs repair
4178,non functional
4179,functional
4180,non functional
4181,non functional
4182,functional
4183,functional needs repair
4184,non functional
4185,non functional
4186,functional needs repair
4187,functional needs repair
4188,non functional
4189,functional needs repair
4190,non functional
4191,functional
4192,non functional
4193,functional needs repair
4194,non functional
4195,non functional
4196,non functional
4197,functional needs repair
4198,non functional
4199,functional needs repair
4200,non functional
4201,non functional
4202,functional
4203,non functional
4204,functional needs repair
4205,non functional
4206,non functional
4207,functional needs repair
4208,non functional
4209,non functional
4210,functional needs repair
4211,non functional
4212,functional needs repair
4213,functional
4214,non functional
4215,non functional
4216,functional needs repair
4217,functional needs repair
4218,functional needs repair
4219,non functional
4220,functional needs repair
4221,functional needs repair
4222,non functional
4223,non functional
4224,functional
4225,non functional
4226,functional needs repair
4227,non functional
4228,non functional
4229,non functional
4230,non functional
4231,functional needs repair
4232,non functional
4233,functional
4234,functional
4235,non functional
4236,non functional
4237,non functional
4238,non functional
4239,functional
4240,functional needs repair
4241,functional needs repair
4242,functional needs repair
4243,functional needs repair
4244,functional needs repair
4245,functional needs repair
4246,non functional
4247,functional needs repair
4248,functional needs repair
4249,non functional
4250,non functional
4251,functional needs repair
4252,non functional
4253,non functional
4254,functional needs repair
4255,functional
4256,functional
4257,non functional
4258,non functional
4259,functional
4260,functional
4261,functional needs repair
4262,functional
4263,functional
4264,non functional
4265,functional
4266,non functional
4267,functional needs repair
4268,non functional
4269,non functional
4270,non functional
4271,functional needs repair
4272,non functional
4273,functional needs repair
4274,non functional
4275,non functional
4276,functional
4277,functional needs repair
4278,functional needs repair
4279,non functional
4280,non functional
4281,functional needs repair
4282,non functional
4283,functional needs repair
4284,non functional
4285,functional
4286,functional needs repair
4287,functional needs repair
4288,functional
4289,functional
4290,non functional
4291,functional needs repair
4292,non functional
4293,functional
4294,functional needs repair
4295,functional
4296,non functional
4297,functional
4298,functional
4299,non functional
4300,functional needs repair
4301,functional needs repair
4302,non functional
4303,non functional
4304,functional needs repair
4305,functional
4306,non functional
4307,functional
4308,non functional
4309,functional needs repair
4310,non functional
4311,functional needs repair
4312,non functional
4313,non functional
4314,functional
4315,non functional
4316,non functional
4317,non functional
4318,functional
4319,functional needs repair
4320,non functional
4321,non functional
4322,functional
4323,non functional
4324,functional needs repair
4325,non functional
4326,functional
4327,functional needs repair
4328,non functional
4329,non functional
4330,non functional
4331,functional needs repair
4332,functional
4333,functional needs repair
4334,functional needs repair
4335,functional needs repair
4336,non functional
4337,functional needs repair
4338,functional
4339,functional
4340,non functional
4341,non functional
4342,functional needs repair
4343,non functional
4344,functional needs repair
4345,functional needs repair
4346,non functional
4347,non functional
4348,functional needs repair
4349,functional needs repair
4350,non functional
4351,non functional
4352,functional
4353,functional needs repair
4354,functional needs repair
4355,non functional
4356,functional needs repair
4357,functional
4358,non functional
4359,functional
4360,non functional
4361,functional needs repair
4362,functional needs repair
4363,functional needs repair
4364,functional needs repair
4365,functional needs repair
4366,non functional
4367,non functional
4368,functional
4369,non functional
4370,non functional
4371,non functional
4372,functional needs repair
4373,functional needs repair
4374,non functional
4375,functional needs repair
4376,functional needs repair
4377,functional needs repair
4378,non functional
4379,functional
4380,functional
4381,non functional
4382,functional needs repair
4383,functional needs repair
4384,functional needs repair
4385,functional needs repair
4386,non functional
4387,functional needs repair
4388,functional needs repair
4389,non functional
4390,non functional
4391,non functional
4392,non functional
4393,functional
4394,functional needs repair
4395,non functional
4396,non functional
4397,non functional
4398,non functional
4399,functional
4400,non functional
4401,non functional
4402,functional
4403,non functional
4404,functional needs repair
4405,functional
4406,non functional
4407,functional needs repair
4408,functional needs repair
4409,functional needs repair
4410,functional needs repair
4411,non functional
4412,functional needs repair
4413,non functional
4414,non functional
4415,non functional
4416,functional needs repair
4417,non functional
4418,functional needs repair
4419,non functional
4420,functional
4421,functional
4422,functional needs repair
4423,functional needs repair
4424,non functional
4425,functional needs repair
4426,non functional
4427,non functional
4428,functional needs repair
4429,non functional
4430,functional needs repair
4431,functional needs repair
4432,functional needs repair
4433,functional needs repair
4434,functional needs repair
4435,functional
4436,functional needs repair
4437,non functional
4438,non functional
4439,functional needs repair
4440,functional needs repair
4441,non functional
4442,non functional
4443,non functional
4444,functional needs repair
4445,functional needs repair
4446,non functional
4447,functional
4448,non functional
4449,functional needs repair
4450,functional needs repair
4451,non functional
4452,functional
4453,non functional
4454,non functional
4455,non functional
4456,functional needs repair
4457,functional needs repair
4458,non functional
4459,non functional
4460,non functional
4461,functional needs repair
4462,non functional
4463,functional
4464,non functional
4465,functional
4466,functional needs repair
4467,functional needs repair
4468,functional needs repair
4469,non functional
4470,functional
4471,functional needs repair
4472,non functional
4473,functional needs repair
4474,non functional
4475,functional
4476,non functional
4477,functional
4478,non functional
4479,non functional
4480,non functional
4481,functional needs repair
4482,non functional
4483,functional needs repair
4484,non functional
4485,non functional
4486,non functional
4487,functional needs repair
4488,functional needs repair
4489,functional needs repair
4490,functional
4491,non functional
4492,non functional
4493,functional
4494,functional needs repair
4495,functional needs repair
4496,functional needs repair
4497,non functional
4498,non functional
4499,functional needs repair
4500,non functional
4501,functional needs repair
4502,functional
4503,functional needs repair
4504,functional needs repair
4505,functional needs repair
4506,non functional
4507,non functional
4508,functional
4509,functional needs repair
4510,functional needs repair
4511,functional
4512,non functional
4513,functional
4514,functional needs repair
4515,functional
4516,functional
4517,functional needs repair
4518,functional needs repair
4519,non functional
4520,functional needs repair
4521,functional needs repair
4522,functional
4523,functional needs repair
4524,non functional
4525,functional needs repair
4526,non functional
4527,functional needs repair
4528,functional needs repair
4529,non functional
4530,functional
4531,functional
4532,non functional
4533,non functional
4534,non functional
4535,functional needs repair
4536,functional needs repair
4537,non functional
4538,functional needs repair
4539,non functional
4540,non functional
4541,non functional
4542,non functional
4543,non functional
4544,functional
4545,functional needs repair
4546,functional
4547,functional
4548,non functional
4549,functional needs repair
4550,non functional
4551,functional
4552,functional needs repair
4553,functional needs repair
4554,functional needs repair
4555,non functional
4556,non functional
4557,non functional
4558,functional needs repair
4559,non functional
4560,functional
4561,functional
4562,functional
4563,functional needs repair
4564,non functional
4565,functional needs repair
4566,functional
4567,non functional
4568,non functional
4569,functional
4570,non functional
4571,non functional
4572,functional needs repair
4573,non functional
4574,functional needs repair
4575,functional
4576,functional
4577,functional needs repair
4578,non functional
4579,functional needs repair
4580,functional
4581,functional needs repair
4582,functional needs repair
4583,functional needs repair
4584,non functional
4585,non functional
4586,non functional
4587,non functional
4588,functional needs repair
4589,functional needs repair
4590,functional needs repair
4591,non functional
4592,functional
4593,functional needs repair
4594,functional needs repair
4595,functional needs repair
4596,functional needs repair
4597,non functional
4598,non functional
4599,functional needs repair
4600,non functional
4601,non functional
4602,non functional
4603,functional needs repair
4604,functional needs repair
4605,non functional
4606,functional needs repair
4607,functional needs repair
4608,non functional
4609,non functional
4610,functional needs repair
4611,non functional
4612,functional needs repair
4613,non functional
4614,functional needs repair
4615,non functional
4616,non functional
4617,non functional
4618,non functional
4619,non functional
4620,functional needs repair
4621,functional needs repair
4622,non functional
4623,functional needs repair
4624,functional needs repair
4625,functional
4626,functional needs repair
4627,non functional
4628,non functional
4629,non functional
4630,non functional
4631,functional needs repair
4632,functional needs repair
4633,functional
4634,functional needs repair
4635,functional
4636,non functional
4637,functional needs repair
4638,non functional
4639,non functional
4640,non functional
4641,non functional
4642,non functional
4643,functional needs repair
4644,functional needs repair
4645,non functional
4646,functional needs repair
4647,functional needs repair
4648,functional needs repair
4649,functional needs repair
4650,functional
4651,functional
4652,non functional
4653,non functional
4654,non functional
4655,functional needs repair
4656,non functional
4657,functional
4658,functional needs repair
4659,functional needs repair
4660,functional needs repair
4661,functional needs repair
4662,functional needs repair
4663,functional needs repair
4664,non functional
4665,functional needs repair
4666,non functional
4667,non functional
4668,functional
4669,functional needs repair
4670,non functional
4671,functional needs repair
4672,functional
4673,non functional
4674,functional needs repair
4675,functional needs repair
4676,functional needs repair
4677,functional needs repair
4678,non functional
4679,non functional
4680,non functional
4681,non functional
4682,functional needs repair
4683,non functional
4684,functional needs repair
4685,non functional
4686,functional needs repair
4687,non functional
4688,non functional
4689,non functional
4690,functional
4691,non functional
4692,functional needs repair
4693,functional needs repair
4694,non functional
4695,functional needs repair
4696,non functional
4697,non functional
4698,functional needs repair
4699,functional needs repair
4700,functional
4701,functional needs repair
4702,non functional
4703,non functional
4704,non functional
4705,functional needs repair
4706,functional needs repair
4707,functional needs repair
4708,non functional
4709,non functional
4710,functional
4711,non functional
4712,non functional
4713,functional needs repair
4714,functional needs repair
4715,functional needs repair
4716,functional
4717,functional needs repair
4718,non functional
4719,functional
4720,functional needs repair
4721,functional
4722,functional needs repair
4723,non functional
4724,non functional
4725,functional needs repair
4726,functional needs repair
4727,non functional
4728,functional needs repair
4729,non functional
4730,non functional
4731,non functional
4732,non functional
4733,non functional
4734,functional
4735,non functional
4736,functional needs repair
4737,functional
4738,non functional
4739,non functional
4740,non functional
4741,non functional
4742,functional needs repair
4743,non functional
4744,non functional
4745,functional needs repair
4746,functional needs repair
4747,functional needs repair
4748,functional needs repair
4749,functional needs repair
4750,functional needs repair
4751,non functional
4752,functional needs repair
4753,non functional
4754,functional needs repair
4755,functional needs repair
4756,non functional
4757,functional
4758,functional
4759,functional needs repair
4760,functional
4761,non functional
4762,non functional
4763,functional
4764,functional needs repair
4765,functional needs repair
4766,functional
4767,functional
4768,functional needs repair
4769,non functional
4770,non functional
4771,functional needs repair
4772,functional needs repair
4773,non functional
4774,functional
4775,functional needs repair
4776,non functional
4777,functional needs repair
4778,functional needs repair
4779,non functional
4780,functional needs repair
4781,functional needs repair
4782,non functional
4783,non functional
4784,functional needs repair
4785,non functional
4786,non functional
4787,functional needs repair
4788,functional needs repair
4789,non functional
4790,functional needs repair
4791,non functional
4792,functional needs repair
4793,non functional
4794,functional needs repair
4795,non functional
4796,functional needs repair
4797,non functional
4798,non functional
4799,functional needs repair
4800,functional
4801,functional needs repair
4802,functional
4803,functional needs repair
4804,non functional
4805,non functional
4806,non functional
4807,functional needs repair
4808,non functional
4809,functional
4810,non functional
4811,non functional
4812,functional
4813,non functional
4814,functional needs repair
4815,non functional
4816,non functional
4817,functional
4818,functional needs repair
4819,functional
4820,functional needs repair
4821,non functional
4822,non functional
4823,non functional
4824,functional
4825,non functional
4826,functional needs repair
4827,functional needs repair
4828,functional needs repair
4829,functional needs repair
4830,non functional
4831,non functional
4832,functional needs repair
4833,non functional
4834,functional needs repair
4835,functional needs repair
4836,functional
4837,functional needs repair
4838,functional needs repair
4839,functional needs repair
4840,functional
4841,functional needs repair
4842,non functional
4843,non functional
4844,non functional
4845,functional needs repair
4846,non functional
4847,non functional
4848,functional needs repair
4849,non functional
4850,non functional
4851,functional needs repair
4852,functional
4853,non functional
4854,functional
4855,non functional
4856,functional needs repair
4857,functional needs repair
4858,non functional
4859,functional needs repair
4860,functional needs repair
4861,functional
4862,functional needs repair
4863,functional needs repair
4864,non functional
4865,functional needs repair
4866,non functional
4867,functional
4868,functional
4869,functional needs repair
4870,functional needs repair
4871,functional needs repair
4872,non functional
4873,functional needs repair
4874,non functional
4875,functional
4876,non functional
4877,functional needs repair
4878,non functional
4879,non functional
4880,functional needs repair
4881,functional needs repair
4882,functional needs repair
4883,functional needs repair
4884,non functional
4885,functional needs repair
4886,functional needs repair
4887,non functional
4888,functional needs repair
4889,functional needs repair
4890,non functional
4891,functional
4892,functional needs repair
4893,functional
4894,non functional
4895,functional needs repair
4896,non functional
4897,non functional
4898,functional needs repair
4899,functional needs repair
4900,non functional
4901,functional needs repair
4902,functional needs repair
4903,functional needs repair
4904,non functional
4905,functional
4906,functional
4907,non functional
4908,functional needs repair
4909,functional needs repair
4910,non functional
4911,functional needs repair
4912,functional needs repair
4913,functional
4914,functional
4915,non functional
4916,functional needs repair
4917,functional
4918,functional needs repair
4919,non functional
4920,functional
4921,non functional
4922,functional
4923,functional
4924,non functional
4925,functional
4926,functional needs repair
4927,functional needs repair
4928,functional needs repair
4929,non functional
4930,functional needs repair
4931,functional needs repair
4932,non functional
4933,functional needs repair
4934,non functional
4935,non functional
4936,functional needs repair
4937,functional needs repair
4938,functional
4939,functional needs repair
4940,functional needs repair
4941,functional needs repair
4942,non functional
4943,non functional
4944,non functional
4945,functional needs repair
4946,functional
4947,functional needs repair
4948,functional needs repair
4949,non functional
4950,non functional
4951,non functional
4952,functional needs repair
4953,non functional
4954,functional needs repair
4955,non functional
4956,functional needs repair
4957,functional needs repair
4958,functional
4959,functional needs repair
4960,functional
4961,functional
4962,functional
4963,functional
4964,functional needs repair
4965,functional needs repair
4966,functional needs repair
4967,non functional
4968,functional needs repair
4969,functional needs repair
4970,non functional
4971,non functional
4972,functional needs repair
4973,functional needs repair
4974,functional
4975,functional needs repair
4976,functional needs repair
4977,non functional
4978,non functional
4979,functional needs repair
4980,functional needs repair
4981,functional
4982,functional needs repair
4983,functional needs repair
4984,functional needs repair
4985,functional
4986,functional
4987,functional needs repair
4988,non functional
4989,functional needs repair
4990,non functional
4991,non functional
4992,non functional
4993,functional needs repair
4994,functional
4995,functional
4996,non functional
4997,functional needs repair
4998,non functional
4999,functional
5000,functional needs repair
5001,non functional
5002,functional needs repair
5003,functional
5004,functional needs repair
5005,functional
5006,non functional
5007,non functional
5008,non functional
5009,functional
5010,functional
5011,functional needs repair
5012,functional
5013,functional needs repair
5014,functional needs repair
5015,functional
5016,non functional
5017,non functional
5018,non functional
5019,non functional
5020,functional needs repair
5021,non functional
5022,non functional
5023,non functional
5024,functional needs repair
5025,functional
5026,functional needs repair
5027,functional needs repair
5028,non functional
5029,functional needs repair
5030,non functional
5031,non functional
5032,non functional
5033,functional
5034,non functional
5035,non functional
5036,non functional
5037,non functional
5038,functional
5039,functional needs repair
5040,functional
5041,functional needs repair
5042,functional needs repair
5043,non functional
5044,non functional
5045,functional needs repair
5046,non functional
5047,non functional
5048,non functional
5049,functional needs repair
5050,non functional
5051,non functional
5052,functional needs repair
5053,functional
5054,non functional
5055,non functional
5056,non functional
5057,functional needs repair
5058,functional needs repair
5059,functional needs repair
5060,functional needs repair
5061,functional needs repair
5062,functional needs repair
5063,non functional
5064,functional needs repair
5065,functional needs repair
5066,functional needs repair
5067,non functional
5068,functional needs repair
5069,functional
5070,non functional
5071,non functional
5072,non functional
5073,non functional
5074,non functional
5075,functional needs repair
5076,functional needs repair
5077,non functional
5078,functional
5079,non functional
5080,functional needs repair
5081,functional needs repair
5082,functional
5083,functional needs repair
5084,non functional
5085,functional needs repair
5086,functional needs repair
5087,non functional
5088,functional needs repair
5089,non functional
5090,functional needs repair
5091,functional needs repair
5092,functional needs repair
5093,functional needs repair
5094,functional
5095,functional needs repair
5096,non functional
5097,non functional
5098,functional needs repair
5099,non functional
5100,functional needs repair
5101,functional needs repair
5102,non functional
5103,functional
5104,non functional
5105,functional
5106,functional needs repair
5107,functional
5108,functional needs repair
5109,functional
5110,functional needs repair
5111,functional needs repair
5112,functional needs repair
5113,non functional
5114,functional
5115,functional needs repair
5116,non functional
5117,non functional
5118,functional needs repair
5119,functional needs repair
5120,functional needs repair
5121,non functional
5122,non functional
5123,non functional
5124,functional needs repair
5125,non functional
5126,functional
5127,non functional
5128,functional
5129,non functional
5130,non functional
5131,non functional
5132,non functional
5133,functional needs repair
5134,functional
5135,non functional
5136,functional needs repair
5137,functional needs repair
5138,functional
5139,functional needs repair
5140,non functional
5141,functional needs repair
5142,functional
5143,non functional
5144,non functional
5145,functional
5146,non functional
5147,functional needs repair
5148,functional
5149,non functional
5150,non functional
5151,non functional
5152,functional needs repair
5153,non functional
5154,non functional
5155,functional needs repair
5156,functional needs repair
5157,non functional
5158,non functional
5159,functional needs repair
5160,functional
5161,functional needs repair
5162,non functional
5163,non functional
5164,non functional
5165,non functional
5166,non functional
5167,functional
5168,functional needs repair
5169,functional
5170,functional needs repair
5171,functional
5172,functional needs repair
5173,non functional
5174,non functional
5175,non functional
5176,functional needs repair
5177,functional needs repair
5178,functional needs repair
5179,functional
5180,functional
5181,functional needs repair
5182,functional needs repair
5183,non functional
5184,functional needs repair
5185,functional needs repair
5186,non functional
5187,functional
5188,non functional
5189,non functional
5190,functional
5191,functional needs repair
5192,functional
5193,functional needs repair
5194,functional needs repair
5195,functional needs repair
5196,functional needs repair
5197,functional needs repair
5198,functional needs repair
5199,non functional
5200,non functional
5201,functional
5202,functional
5203,non functional
5204,non functional
5205,functional needs repair
5206,functional needs repair
5207,non functional
5208,non functional
5209,functional needs repair
5210,non functional
5211,functional needs repair
5212,non functional
5213,functional
5214,non functional
5215,functional
5216,functional
5217,functional
5218,functional needs repair
5219,non functional
5220,non functional
5221,functional needs repair
5222,functional needs repair
5223,functional needs repair
5224,non functional
5225,functional needs repair
5226,non functional
5227,functional needs repair
5228,non functional
5229,functional needs repair
5230,non functional
5231,functional
5232,non functional
5233,non functional
5234,non functional
5235,non functional
5236,non functional
5237,non functional
5238,functional needs repair
5239,functional
5240,non functional
5241,functional needs repair
5242,non functional
5243,functional needs repair
5244,functional needs repair
5245,non functional
5246,non functional
5247,functional needs repair
5248,non functional
5249,non functional
5250,functional needs repair
5251,functional needs repair
5252,non functional
5253,functional
5254,non functional
5255,functional
5256,functional needs repair
5257,functional
5258,functional needs repair
5259,non functional
5260,functional needs repair
5261,functional
5262,functional
5263,functional
5264,functional needs repair
5265,functional needs repair
5266,functional needs repair
5267,functional needs repair
5268,non functional
5269,functional needs repair
5270,functional needs repair
5271,functional
5272,functional needs repair
5273,functional needs repair
5274,functional
5275,functional needs repair
5276,non functional
5277,functional needs repair
5278,functional
5279,functional needs repair
5280,functional
5281,functional needs repair
5282,non functional
5283,functional needs repair
5284,non functional
5285,non functional
5286,functional needs repair
5287,non functional
5288,functional
5289,non functional
5290,functional needs repair
5291,functional
5292,non functional
5293,functional
5294,functional needs repair
5295,non functional
5296,functional needs repair
5297,functional needs repair
5298,non functional
5299,functional
5300,functional
5301,non functional
5302,non functional
5303,functional needs repair
5304,non functional
5305,functional needs repair
5306,non functional
5307,functional needs repair
5308,non functional
5309,non functional
5310,functional needs repair
5311,functional needs repair
5312,functional needs repair
5313,functional needs repair
5314,functional
5315,non functional
5316,functional needs repair
5317,functional
5318,functional needs repair
5319,functional needs repair
5320,functional
5321,non functional
5322,functional needs repair
5323,functional needs repair
5324,functional needs repair
5325,functional needs repair
5326,functional needs repair
5327,functional needs repair
5328,functional needs repair
5329,non functional
5330,non functional
5331,non functional
5332,functional needs repair
5333,non functional
5334,functional
5335,non functional
5336,non functional
5337,non functional
5338,non functional
5339,non functional
5340,functional needs repair
5341,non functional
5342,non functional
5343,non functional
5344,non functional
5345,functional
5346,functional needs repair
5347,non functional
5348,non functional
5349,non functional
5350,non functional
5351,functional needs repair
5352,functional needs repair
5353,non functional
5354,functional needs repair
5355,functional needs repair
5356,non functional
5357,functional needs repair
5358,functional needs repair
5359,non functional
5360,functional needs repair
5361,functional needs repair
5362,functional
5363,non functional
5364,functional needs repair
5365,functional
5366,functional needs repair
5367,functional needs repair
5368,non functional
5369,non functional
5370,non functional
5371,functional
5372,non functional
5373,functional needs repair
5374,functional needs repair
5375,non functional
5376,functional
5377,non functional
5378,functional
5379,functional needs repair
5380,functional
5381,functional needs repair
5382,functional needs repair
5383,non functional
5384,functional needs repair
5385,functional needs repair
5386,non functional
5387,functional needs repair
5388,non functional
5389,functional needs repair
5390,functional
5391,functional
5392,non functional
5393,non functional
5394,functional needs repair
5395,functional needs repair
5396,functional
5397,functional needs repair
5398,functional needs repair
5399,functional needs repair
5400,functional
5401,non functional
5402,functional needs repair
5403,functional
5404,non functional
5405,functional needs repair
5406,non functional
5407,functional
5408,non functional
5409,non functional
5410,non functional
5411,functional needs repair
5412,functional needs repair
5413,functional
5414,non functional
5415,functional needs repair
5416,non functional
5417,functional
5418,functional needs repair
5419,non functional
5420,functional needs repair
5421,non functional
5422,non functional
5423,functional needs repair
5424,non functional
5425,functional needs repair
5426,non functional
5427,non functional
5428,functional needs repair
5429,functional
5430,non functional
5431,functional needs repair
5432,functional needs repair
5433,non functional
5434,non functional
5435,non functional
5436,functional needs repair
5437,non functional
5438,functional needs repair
5439,non functional
5440,functional needs repair
5441,functional needs repair
5442,non functional
5443,non functional
5444,non functional
5445,functional needs repair
5446,functional needs repair
5447,functional needs repair
5448,non functional
5449,functional needs repair
5450,non functional
5451,non functional
5452,functional needs repair
5453,functional needs repair
5454,functional
5455,functional needs repair
5456,functional needs repair
5457,functional needs repair
5458,functional
5459,functional
5460,functional needs repair
5461,non functional
5462,functional
5463,functional
5464,functional
5465,functional
5466,non functional
5467,non functional
5468,functional needs repair
5469,functional needs repair
5470,non functional
5471,functional
5472,functional needs repair
5473,non functional
5474,functional needs repair
5475,functional needs repair
5476,non functional
5477,non functional
5478,non functional
5479,functional needs repair
5480,functional
5481,functional needs repair
5482,non functional
5483,functional needs repair
5484,functional needs repair
5485,functional
5486,functional
5487,functional needs repair
5488,functional needs repair
5489,non functional
5490,functional needs repair
5491,functional needs repair
5492,functional
5493,non functional
5494,functional needs repair
5495,non functional
5496,non functional
5497,functional
5498,functional needs repair
5499,non functional
5500,non functional
5501,functional
5502,functional needs repair
5503,functional
5504,functional needs repair
5505,non functional
5506,non functional
5507,non functional
5508,functional needs repair
5509,non functional
5510,non functional
5511,functional needs repair
5512,non functional
5513,non functional
5514,functional needs repair
5515,functional needs repair
5516,non functional
5517,non functional
5518,non functional
5519,non functional
5520,functional needs repair
5521,non functional
5522,non functional
5523,non functional
5524,functional needs repair
5525,non functional
5526,functional needs repair
5527,non functional
5528,non functional
5529,non functional
5530,functional
5531,functional needs repair
5532,non functional
5533,non functional
5534,non functional
5535,functional
5536,non functional
5537,functional
5538,functional
5539,functional
5540,functional
5541,functional
5542,non functional
5543,non functional
5544,functional
5545,non functional
5546,functional
5547,non functional
5548,functional needs repair
5549,non functional
5550,functional
5551,non functional
5552,non functional
5553,functional needs repair
5554,non functional
5555,functional needs repair
5556,non functional
5557,non functional
5558,non functional
5559,non functional
5560,functional
5561,functional
5562,functional needs repair
5563,functional
5564,functional
5565,functional needs repair
5566,functional needs repair
5567,functional needs repair
5568,functional needs repair
5569,functional needs repair
5570,functional needs repair
5571,functional
5572,non functional
5573,functional needs repair
5574,non functional
5575,functional
5576,functional
5577,functional
5578,functional needs repair
5579,functional needs repair
5580,functional needs repair
5581,non functional
5582,functional needs repair
5583,functional needs repair
5584,functional needs repair
5585,functional
5586,functional needs repair
5587,functional needs repair
5588,functional needs repair
5589,functional needs repair
5590,functional needs repair
5591,non functional
5592,functional needs repair
5593,non functional
5594,functional needs repair
5595,functional needs repair
5596,non functional
5597,non functional
5598,functional
5599,non functional
5600,functional needs repair
5601,functional
5602,functional
5603,functional needs repair
5604,functional
5605,functional
5606,functional needs repair
5607,functional needs repair
5608,functional needs repair
5609,non functional
5610,functional needs repair
5611,functional needs repair
5612,functional
5613,functional needs repair
5614,functional
5615,functional needs repair
5616,non functional
5617,functional needs repair
5618,functional
5619,functional
5620,functional
5621,non functional
5622,functional needs repair
5623,non functional
5624,functional needs repair
5625,non functional
5626,functional needs repair
5627,functional
5628,functional needs repair
5629,non functional
5630,functional needs repair
5631,functional
5632,non functional
5633,non functional
5634,non functional
5635,functional
5636,functional
5637,functional
5638,functional
5639,functional
5640,functional needs repair
5641,non functional
5642,functional
5643,non functional
5644,functional needs repair
5645,functional needs repair
5646,functional needs repair
5647,functional
5648,functional needs repair
5649,non functional
5650,non functional
5651,functional needs repair
5652,functional needs repair
5653,functional
5654,functional needs repair
5655,functional needs repair
5656,functional
5657,functional needs repair
5658,non functional
5659,non functional
5660,non functional
5661,non functional
5662,functional
5663,non functional
5664,non functional
5665,functional needs repair
5666,functional
5667,non functional
5668,functional needs repair
5669,functional needs repair
5670,non functional
5671,functional needs repair
5672,functional needs repair
5673,functional
5674,functional
5675,non functional
5676,non functional
5677,non functional
5678,non functional
5679,functional needs repair
5680,functional needs repair
5681,functional needs repair
5682,non functional
5683,non functional
5684,non functional
5685,functional needs repair
5686,non functional
5687,functional
5688,functional
5689,functional needs repair
5690,functional needs repair
5691,functional
5692,functional
5693,non functional
5694,functional
5695,functional
5696,non functional
5697,non functional
5698,functional
5699,non functional
5700,non functional
5701,functional needs repair
5702,non functional
5703,non functional
5704,non functional
5705,functional
5706,functional
5707,functional needs repair
5708,non functional
5709,functional needs repair
5710,functional needs repair
5711,non functional
5712,functional
5713,functional needs repair
5714,non functional
5715,functional needs repair
5716,non functional
5717,functional needs repair
5718,functional needs repair
5719,functional
5720,functional needs repair
5721,non functional
5722,functional needs repair
5723,non functional
5724,non functional
5725,non functional
5726,functional needs repair
5727,functional needs repair
5728,non functional
5729,functional
5730,functional needs repair
5731,functional
5732,functional
5733,non functional
5734,functional
5735,functional needs repair
5736,non functional
5737,non functional
5738,functional needs repair
5739,non functional
5740,functional
5741,functional needs repair
5742,functional needs repair
5743,functional needs repair
5744,functional
5745,non functional
5746,functional needs repair
5747,functional
5748,functional needs repair
5749,non functional
5750,functional needs repair
5751,functional needs repair
5752,functional
5753,functional
5754,non functional
5755,functional needs repair
5756,non functional
5757,functional needs repair
5758,non functional
5759,non functional
5760,functional needs repair
5761,non functional
5762,functional needs repair
5763,non functional
5764,functional
5765,functional needs repair
5766,non functional
5767,functional needs repair
5768,non functional
5769,non functional
5770,non functional
5771,non functional
5772,functional needs repair
5773,functional needs repair
5774,non functional
5775,functional needs repair
5776,functional needs repair
5777,functional
5778,functional needs repair
5779,functional
5780,non functional
5781,functional
5782,functional needs repair
5783,non functional
5784,functional
5785,functional needs repair
5786,functional needs repair
5787,functional needs repair
5788,non functional
5789,functional
5790,non functional
5791,non functional
5792,non functional
5793,functional needs repair
5794,non functional
5795,functional
5796,functional
5797,non functional
5798,non functional
5799,non functional
5800,non functional
5801,non functional
5802,functional needs repair
5803,functional needs repair
5804,functional needs repair
5805,functional needs repair
5806,non functional
5807,functional needs repair
5808,functional needs repair
5809,non functional
5810,functional
5811,non functional
5812,non functional
5813,non functional
5814,functional needs repair
5815,functional
5816,non functional
5817,non functional
5818,non functional
5819,functional needs repair
5820,functional needs repair
5821,functional
5822,functional needs repair
5823,functional needs repair
5824,non functional
5825,functional needs repair
5826,functional needs repair
5827,functional needs repair
5828,functional
5829,functional
5830,functional needs repair
5831,functional needs repair
5832,functional needs repair
5833,functional needs repair
5834,non functional
5835,functional
5836,functional
5837,non functional
5838,functional needs repair
5839,non functional
5840,functional needs repair
5841,non functional
5842,functional needs repair
5843,non functional
5844,non functional
5845,non functional
5846,functional needs repair
5847,functional
5848,non functional
5849,functional
5850,functional needs repair
5851,non functional
5852,functional needs repair
5853,functional needs repair
5854,functional needs repair
5855,non functional
5856,functional needs repair
5857,non functional
5858,functional needs repair
5859,non functional
5860,functional needs repair
5861,non functional
5862,functional needs repair
5863,functional
5864,non functional
5865,non functional
5866,functional needs repair
5867,non functional
5868,functional needs repair
5869,functional needs repair
5870,functional
5871,non functional
5872,non functional
5873,functional needs repair
5874,functional needs repair
5875,functional needs repair
5876,functional needs repair
5877,non functional
5878,non functional
5879,functional needs repair
5880,functional needs repair
5881,functional
5882,non functional
5883,non functional
5884,functional needs repair
5885,functional
5886,functional
5887,functional needs repair
5888,functional needs repair
5889,functional needs repair
5890,functional needs repair
5891,non functional
5892,non functional
5893,functional
5894,functional
5895,non functional
5896,non functional
5897,functional needs repair
5898,functional needs repair
5899,functional needs repair
5900,non functional
5901,functional needs repair
5902,functional needs repair
5903,non functional
5904,functional needs repair
5905,functional needs repair
5906,functional needs repair
5907,functional needs repair
5908,non functional
5909,functional needs repair
5910,functional needs repair
5911,functional
5912,functional needs repair
5913,non functional
5914,functional needs repair
5915,functional needs repair
5916,non functional
5917,functional
5918,non functional
5919,non functional
5920,non functional
5921,functional needs repair
5922,functional needs repair
5923,functional needs repair
5924,non functional
5925,functional needs repair
5926,non functional
5927,functional needs repair
5928,functional needs repair
5929,functional
5930,functional needs repair
5931,non functional
5932,non functional
5933,non functional
5934,functional needs repair
5935,functional
5936,functional needs repair
5937,non functional
5938,functional needs repair
5939,functional needs repair
5940,functional needs repair
5941,functional
5942,functional needs repair
5943,functional needs repair
5944,functional needs repair
5945,functional needs repair
5946,non functional
5947,non functional
5948,non functional
5949,non functional
5950,non functional
5951,functional needs repair
5952,functional needs repair
5953,functional needs repair
5954,functional needs repair
5955,non functional
5956,functional needs repair
5957,functional needs repair
5958,non functional
5959,non functional
5960,non functional
5961,non functional
5962,non functional
5963,functional needs repair
5964,non functional
5965,functional needs repair
5966,non functional
5967,functional
5968,non functional
5969,non functional
5970,non functional
5971,non functional
5972,non functional
5973,functional needs repair
5974,functional needs repair
5975,functional needs repair
5976,functional needs repair
5977,functional
5978,functional
5979,functional
5980,functional
5981,functional needs repair
5982,non functional
5983,functional needs repair
5984,non functional
5985,functional needs repair
5986,functional needs repair
5987,functional needs repair
5988,non functional
5989,non functional
5990,non functional
5991,functional needs repair
5992,non functional
5993,functional
5994,functional needs repair
5995,non functional
5996,functional needs repair
5997,functional needs repair
5998,functional needs repair
5999,non functional
6000,non functional
6001,functional needs repair
6002,non functional
6003,non functional
6004,functional needs repair
6005,non functional
6006,functional needs repair
6007,functional
6008,non functional
6009,non functional
6010,functional
6011,functional needs repair
6012,functional needs repair
6013,non functional
6014,non functional
6015,non functional
6016,functional needs repair
6017,functional needs repair
6018,functional needs repair
6019,non functional
6020,functional
6021,non functional
6022,non functional
6023,non functional
6024,functional needs repair
6025,functional needs repair
6026,functional needs repair
6027,functional
6028,non functional
6029,functional needs repair
6030,functional needs repair
6031,functional needs repair
6032,functional needs repair
6033,non functional
6034,functional
6035,functional needs repair
6036,functional needs repair
6037,non functional
6038,functional needs repair
6039,functional
6040,non functional
6041,functional needs repair
6042,functional
6043,functional needs repair
6044,functional needs repair
6045,non functional
6046,functional
6047,non functional
6048,functional
6049,functional needs repair
6050,non functional
6051,non functional
6052,functional needs repair
6053,functional needs repair
6054,functional
6055,functional needs repair
6056,non functional
6057,non functional
6058,non functional
6059,functional
6060,functional needs repair
6061,non functional
6062,non functional
6063,non functional
6064,non functional
6065,functional
6066,non functional
6067,functional needs repair
6068,functional needs repair
6069,functional needs repair
6070,functional needs repair
6071,functional needs repair
6072,functional needs repair
6073,functional needs repair
6074,non functional
6075,functional needs repair
6076,functional needs repair
6077,non functional
6078,functional needs repair
6079,functional needs repair
6080,functional needs repair
6081,functional
6082,non functional
6083,functional needs repair
6084,functional needs repair
6085,functional
6086,functional needs repair
6087,functional
6088,functional needs repair
6089,functional needs repair
6090,functional needs repair
6091,functional
6092,non functional
6093,non functional
6094,functional needs repair
6095,functional needs repair
6096,functional needs repair
6097,functional needs repair
6098,functional needs repair
6099,functional
6100,functional needs repair
6101,non functional
6102,functional
6103,non functional
6104,functional needs repair
6105,functional needs repair
6106,functional needs repair
6107,non functional
6108,functional needs repair
6109,non functional
6110,functional needs repair
6111,functional
6112,non functional
6113,non functional
6114,non functional
6115,functional needs repair
6116,functional needs repair
6117,non functional
6118,functional needs repair
6119,non functional
6120,functional needs repair
6121,functional needs repair
6122,functional
6123,functional needs repair
6124,non functional
6125,functional needs repair
6126,functional
6127,functional needs repair
6128,functional needs repair
6129,functional needs repair
6130,functional needs repair
6131,non functional
6132,non functional
6133,functional needs repair
6134,functional needs repair
6135,non functional
6136,non functional
6137,functional
6138,functional needs repair
6139,functional needs repair
6140,functional
6141,non functional
6142,functional
6143,functional needs repair
6144,non functional
6145,non functional
6146,functional needs repair
6147,non functional
6148,functional
6149,functional needs repair
6150,functional needs repair
6151,functional
6152,non functional
6153,functional needs repair
6154,functional needs repair
6155,non functional
6156,functional
6157,functional needs repair
6158,functional needs repair
6159,functional
6160,functional needs repair
6161,non functional
6162,functional
6163,non functional
6164,functional
6165,non functional
6166,functional needs repair
6167,functional needs repair
6168,functional needs repair
6169,non functional
6170,non functional
6171,functional needs repair
6172,functional needs repair
6173,functional needs repair
6174,functional needs repair
6175,functional
6176,functional
6177,functional
6178,functional needs repair
6179,functional
6180,non functional
6181,non functional
6182,functional needs repair
6183,functional needs repair
6184,non functional
6185,non functional
6186,functional needs repair
6187,non functional
6188,functional
6189,non functional
6190,functional needs repair
6191,functional needs repair
6192,non functional
6193,non functional
6194,functional needs repair
6195,functional needs repair
6196,functional needs repair
6197,functional needs repair
6198,functional needs repair
6199,non functional
6200,functional needs repair
6201,functional
6202,functional needs repair
6203,non functional
6204,functional
6205,functional needs repair
6206,non functional
6207,non functional
6208,non functional
6209,functional
6210,non functional
6211,functional needs repair
6212,non functional
6213,functional needs repair
6214,non functional
6215,non functional
6216,functional needs repair
6217,functional
6218,functional
6219,functional
6220,functional
6221,non functional
6222,functional
6223,functional
6224,non functional
6225,functional needs repair
6226,functional needs repair
6227,functional
6228,functional
6229,functional needs repair
6230,functional needs repair
6231,functional
6232,non functional
6233,non functional
6234,non functional
6235,non functional
6236,functional needs repair
6237,functional needs repair
6238,non functional
6239,non functional
6240,non functional
6241,non functional
6242,non functional
6243,functional needs repair
6244,functional needs repair
6245,non functional
6246,functional
6247,functional needs repair
6248,non functional
6249,functional needs repair
6250,functional needs repair
6251,non functional
6252,functional
6253,non functional
6254,non functional
6255,non functional
6256,non functional
6257,non functional
6258,functional
6259,non functional
6260,functional
6261,functional needs repair
6262,non functional
6263,functional needs repair
6264,non functional
6265,non functional
6266,non functional
6267,functional needs repair
6268,non functional
6269,functional
6270,functional
6271,functional needs repair
6272,functional needs repair
6273,functional
6274,functional needs repair
6275,non functional
6276,functional
6277,non functional
6278,functional
6279,functional needs repair
6280,non functional
6281,non functional
6282,functional
6283,non functional
6284,non functional
6285,functional needs repair
6286,functional needs repair
6287,functional
6288,functional needs repair
6289,functional
6290,non functional
6291,non functional
6292,functional needs repair
6293,non functional
6294,non functional
6295,non functional
6296,non functional
6297,functional needs repair
6298,functional
6299,functional
6300,non functional
6301,functional
6302,functional needs repair
6303,non functional
6304,non functional
6305,functional
6306,functional needs repair
6307,non functional
6308,non functional
6309,functional needs repair
6310,functional
6311,non functional
6312,functional needs repair
6313,non functional
6314,functional needs repair
6315,non functional
6316,non functional
6317,functional
6318,non functional
6319,non functional
6320,non functional
6321,functional needs repair
6322,functional
6323,functional needs repair
6324,non functional
6325,functional needs repair
6326,non functional
6327,functional needs repair
6328,functional needs repair
6329,functional needs repair
6330,functional needs repair
6331,functional needs repair
6332,non functional
6333,functional needs repair
6334,functional needs repair
6335,non functional
6336,functional needs repair
6337,functional needs repair
6338,non functional
6339,functional
6340,non functional
6341,non functional
6342,non functional
6343,non functional
6344,non functional
6345,non functional
6346,non functional
6347,functional needs repair
6348,functional needs repair
6349,functional needs repair
6350,functional
6351,functional needs repair
6352,non functional
6353,functional
6354,functional needs repair
6355,functional needs repair
6356,non functional
6357,non functional
6358,functional needs repair
6359,non functional
6360,functional needs repair
6361,non functional
6362,functional needs repair
6363,functional needs repair
6364,non functional
6365,functional needs repair
6366,non functional
6367,functional needs repair
6368,functional needs repair
6369,functional needs repair
6370,functional needs repair
6371,functional
6372,functional needs repair
6373,functional
6374,non functional
6375,functional needs repair
6376,functional needs repair
6377,functional needs repair
6378,functional
6379,functional needs repair
6380,functional
6381,functional
6382,functional needs repair
6383,functional
6384,functional
6385,functional needs repair
6386,non functional
6387,functional needs repair
6388,functional needs repair
6389,functional needs repair
6390,functional
6391,non functional
6392,non functional
6393,functional
6394,functional needs repair
6395,functional needs repair
6396,functional
6397,non functional
6398,non functional
6399,functional needs repair
6400,non functional
6401,functional
6402,functional
6403,non functional
6404,non functional
6405,non functional
6406,functional needs repair
6407,non functional
6408,non functional
6409,non functional
6410,functional needs repair
6411,functional needs repair
6412,functional needs repair
6413,functional
6414,non functional
6415,functional needs repair
6416,functional needs repair
6417,non functional
6418,functional needs repair
6419,functional
6420,functional
6421,functional
6422,functional needs repair
6423,functional needs repair
6424,functional
6425,functional
6426,non functional
6427,functional
6428,functional needs repair
6429,non functional
6430,functional
6431,functional needs repair
6432,functional
6433,functional
6434,functional needs repair
6435,functional needs repair
6436,functional needs repair
6437,non functional
6438,functional needs repair
6439,functional
6440,functional
6441,functional needs repair
6442,functional needs repair
6443,functional needs repair
6444,functional needs repair
6445,non functional
6446,non functional
6447,functional needs repair
6448,functional
6449,functional
6450,functional needs repair
6451,functional needs repair
6452,functional needs repair
6453,non functional
6454,non functional
6455,functional
6456,functional needs repair
6457,non functional
6458,non functional
6459,functional needs repair
6460,functional needs repair
6461,non functional
6462,non functional
6463,functional
6464,non functional
6465,functional
6466,functional needs repair
6467,non functional
6468,functional
6469,non functional
6470,non functional
6471,functional needs repair
6472,non functional
6473,functional needs repair
6474,functional needs repair
6475,non functional
6476,functional needs repair
6477,non functional
6478,non functional
6479,functional needs repair
6480,functional needs repair
6481,non functional
6482,functional
6483,functional needs repair
6484,functional needs repair
6485,functional needs repair
6486,functional
6487,functional needs repair
6488,functional needs repair
6489,functional needs repair
6490,functional
6491,non functional
6492,non functional
6493,functional needs repair
6494,functional needs repair
6495,non functional
6496,non functional
6497,functional
6498,functional needs repair
6499,non functional
6500,non functional
6501,non functional
6502,non functional
6503,non functional
6504,non functional
6505,functional needs repair
6506,non functional
6507,functional needs repair
6508,functional needs repair
6509,functional needs repair
6510,functional needs repair
6511,non functional
6512,functional needs repair
6513,functional
6514,non functional
6515,non functional
6516,functional
6517,functional needs repair
6518,non functional
6519,functional
6520,functional
6521,non functional
6522,functional needs repair
6523,non functional
6524,non functional
6525,functional needs repair
6526,functional
6527,functional
6528,functional needs repair
6529,functional needs repair
6530,functional
6531,functional
6532,non functional
6533,non functional
6534,non functional
6535,functional needs repair
6536,functional needs repair
6537,non functional
6538,functional needs repair
6539,functional
6540,functional
6541,non functional
6542,non functional
6543,non functional
6544,functional
6545,non functional
6546,functional
6547,functional needs repair
6548,functional needs repair
6549,non functional
6550,non functional
6551,functional
6552,non functional
6553,functional needs repair
6554,non functional
6555,non functional
6556,functional needs repair
6557,non functional
6558,non functional
6559,functional needs repair
6560,functional
6561,functional needs repair
6562,non functional
6563,functional
6564,non functional
6565,non functional
6566,non functional
6567,functional needs repair
6568,functional needs repair
6569,functional needs repair
6570,non functional
6571,functional needs repair
6572,non functional
6573,functional
6574,non functional
6575,functional needs repair
6576,functional needs repair
6577,functional needs repair
6578,non functional
6579,functional
6580,functional needs repair
6581,functional needs repair
6582,functional
6583,functional
6584,functional needs repair
6585,non functional
6586,functional needs repair
6587,non functional
6588,non functional
6589,functional needs repair
6590,functional
6591,non functional
6592,non functional
6593,functional needs repair
6594,non functional
6595,functional needs repair
6596,non functional
6597,functional
6598,non functional
6599,functional
6600,non functional
6601,functional needs repair
6602,functional needs repair
6603,functional needs repair
6604,functional
6605,non functional
6606,functional needs repair
6607,non functional
6608,functional needs repair
6609,non functional
6610,functional needs repair
6611,functional needs repair
6612,functional needs repair
6613,functional
6614,non functional
6615,functional
6616,non functional
6617,functional
6618,functional
6619,non functional
6620,functional needs repair
6621,non functional
6622,non functional
6623,non functional
6624,functional needs repair
6625,functional needs repair
6626,functional needs repair
6627,functional needs repair
6628,non functional
6629,functional
6630,functional
6631,non functional
6632,functional needs repair
6633,non functional
6634,non functional
6635,functional needs repair
6636,functional needs repair
6637,functional needs repair
6638,functional needs repair
6639,functional needs repair
6640,functional needs repair
6641,non functional
6642,non functional
6643,functional needs repair
6644,functional needs repair
6645,functional needs repair
6646,functional needs repair
6647,functional
6648,non functional
6649,non functional
6650,non functional
6651,non functional
6652,non functional
6653,functional
6654,functional
6655,functional needs repair
6656,functional needs repair
6657,functional needs repair
6658,functional needs repair
6659,functional
6660,non functional
6661,non functional
6662,functional needs repair
6663,functional
6664,functional needs repair
6665,functional needs repair
6666,functional needs repair
6667,functional needs repair
6668,non functional
6669,functional
6670,functional needs repair
6671,non functional
6672,non functional
6673,functional needs repair
6674,functional
6675,non functional
6676,functional needs repair
6677,functional
6678,non functional
6679,functional
6680,functional
6681,functional
6682,functional
6683,functional needs repair
6684,non functional
6685,functional
6686,non functional
6687,non functional
6688,non functional
6689,non functional
6690,non functional
6691,functional needs repair
6692,functional needs repair
6693,non functional
6694,non functional
6695,functional
6696,functional needs repair
6697,functional needs repair
6698,functional needs repair
6699,non functional
6700,non functional
6701,non functional
6702,functional needs repair
6703,functional
6704,functional needs repair
6705,non functional
6706,non functional
6707,functional needs repair
6708,functional needs repair
6709,functional needs repair
6710,non functional
6711,non functional
6712,non functional
6713,functional
6714,functional needs repair
6715,non functional
6716,functional needs repair
6717,non functional
6718,functional needs repair
6719,functional
6720,non functional
6721,functional needs repair
6722,functional needs repair
6723,non functional
6724,non functional
6725,functional
6726,functional needs repair
6727,functional
6728,non functional
6729,non functional
6730,functional needs repair
6731,non functional
6732,functional
6733,functional needs repair
6734,functional needs repair
6735,non functional
6736,functional needs repair
6737,functional needs repair
6738,functional
6739,non functional
6740,functional needs repair
6741,functional
6742,non functional
6743,non functional
6744,non functional
6745,functional
6746,functional needs repair
6747,functional
6748,functional
6749,functional needs repair
6750,functional needs repair
6751,non functional
6752,functional needs repair
6753,functional needs repair
6754,functional
6755,functional needs repair
6756,non functional
6757,non functional
6758,functional needs repair
6759,functional needs repair
6760,functional needs repair
6761,functional needs repair
6762,functional
6763,functional needs repair
6764,non functional
6765,functional
6766,functional needs repair
6767,functional needs repair
6768,functional
6769,functional needs repair
6770,non functional
6771,non functional
6772,functional needs repair
6773,functional needs repair
6774,functional needs repair
6775,functional
6776,non functional
6777,functional needs repair
6778,functional needs repair
6779,functional needs repair
6780,functional needs repair
6781,functional needs repair
6782,non functional
6783,functional
6784,functional needs repair
6785,functional needs repair
6786,functional
6787,functional needs repair
6788,functional needs repair
6789,functional
6790,functional needs repair
6791,non functional
6792,non functional
6793,functional
6794,functional
6795,non functional
6796,non functional
6797,non functional
6798,non functional
6799,functional needs repair
6800,non functional
6801,functional needs repair
6802,non functional
6803,non functional
6804,non functional
6805,functional
6806,functional needs repair
6807,non functional
6808,non functional
6809,functional
6810,functional needs repair
6811,functional needs repair
6812,functional needs repair
6813,non functional
6814,non functional
6815,non functional
6816,functional needs repair
6817,functional
6818,functional needs repair
6819,functional needs repair
6820,functional needs repair
6821,non functional
6822,non functional
6823,non functional
6824,functional
6825,non functional
6826,non functional
6827,functional
6828,functional needs repair
6829,non functional
6830,non functional
6831,functional needs repair
6832,functional needs repair
6833,functional needs repair
6834,functional needs repair
6835,functional needs repair
6836,non functional
6837,functional needs repair
6838,non functional
6839,functional
6840,non functional
6841,non functional
6842,non functional
6843,non functional
6844,functional
6845,functional needs repair
6846,functional needs repair
6847,functional
6848,non functional
6849,functional
6850,functional
6851,functional needs repair
6852,functional needs repair
6853,non functional
6854,functional needs repair
6855,non functional
6856,functional needs repair
6857,functional needs repair
6858,non functional
6859,functional needs repair
6860,non functional
6861,non functional
6862,functional
6863,non functional
6864,functional needs repair
6865,functional needs repair
6866,functional needs repair
6867,non functional
6868,non functional
6869,functional needs repair
6870,non functional
6871,non functional
6872,non functional
6873,functional needs repair
6874,non functional
6875,non functional
6876,functional needs repair
6877,functional needs repair
6878,non functional
6879,non functional
6880,non functional
6881,functional needs repair
6882,functional
6883,functional needs repair
6884,functional needs repair
6885,functional needs repair
6886,non functional
6887,functional needs repair
6888,functional
6889,non functional
6890,non functional
6891,functional needs repair
6892,functional needs repair
6893,non functional
6894,functional needs repair
6895,functional needs repair
6896,non functional
6897,non functional
6898,functional needs repair
6899,functional
6900,non functional
6901,non functional
6902,non functional
6903,functional needs repair
6904,functional
6905,functional
6906,functional
6907,non functional
6908,non functional
6909,functional needs repair
6910,non functional
6911,functional needs repair
6912,functional needs repair
6913,non functional
6914,functional needs repair
6915,functional needs repair
6916,non functional
6917,functional
6918,functional needs repair
6919,functional needs repair
6920,functional needs repair
6921,non functional
6922,functional
6923,functional needs repair
6924,functional needs repair
6925,functional
6926,functional needs repair
6927,functional needs repair
6928,functional
6929,functional needs repair
6930,functional
6931,non functional
6932,non functional
6933,non functional
6934,functional
6935,non functional
6936,non functional
6937,functional needs repair
6938,functional needs repair
6939,functional
6940,functional needs repair
6941,non functional
6942,non functional
6943,non functional
6944,non functional
6945,non functional
6946,non functional
6947,non functional
6948,non functional
6949,functional needs repair
6950,functional needs repair
6951,functional
6952,non functional
6953,non functional
6954,non functional
6955,functional needs repair
6956,non functional
6957,functional
6958,functional needs repair
6959,functional needs repair
6960,functional
6961,non functional
6962,non functional
6963,functional needs repair
6964,functional needs repair
6965,functional
6966,non functional
6967,functional
6968,non functional
6969,non functional
6970,non functional
6971,functional needs repair
6972,non functional
6973,functional needs repair
6974,functional needs repair
6975,functional
6976,non functional
6977,functional
6978,functional
6979,functional needs repair
6980,functional
6981,non functional
6982,functional
6983,non functional
6984,functional
6985,functional needs repair
6986,non functional
6987,non functional
6988,functional
6989,non functional
6990,non functional
6991,non functional
6992,functional needs repair
6993,non functional
6994,functional needs repair
6995,functional
6996,functional needs repair
6997,functional needs repair
6998,functional needs repair
6999,functional needs repair
7000,non functional
7001,non functional
7002,non functional
7003,functional needs repair
7004,non functional
7005,functional
7006,functional needs repair
7007,non functional
7008,non functional
7009,functional needs repair
7010,functional
7011,functional needs repair
7012,functional
7013,non functional
7014,functional needs repair
7015,functional needs repair
7016,non functional
7017,non functional
7018,non functional
7019,functional needs repair
7020,non functional
7021,functional needs repair
7022,functional needs repair
7023,non functional
7024,non functional
7025,functional needs repair
7026,functional needs repair
7027,functional needs repair
7028,functional needs repair
7029,non functional
7030,non functional
7031,functional needs repair
7032,non functional
7033,non functional
7034,functional needs repair
7035,functional
7036,non functional
7037,functional needs repair
7038,non functional
7039,non functional
7040,functional
7041,functional
7042,functional needs repair
7043,functional needs repair
7044,non functional
7045,functional
7046,functional
7047,functional needs repair
7048,non functional
7049,functional needs repair
7050,functional needs repair
7051,functional
7052,non functional
7053,functional needs repair
7054,functional
7055,non functional
7056,non functional
7057,functional needs repair
7058,functional needs repair
7059,non functional
7060,functional needs repair
7061,functional
7062,functional needs repair
7063,non functional
7064,functional needs repair
7065,functional needs repair
7066,non functional
7067,non functional
7068,non functional
7069,non functional
7070,functional
7071,non functional
7072,non functional
7073,non functional
7074,non functional
7075,functional needs repair
7076,functional
7077,non functional
7078,non functional
7079,functional
7080,non functional
7081,functional needs repair
7082,functional
7083,non functional
7084,functional needs repair
7085,functional needs repair
7086,non functional
7087,non functional
7088,functional needs repair
7089,non functional
7090,non functional
7091,non functional
7092,functional needs repair
7093,non functional
7094,functional needs repair
7095,functional needs repair
7096,functional
7097,functional
7098,functional needs repair
7099,functional
7100,non functional
7101,non functional
7102,functional needs repair
7103,non functional
7104,non functional
7105,non functional
7106,functional
7107,functional needs repair
7108,functional needs repair
7109,non functional
7110,functional
7111,functional needs repair
7112,functional needs repair
7113,non functional
7114,functional needs repair
7115,non functional
7116,non functional
7117,functional needs repair
7118,non functional
7119,functional
7120,functional
7121,non functional
7122,functional needs repair
7123,non functional
7124,non functional
7125,functional needs repair
7126,functional
7127,functional needs repair
7128,non functional
7129,functional needs repair
7130,non functional
7131,non functional
7132,non functional
7133,functional needs repair
7134,functional needs repair
7135,functional needs repair
7136,functional
7137,functional
7138,functional needs repair
7139,functional needs repair
7140,non functional
7141,functional needs repair
7142,functional needs repair
7143,non functional
7144,non functional
7145,functional
7146,functional needs repair
7147,non functional
7148,functional needs repair
7149,non functional
7150,non functional
7151,non functional
7152,non functional
7153,non functional
7154,functional
7155,non functional
7156,functional needs repair
7157,non functional
7158,non functional
7159,functional needs repair
7160,non functional
7161,functional
7162,non functional
7163,functional needs repair
7164,functional needs repair
7165,functional
7166,functional
7167,non functional
7168,functional
7169,non functional
7170,functional needs repair
7171,non functional
7172,non functional
7173,functional needs repair
7174,functional needs repair
7175,non functional
7176,non functional
7177,functional needs repair
7178,functional
7179,functional needs repair
7180,non functional
7181,functional
7182,non functional
7183,functional
7184,functional needs repair
7185,functional needs repair
7186,non functional
7187,non functional
7188,non functional
7189,functional needs repair
7190,functional needs repair
7191,non functional
7192,non functional
7193,non functional
7194,non functional
7195,functional needs repair
7196,non functional
7197,functional needs repair
7198,functional
7199,functional
7200,functional
7201,functional
7202,non functional
7203,non functional
7204,non functional
7205,functional
7206,functional
7207,functional
7208,functional needs repair
7209,non functional
7210,non functional
7211,non functional
7212,functional needs repair
7213,functional needs repair
7214,functional
7215,functional
7216,non functional
7217,functional
7218,functional needs repair
7219,non functional
7220,functional needs repair
7221,non functional
7222,functional
7223,non functional
7224,non functional
7225,functional
7226,functional needs repair
7227,functional needs repair
7228,functional
7229,non functional
7230,non functional
7231,functional needs repair
7232,non functional
7233,functional needs repair
7234,functional needs repair
7235,functional needs repair
7236,functional
7237,non functional
7238,functional needs repair
7239,functional
7240,non functional
7241,functional
7242,functional needs repair
7243,functional needs repair
7244,functional needs repair
7245,functional needs repair
7246,functional
7247,functional needs repair
7248,non functional
7249,non functional
7250,functional needs repair
7251,non functional
7252,non functional
7253,non functional
7254,functional needs repair
7255,functional
7256,non functional
7257,functional
7258,non functional
7259,non functional
7260,non functional
7261,non functional
7262,functional needs repair
7263,functional needs repair
7264,non functional
7265,functional needs repair
7266,non functional
7267,non functional
7268,non functional
7269,functional needs repair
7270,non functional
7271,functional
7272,non functional
7273,non functional
7274,non functional
7275,functional
7276,functional needs repair
7277,functional needs repair
7278,functional
7279,functional needs repair
7280,non functional
7281,functional
7282,non functional
7283,functional needs repair
7284,functional needs repair
7285,non functional
7286,functional
7287,functional
7288,functional
7289,non functional
7290,functional needs repair
7291,functional
7292,non functional
7293,functional
7294,functional needs repair
7295,functional
7296,functional needs repair
7297,non functional
7298,functional needs repair
7299,non functional
7300,non functional
7301,non functional
7302,non functional
7303,non functional
7304,functional needs repair
7305,non functional
7306,functional
7307,functional needs repair
7308,functional needs repair
7309,non functional
7310,non functional
7311,non functional
7312,non functional
7313,functional needs repair
7314,functional needs repair
7315,functional needs repair
7316,functional needs repair
7317,functional needs repair
7318,non functional
7319,functional
7320,functional
7321,non functional
7322,non functional
7323,non functional
7324,functional needs repair
7325,non functional
7326,functional
7327,non functional
7328,functional needs repair
7329,functional
7330,non functional
7331,functional needs repair
7332,functional needs repair
7333,non functional
7334,non functional
7335,functional needs repair
7336,functional needs repair
7337,non functional
7338,functional
7339,functional needs repair
7340,functional needs repair
7341,functional needs repair
7342,non functional
7343,functional
7344,non functional
7345,non functional
7346,non functional
7347,non functional
7348,functional
7349,functional needs repair
7350,functional needs repair
7351,non functional
7352,functional needs repair
7353,functional needs repair
7354,functional needs repair
7355,functional
7356,non functional
7357,functional needs repair
7358,functional needs repair
7359,non functional
7360,non functional
7361,functional needs repair
7362,functional needs repair
7363,non functional
7364,non functional
7365,functional
7366,functional needs repair
7367,non functional
7368,non functional
7369,non functional
7370,non functional
7371,functional needs repair
7372,non functional
7373,functional needs repair
7374,functional needs repair
7375,functional needs repair
7376,non functional
7377,functional needs repair
7378,functional
7379,functional needs repair
7380,functional needs repair
7381,non functional
7382,functional needs repair
7383,non functional
7384,functional needs repair
7385,functional needs repair
7386,functional
7387,non functional
7388,functional needs repair
7389,non functional
7390,functional needs repair
7391,non functional
7392,functional needs repair
7393,functional
7394,non functional
7395,non functional
7396,functional needs repair
7397,non functional
7398,functional needs repair
7399,non functional
7400,functional
7401,functional needs repair
7402,functional
7403,functional
7404,non functional
7405,functional
7406,functional
7407,non functional
7408,functional needs repair
7409,functional needs repair
7410,functional needs repair
7411,functional needs repair
7412,non functional
7413,functional needs repair
7414,functional
7415,non functional
7416,functional
7417,non functional
7418,functional
7419,functional needs repair
7420,non functional
7421,non functional
7422,non functional
7423,non functional
7424,functional
7425,functional needs repair
7426,functional needs repair
7427,non functional
7428,non functional
7429,functional needs repair
7430,functional
7431,non functional
7432,non functional
7433,functional needs repair
7434,non functional
7435,non functional
7436,functional needs repair
7437,functional needs repair
7438,non functional
7439,functional
7440,functional
7441,functional
7442,functional
7443,functional
7444,non functional
7445,functional needs repair
7446,functional
7447,functional
7448,functional needs repair
7449,non functional
7450,functional needs repair
7451,non functional
7452,non functional
7453,non functional
7454,non functional
7455,non functional
7456,non functional
7457,functional needs repair
7458,functional needs repair
7459,functional needs repair
7460,functional needs repair
7461,functional needs repair
7462,functional needs repair
7463,functional
7464,functional
7465,functional needs repair
7466,functional needs repair
7467,functional needs repair
7468,non functional
7469,non functional
7470,functional needs repair
7471,non functional
7472,non functional
7473,functional
7474,functional
7475,functional needs repair
7476,non functional
7477,functional needs repair
7478,non functional
7479,non functional
7480,non functional
7481,functional
7482,functional needs repair
7483,non functional
7484,functional needs repair
7485,non functional
7486,functional needs repair
7487,non functional
7488,non functional
7489,non functional
7490,functional
7491,non functional
7492,non functional
7493,functional needs repair
7494,functional
7495,functional
7496,non functional
7497,functional
7498,functional needs repair
7499,non functional
7500,functional needs repair
7501,functional
7502,functional
7503,functional
7504,functional
7505,functional needs repair
7506,functional
7507,non functional
7508,functional needs repair
7509,functional needs repair
7510,functional needs repair
7511,non functional
7512,functional
7513,functional needs repair
7514,functional needs repair
7515,functional needs repair
7516,non functional
7517,non functional
7518,functional
7519,non functional
7520,functional needs repair
7521,functional needs repair
7522,non functional
7523,functional needs repair
7524,functional needs repair
7525,functional needs repair
7526,functional needs repair
7527,non functional
7528,non functional
7529,non functional
7530,functional needs repair
7531,non functional
7532,functional needs repair
7533,functional needs repair
7534,functional needs repair
7535,non functional
7536,functional needs repair
7537,functional needs repair
7538,non functional
7539,functional needs repair
7540,functional needs repair
7541,functional needs repair
7542,non functional
7543,non functional
7544,non functional
7545,functional
7546,functional needs repair
7547,non functional
7548,functional needs repair
7549,functional
7550,non functional
7551,functional needs repair
7552,non functional
7553,functional needs repair
7554,non functional
7555,functional needs repair
7556,non functional
7557,non functional
7558,functional needs repair
7559,functional needs repair
7560,functional needs repair
7561,non functional
7562,functional needs repair
7563,functional
7564,non functional
7565,functional
7566,non functional
7567,functional needs repair
7568,non functional
7569,functional needs repair
7570,functional needs repair
7571,functional needs repair
7572,non functional
7573,non functional
7574,non functional
7575,non functional
7576,functional needs repair
7577,non functional
7578,functional needs repair
7579,functional
7580,functional needs repair
7581,non functional
7582,functional needs repair
7583,functional needs repair
7584,functional
7585,functional needs repair
7586,non functional
7587,non functional
7588,functional needs repair
7589,functional needs repair
7590,non functional
7591,non functional
7592,non functional
7593,functional needs repair
7594,non functional
7595,non functional
7596,non functional
7597,non functional
7598,functional
7599,functional
7600,functional needs repair
7601,functional needs repair
7602,non functional
7603,functional
7604,functional needs repair
7605,functional needs repair
7606,functional needs repair
7607,non functional
7608,functional needs repair
7609,non functional
7610,functional needs repair
7611,non functional
7612,functional needs repair
7613,non functional
7614,non functional
7615,functional
7616,non functional
7617,functional
7618,non functional
7619,non functional
7620,functional needs repair
7621,functional needs repair
7622,functional needs repair
7623,non functional
7624,non functional
7625,non functional
7626,functional needs repair
7627,functional needs repair
7628,functional needs repair
7629,functional needs repair
7630,non functional
7631,functional needs repair
7632,functional
7633,non functional
7634,non functional
7635,functional needs repair
7636,functional
7637,non functional
7638,functional needs repair
7639,non functional
7640,functional needs repair
7641,functional needs repair
7642,functional
7643,non functional
7644,functional
7645,non functional
7646,non functional
7647,non functional
7648,non functional
7649,functional needs repair
7650,non functional
7651,functional needs repair
7652,functional needs repair
7653,functional needs repair
7654,functional needs repair
7655,non functional
7656,functional needs repair
7657,non functional
7658,non functional
7659,functional
7660,functional needs repair
7661,non functional
7662,non functional
7663,non functional
7664,non functional
7665,non functional
7666,non functional
7667,functional
7668,functional needs repair
7669,functional needs repair
7670,functional needs repair
7671,functional
7672,functional needs repair
7673,non functional
7674,functional
7675,functional
7676,non functional
7677,functional needs repair
7678,functional needs repair
7679,functional
7680,non functional
7681,non functional
7682,non functional
7683,functional needs repair
7684,functional
7685,functional needs repair
7686,functional
7687,functional
7688,functional
7689,functional
7690,non functional
7691,non functional
7692,functional needs repair
7693,functional needs repair
7694,non functional
7695,functional needs repair
7696,functional
7697,functional needs repair
7698,functional
7699,functional needs repair
7700,functional needs repair
7701,functional
7702,functional needs repair
7703,non functional
7704,functional needs repair
7705,non functional
7706,functional
7707,functional needs repair
7708,functional
7709,functional
7710,functional needs repair
7711,non functional
7712,non functional
7713,functional needs repair
7714,functional needs repair
7715,non functional
7716,non functional
7717,functional
7718,non functional
7719,non functional
7720,functional needs repair
7721,functional
7722,non functional
7723,functional needs repair
7724,non functional
7725,non functional
7726,non functional
7727,non functional
7728,functional needs repair
7729,non functional
7730,functional needs repair
7731,functional needs repair
7732,functional needs repair
7733,non functional
7734,non functional
7735,non functional
7736,non functional
7737,functional
7738,non functional
7739,functional
7740,non functional
7741,non functional
7742,non functional
7743,non functional
7744,non functional
7745,non functional
7746,functional
7747,functional needs repair
7748,functional needs repair
7749,non functional
7750,functional
7751,non functional
7752,functional needs repair
7753,functional needs repair
7754,non functional
7755,non functional
7756,functional needs repair
7757,functional needs repair
7758,functional needs repair
7759,non functional
7760,non functional
7761,non functional
7762,non functional
7763,functional needs repair
7764,non functional
7765,non functional
7766,functional
7767,functional needs repair
7768,functional
7769,functional needs repair
7770,non functional
7771,functional
7772,functional needs repair
7773,functional
7774,functional needs repair
7775,functional needs repair
7776,non functional
7777,non functional
7778,functional needs repair
7779,functional
7780,non functional
7781,non functional
7782,functional needs repair
7783,functional needs repair
7784,non functional
7785,functional needs repair
7786,functional needs repair
7787,non functional
7788,functional needs repair
7789,non functional
7790,functional needs repair
7791,functional
7792,non functional
7793,non functional
7794,functional
7795,functional
7796,functional needs repair
7797,non functional
7798,non functional
7799,non functional
7800,non functional
7801,functional needs repair
7802,non functional
7803,functional needs repair
7804,non functional
7805,non functional
7806,non functional
7807,functional needs repair
7808,non functional
7809,non functional
7810,non functional
7811,non functional
7812,non functional
7813,functional
7814,functional
7815,non functional
7816,non functional
7817,functional needs repair
7818,non functional
7819,functional
7820,functional
7821,functional needs repair
7822,functional
7823,functional needs repair
7824,non functional
7825,functional needs repair
7826,non functional
7827,non functional
7828,non functional
7829,functional
7830,non functional
7831,functional needs repair
7832,functional needs repair
7833,non functional
7834,functional needs repair
7835,functional
7836,functional needs repair
7837,functional needs repair
7838,functional needs repair
7839,non functional
7840,non functional
7841,functional needs repair
7842,non functional
7843,functional needs repair
7844,functional
7845,non functional
7846,functional
7847,non functional
7848,non functional
7849,functional
7850,non functional
7851,functional needs repair
7852,functional needs repair
7853,functional
7854,functional needs repair
7855,non functional
7856,functional needs repair
7857,functional needs repair
7858,non functional
7859,non functional
7860,functional needs repair
7861,functional
7862,functional needs repair
7863,functional needs repair
7864,functional needs repair
7865,functional
7866,functional needs repair
7867,functional needs repair
7868,non functional
7869,functional
7870,functional needs repair
7871,non functional
7872,non functional
7873,functional
7874,functional needs repair
7875,non functional
7876,non functional
7877,functional needs repair
7878,non functional
7879,non functional
7880,functional needs repair
7881,functional needs repair
7882,non functional
7883,non functional
7884,functional needs repair
7885,non functional
7886,functional
7887,non functional
7888,functional needs repair
7889,functional
7890,functional needs repair
7891,functional
7892,non functional
7893,non functional
7894,non functional
7895,functional needs repair
7896,non functional
7897,non functional
7898,functional needs repair
7899,non functional
7900,functional
7901,functional needs repair
7902,functional
7903,non functional
7904,non functional
7905,functional needs repair
7906,non functional
7907,functional needs repair
7908,functional needs repair
7909,functional needs repair
7910,non functional
7911,non functional
7912,functional needs repair
7913,functional needs repair
7914,functional
7915,functional needs repair
7916,functional needs repair
7917,functional needs repair
7918,functional needs repair
7919,non functional
7920,non functional
7921,functional
7922,functional needs repair
7923,functional needs repair
7924,functional
7925,functional needs repair
7926,non functional
7927,functional needs repair
7928,functional needs repair
7929,non functional
7930,functional needs repair
7931,non functional
7932,functional
7933,functional needs repair
7934,functional needs repair
7935,functional needs repair
7936,non functional
7937,non functional
7938,functional
7939,functional needs repair
7940,functional
7941,non functional
7942,non functional
7943,functional needs repair
7944,functional needs repair
7945,functional needs repair
7946,functional
7947,non functional
7948,non functional
7949,functional needs repair
7950,functional
7951,non functional
7952,functional
7953,functional
7954,functional needs repair
7955,functional needs repair
7956,functional needs repair
7957,non functional
7958,functional
7959,functional needs repair
7960,non functional
7961,functional needs repair
7962,non functional
7963,non functional
7964,functional
7965,functional needs repair
7966,non functional
7967,functional needs repair
7968,functional
7969,functional
7970,functional needs repair
7971,functional needs repair
7972,functional needs repair
7973,functional needs repair
7974,non functional
7975,non functional
7976,functional
7977,non functional
7978,functional needs repair
7979,functional needs repair
7980,non functional
7981,non functional
7982,functional
7983,non functional
7984,non functional
7985,non functional
7986,functional needs repair
7987,non functional
7988,functional needs repair
7989,functional needs repair
7990,non functional
7991,functional needs repair
7992,non functional
7993,non functional
7994,non functional
7995,functional needs repair
7996,non functional
7997,non functional
7998,non functional
7999,non functional
8000,functional needs repair
